time,actual_mw,physics_mw,final_forecast_mw
2024-01-01 00:30:00+00:00,2.7941252007504542,3.075,2.915905070304871
2024-01-01 01:30:00+00:00,2.982234430569078,3.075,2.9243548631668093
2024-01-01 02:30:00+00:00,2.9210683317164152,3.075,2.9200735807418825
2024-01-01 03:30:00+00:00,2.9152623753313645,3.075,2.917704072594643
2024-01-01 04:30:00+00:00,2.9266762857402084,3.075,2.9231324315071108
2024-01-01 05:30:00+00:00,3.0447881792916234,3.075,2.919321072101593
2024-01-01 06:30:00+00:00,2.9382093406324437,3.075,2.9179131358861925
2024-01-01 07:30:00+00:00,2.9805447206261393,3.075,2.8961299031972887
2024-01-01 08:30:00+00:00,2.734414773417458,3.075,2.872944650053978
2024-01-01 09:30:00+00:00,2.8209040343132123,3.075,2.8480816900730135
2024-01-01 10:30:00+00:00,2.7726975761534725,3.075,2.83385783135891
2024-01-01 11:30:00+00:00,2.886566118148684,3.075,2.8295258402824404
2024-01-01 12:30:00+00:00,2.8566251972167067,3.075,2.828259986639023
2024-01-01 13:30:00+00:00,0.0,0.0,0.0
2024-01-01 14:30:00+00:00,0.0,0.0,0.0
2024-01-01 15:30:00+00:00,0.0,0.0,0.0
2024-01-01 16:30:00+00:00,0.0,0.0,0.0
2024-01-01 17:30:00+00:00,0.0,0.0,0.0
2024-01-01 18:30:00+00:00,0.0,0.0,0.0
2024-01-01 19:30:00+00:00,0.0,0.0,0.0
2024-01-01 20:30:00+00:00,0.0,0.0,0.002721759956330061
2024-01-01 21:30:00+00:00,0.0,0.0,0.0
2024-01-01 22:30:00+00:00,2.9092158832628523,3.075,2.919483405351639
2024-01-01 23:30:00+00:00,2.8793890511421782,3.075,2.917427656054497
2024-01-02 00:30:00+00:00,2.901679004290426,3.075,2.92244568169117
2024-01-02 01:30:00+00:00,2.8903133778718595,3.075,2.9191523611545565
2024-01-02 02:30:00+00:00,2.929931866824457,3.075,2.9209692001342775
2024-01-02 03:30:00+00:00,3.0891813336151226,3.075,2.9208220660686495
2024-01-02 04:30:00+00:00,2.879639696547417,3.075,2.92049517929554
2024-01-02 05:30:00+00:00,2.906177721381606,3.0661104,2.9080568528560637
2024-01-02 06:30:00+00:00,2.9131552127440132,3.0746998100000003,2.9223693667369464
2024-01-02 07:30:00+00:00,2.762008796814508,3.075,2.9007348984479906
2024-01-02 08:30:00+00:00,2.853189228673204,3.075,2.876742881536484
2024-01-02 09:30:00+00:00,2.9055221567960783,3.075,2.8505105644464495
2024-01-02 10:30:00+00:00,2.7990519617524083,3.075,2.8414460986852648
2024-01-02 11:30:00+00:00,2.8268813333932448,3.075,2.833783146739006
2024-01-02 12:30:00+00:00,2.7603632514409253,3.075,2.8345404088497164
2024-01-02 13:30:00+00:00,2.86884182203593,3.075,2.82975512444973
2024-01-02 14:30:00+00:00,2.8914798456324724,3.075,2.83930581510067
2024-01-02 15:30:00+00:00,0.0,0.0,0.0
2024-01-02 16:30:00+00:00,0.0,0.0,0.0
2024-01-02 17:30:00+00:00,2.9242901719673244,3.075,2.900048163533211
2024-01-02 18:30:00+00:00,2.82348573803163,3.075,2.919659581780434
2024-01-02 19:30:00+00:00,2.9659476151708017,3.075,2.920904886722565
2024-01-02 20:30:00+00:00,3.004698961437534,3.075,2.9175689190626146
2024-01-02 21:30:00+00:00,2.953723845318727,3.075,2.918507006764412
2024-01-02 22:30:00+00:00,2.9077014441322935,3.075,2.9184351533651354
2024-01-02 23:30:00+00:00,2.9671305255633103,3.075,2.916919705271721
2024-01-03 00:30:00+00:00,2.9168417896824086,3.075,2.9222928404808046
2024-01-03 01:30:00+00:00,2.905791561016749,3.075,2.9216448336839678
2024-01-03 02:30:00+00:00,2.921143798156706,3.075,2.921409872174263
2024-01-03 03:30:00+00:00,2.918774786662443,3.0666251200000003,2.9164519774476245
2024-01-03 04:30:00+00:00,0.807794550131135,0.8830995455999999,0.8378567703684001
2024-01-03 05:30:00+00:00,1.499067523239588,1.5838558440000001,1.502985670128483
2024-01-03 06:30:00+00:00,2.776476220620818,2.87474076,2.737281079561958
2024-01-03 07:30:00+00:00,2.8509650526290766,3.075,2.896456477046013
2024-01-03 08:30:00+00:00,2.8788156755851766,3.075,2.873218235373497
2024-01-03 09:30:00+00:00,2.851625530542885,3.075,2.8583844125270845
2024-01-03 10:30:00+00:00,2.779033562234495,3.075,2.843327429890633
2024-01-03 11:30:00+00:00,2.7496433553873967,3.075,2.831644427776337
2024-01-03 12:30:00+00:00,2.8137536798929057,2.98451592,2.7471714165972902
2024-01-03 13:30:00+00:00,1.8324693500370266,2.0673574600000006,1.9090922716636283
2024-01-03 14:30:00+00:00,1.528576392111491,1.6519526930000004,1.5316802503015217
2024-01-03 15:30:00+00:00,1.5046754466250853,1.6180282260000003,1.5063156063377154
2024-01-03 16:30:00+00:00,2.9372368666721353,3.075,2.873148050904274
2024-01-03 17:30:00+00:00,2.8514517110322624,3.075,2.901102763414383
2024-01-03 18:30:00+00:00,3.0086859948844697,3.075,2.914397415518761
2024-01-03 19:30:00+00:00,2.888138535615764,3.075,2.9192965149879457
2024-01-03 20:30:00+00:00,2.819693315530526,3.075,2.9188588678836824
2024-01-03 21:30:00+00:00,2.940600661635573,3.075,2.9209771275520326
2024-01-03 22:30:00+00:00,2.8547176524008258,3.075,2.9204025238752367
2024-01-03 23:30:00+00:00,2.9162104872630987,3.075,2.9170502692461016
2024-01-04 00:30:00+00:00,3.006868525075319,3.075,2.929963466525078
2024-01-04 01:30:00+00:00,2.9138861128129454,3.075,2.9220622897148134
2024-01-04 02:30:00+00:00,2.9326472244868964,3.075,2.9226089388132097
2024-01-04 03:30:00+00:00,2.8661179104940073,3.075,2.921058338880539
2024-01-04 04:30:00+00:00,2.9399555133251383,3.071197568,2.912574096143883
2024-01-04 05:30:00+00:00,2.889887516067272,3.07427694,2.92413370407814
2024-01-04 06:30:00+00:00,2.9861748538032393,3.075,2.9265060842037203
2024-01-04 07:30:00+00:00,2.870961894919364,3.075,2.90062230527401
2024-01-04 08:30:00+00:00,2.8736631293351493,3.075,2.877062600851059
2024-01-04 09:30:00+00:00,2.8638611978590527,3.075,2.859020259976387
2024-01-04 10:30:00+00:00,2.839447366256991,3.075,2.8437347233295442
2024-01-04 11:30:00+00:00,2.8501246539270375,3.075,2.833131414651871
2024-01-04 12:30:00+00:00,2.820292174811934,3.075,2.8368088871240618
2024-01-04 13:30:00+00:00,2.844259790343054,3.075,2.8318168938159944
2024-01-04 14:30:00+00:00,2.9004036947290532,3.074135208,2.8414726196420745
2024-01-04 15:30:00+00:00,2.935737034775236,3.075,2.8618936061859133
2024-01-04 16:30:00+00:00,2.9055251466110974,3.075,2.877133917808533
2024-01-04 17:30:00+00:00,2.9168769268580665,3.075,2.8991331279277803
2024-01-04 18:30:00+00:00,3.106036106024564,3.075,2.9198241204023363
2024-01-04 19:30:00+00:00,2.9200620580473666,3.075,2.917925786972046
2024-01-04 20:30:00+00:00,2.785765881492042,3.075,2.920406711101532
2024-01-04 21:30:00+00:00,2.878817418093302,3.075,2.9187674641609194
2024-01-04 22:30:00+00:00,2.9317927429452304,3.075,2.9203648686409
2024-01-04 23:30:00+00:00,2.9713911868253837,3.075,2.9200777381658556
2024-01-05 00:30:00+00:00,3.025678014191858,3.075,2.9220530062913896
2024-01-05 01:30:00+00:00,2.8666015234527573,3.075,2.922254648804665
2024-01-05 02:30:00+00:00,2.895087027725706,3.075,2.925753873586655
2024-01-05 03:30:00+00:00,2.9972007855270575,3.075,2.919875454902649
2024-01-05 04:30:00+00:00,2.803937689101594,3.01260766,2.854077126686249
2024-01-05 05:30:00+00:00,2.3761957258723254,2.5462648,2.416378753948021
2024-01-05 06:30:00+00:00,2.960975041576577,3.073379424,2.9228815106394044
2024-01-05 07:30:00+00:00,2.915326677282501,3.075,2.9016226798295977
2024-01-05 08:30:00+00:00,2.8597599792477086,3.075,2.8760580986738207
2024-01-05 09:30:00+00:00,2.8220198705357644,3.075,2.85840020775795
2024-01-05 10:30:00+00:00,2.9086840129036973,3.075,2.841881048679352
2024-01-05 11:30:00+00:00,2.797276697250023,3.075,2.833668810129166
2024-01-05 12:30:00+00:00,2.8253590412279954,3.075,2.832473409175873
2024-01-05 13:30:00+00:00,2.7638263309116615,3.075,2.837918218970299
2024-01-05 14:30:00+00:00,2.793447313672059,3.07389132,2.8367032638886642
2024-01-05 15:30:00+00:00,2.8458812955499933,3.0679059840000003,2.854440800026688
2024-01-05 16:30:00+00:00,2.8187416530236544,3.075,2.8811200976371767
2024-01-05 17:30:00+00:00,2.9902070005702517,3.075,2.8923056691884996
2024-01-05 18:30:00+00:00,2.9442642737422626,3.075,2.916640651226044
2024-01-05 19:30:00+00:00,2.9810763552563,3.075,2.9170880138874056
2024-01-05 20:30:00+00:00,2.95540770636079,3.075,2.9196657955646517
2024-01-05 21:30:00+00:00,2.9561571701191434,3.075,2.918473479151726
2024-01-05 22:30:00+00:00,2.998910706598445,3.075,2.9202390134334566
2024-01-05 23:30:00+00:00,2.8626540044824083,3.075,2.916627582907677
2024-01-06 00:30:00+00:00,2.875069657772313,3.075,2.9192223072052004
2024-01-06 01:30:00+00:00,2.9585780229004404,3.075,2.9258415669202806
2024-01-06 02:30:00+00:00,3.0636340655769656,3.075,2.9217870056629183
2024-01-06 03:30:00+00:00,2.952315382469978,3.075,2.919318360090256
2024-01-06 04:30:00+00:00,2.9219722548260934,3.0726153760000003,2.9227624743028415
2024-01-06 05:30:00+00:00,2.837798212797898,3.075,2.9264130711555483
2024-01-06 06:30:00+00:00,2.955930541863995,3.075,2.9144694328308107
2024-01-06 07:30:00+00:00,2.8372052056486883,3.075,2.8885077953338625
2024-01-06 08:30:00+00:00,2.9061712286104915,3.075,2.8746783405542375
2024-01-06 09:30:00+00:00,2.821043443931055,3.075,2.852927577495575
2024-01-06 10:30:00+00:00,2.791691110895761,3.075,2.837823596596718
2024-01-06 11:30:00+00:00,2.7965670160021094,3.075,2.8330913156270983
2024-01-06 12:30:00+00:00,2.8878633482293834,3.075,2.8332598477602007
2024-01-06 13:30:00+00:00,2.8545021670564283,3.075,2.8311295032501222
2024-01-06 14:30:00+00:00,2.805247132756998,3.075,2.83740673661232
2024-01-06 15:30:00+00:00,2.9531897403877365,3.075,2.8574679613113405
2024-01-06 16:30:00+00:00,0.0,0.0,0.000882831693161279
2024-01-06 17:30:00+00:00,0.0,0.0,0.000458706432254985
2024-01-06 18:30:00+00:00,0.0,0.0,0.0
2024-01-06 19:30:00+00:00,0.0,0.0,0.0
2024-01-06 20:30:00+00:00,0.0,0.0,0.0
2024-01-06 21:30:00+00:00,0.0,0.0,0.0
2024-01-06 22:30:00+00:00,0.0,0.0,0.0
2024-01-06 23:30:00+00:00,0.0,0.0,0.0001827484229579568
2024-01-07 00:30:00+00:00,0.0,0.0,1.6061032511061057e-05
2024-01-07 01:30:00+00:00,0.0,0.0,1.6061032511061057e-05
2024-01-07 02:30:00+00:00,2.9172788294263152,3.075,2.9172254323959352
2024-01-07 03:30:00+00:00,2.8640196612846696,3.075,2.916599211096764
2024-01-07 04:30:00+00:00,3.0623035068320537,3.075,2.929755237698555
2024-01-07 05:30:00+00:00,2.8883400080671215,3.075,2.9196563184261324
2024-01-07 06:30:00+00:00,2.956489317882253,3.075,2.924310487508774
2024-01-07 07:30:00+00:00,2.850687779136309,3.075,2.8950301975011827
2024-01-07 08:30:00+00:00,2.7652744100602336,3.075,2.8745041459798815
2024-01-07 09:30:00+00:00,2.9278631255593432,3.075,2.850550797581673
2024-01-07 10:30:00+00:00,2.78857655117981,3.075,2.8364815384149553
2024-01-07 11:30:00+00:00,2.868971637380877,3.075,2.828017470240593
2024-01-07 12:30:00+00:00,2.9440930427583667,3.075,2.828763347864151
2024-01-07 13:30:00+00:00,0.0,0.0,0.0
2024-01-07 14:30:00+00:00,0.0,0.0,0.0
2024-01-07 15:30:00+00:00,0.0,0.0,0.0
2024-01-07 16:30:00+00:00,0.0,0.0,0.0
2024-01-07 17:30:00+00:00,0.0,0.0,0.0
2024-01-07 18:30:00+00:00,0.0,0.0,0.0
2024-01-07 19:30:00+00:00,0.0,0.0,0.0
2024-01-07 20:30:00+00:00,0.0,0.0,0.0
2024-01-07 21:30:00+00:00,0.0,0.0,0.0
2024-01-07 22:30:00+00:00,0.0,0.0,0.0
2024-01-07 23:30:00+00:00,2.882475142883331,3.075,2.9191748321056368
2024-01-08 00:30:00+00:00,2.9168296053302742,3.075,2.924254459142685
2024-01-08 01:30:00+00:00,2.865659561397439,3.075,2.921743479371071
2024-01-08 02:30:00+00:00,2.905972650026482,3.075,2.923520264029503
2024-01-08 03:30:00+00:00,2.87887903125996,3.075,2.918755304813385
2024-01-08 04:30:00+00:00,2.9203436004206584,3.075,2.9226173877716066
2024-01-08 05:30:00+00:00,2.9038081648407683,3.075,2.9200728207826616
2024-01-08 06:30:00+00:00,2.9482871632113814,3.0443992,2.887115521349144
2024-01-08 07:30:00+00:00,2.875590415742784,3.075,2.8986934244632723
2024-01-08 08:30:00+00:00,2.886509885123263,3.075,2.8770044416189196
2024-01-08 09:30:00+00:00,2.8258883199277,3.075,2.855118688941002
2024-01-08 10:30:00+00:00,2.914076019942796,3.075,2.8410111486911775
2024-01-08 11:30:00+00:00,2.746094416603711,3.075,2.831833150982857
2024-01-08 12:30:00+00:00,0.0,0.0,0.0
2024-01-08 13:30:00+00:00,0.0,0.0,0.0
2024-01-08 14:30:00+00:00,0.0,0.0,0.0003169084375258535
2024-01-08 15:30:00+00:00,0.0,0.0,0.0
2024-01-08 16:30:00+00:00,0.0,0.0,0.0
2024-01-08 17:30:00+00:00,0.0,0.0,0.0
2024-01-08 18:30:00+00:00,0.0,0.0,0.0002479305549059063
2024-01-08 19:30:00+00:00,0.0,0.0,0.0
2024-01-08 20:30:00+00:00,0.0,0.0,0.0
2024-01-08 21:30:00+00:00,0.0,0.0,0.0
2024-01-08 22:30:00+00:00,0.0,0.0,0.00018034392269328237
2024-01-08 23:30:00+00:00,0.0,0.0,0.0007955944165587425
2024-01-09 00:30:00+00:00,0.0,0.0,1.6061032511061057e-05
2024-01-09 01:30:00+00:00,0.0,0.0,0.00014300053589977324
2024-01-09 02:30:00+00:00,0.0,0.0,0.00019292131764814258
2024-01-09 03:30:00+00:00,0.0,0.0,0.0019402027828618884
2024-01-09 04:30:00+00:00,0.0,0.0,0.006066156085580587
2024-01-09 05:30:00+00:00,0.0,0.0,0.0
2024-01-09 06:30:00+00:00,0.0,0.0,0.0
2024-01-09 07:30:00+00:00,0.0,0.0,0.0
2024-01-09 08:30:00+00:00,0.0,0.0,0.0
2024-01-09 09:30:00+00:00,0.0,0.0,0.0
2024-01-09 10:30:00+00:00,0.0,0.0,0.0
2024-01-09 11:30:00+00:00,0.0,0.0,0.0006192410946823657
2024-01-09 12:30:00+00:00,0.0,0.0,0.0
2024-01-09 13:30:00+00:00,0.0,0.0,0.0027626585215330124
2024-01-09 14:30:00+00:00,0.0,0.0,0.0
2024-01-09 15:30:00+00:00,0.0,0.0,0.0022984181996434927
2024-01-09 16:30:00+00:00,0.0,0.0,0.0
2024-01-09 17:30:00+00:00,0.0,0.0,0.0027844232972711325
2024-01-09 18:30:00+00:00,0.0,0.0,0.00010567459685262293
2024-01-09 19:30:00+00:00,0.0,0.0,0.00026267138309776783
2024-01-09 20:30:00+00:00,0.0,0.0,8.581108704674989e-05
2024-01-09 21:30:00+00:00,0.0,0.0,8.581108704674989e-05
2024-01-09 22:30:00+00:00,0.0,0.0,3.58902761945501e-05
2024-01-09 23:30:00+00:00,0.0,0.0,0.0
2024-01-10 00:30:00+00:00,0.0,0.0,0.0
2024-01-10 01:30:00+00:00,0.0,0.0,0.00014300053589977324
2024-01-10 02:30:00+00:00,0.0,0.0,0.00014300053589977324
2024-01-10 03:30:00+00:00,0.0,0.0,0.0
2024-01-10 04:30:00+00:00,2.7709316502859123,3.075,2.921899121999741
2024-01-10 05:30:00+00:00,2.8505666757163266,3.075,2.921899121999741
2024-01-10 06:30:00+00:00,2.9619122048067767,3.075,2.9197121381759645
2024-01-10 07:30:00+00:00,0.0,0.0,0.0
2024-01-10 08:30:00+00:00,0.0,0.0,0.0
2024-01-10 09:30:00+00:00,0.0,0.0,0.0
2024-01-10 10:30:00+00:00,2.901660603962774,3.075,2.8397942006587984
2024-01-10 11:30:00+00:00,2.7071876806336133,3.075,2.8318984776735308
2024-01-10 12:30:00+00:00,2.9042840193740607,3.075,2.8250500082969667
2024-01-10 13:30:00+00:00,2.790310556319723,3.075,2.828241062164307
2024-01-10 14:30:00+00:00,2.895615781203447,3.075,2.8387960463762285
2024-01-10 15:30:00+00:00,2.8319878373043514,3.075,2.8593863368034365
2024-01-10 16:30:00+00:00,2.8871738091088877,3.075,2.8741375625133516
2024-01-10 17:30:00+00:00,2.977478378364221,3.075,2.89814470410347
2024-01-10 18:30:00+00:00,3.0734527552957567,3.075,2.9206929177045824
2024-01-10 19:30:00+00:00,2.866782972433762,3.075,2.9206929177045824
2024-01-10 20:30:00+00:00,2.9556490682649774,3.075,2.9199879437685015
2024-01-10 21:30:00+00:00,2.9126922884881217,3.075,2.9234004735946657
2024-01-10 22:30:00+00:00,2.8105378512186117,3.075,2.929981988668442
2024-01-10 23:30:00+00:00,2.882887441760157,3.075,2.9297015339136125
2024-01-11 00:30:00+00:00,3.099482863424411,3.075,2.923409250378609
2024-01-11 01:30:00+00:00,2.9965696470610035,3.075,2.926593926548958
2024-01-11 02:30:00+00:00,3.0344866873900522,3.075,2.9299854010343553
2024-01-11 03:30:00+00:00,2.972521354504528,3.075,2.9211141139268877
2024-01-11 04:30:00+00:00,2.8878726962521757,3.02262542,2.900460149850292
2024-01-11 05:30:00+00:00,1.4849448196309936,1.6519526930000004,1.5765455902959522
2024-01-11 06:30:00+00:00,2.7613695626831953,2.96963028,2.8332144408047486
2024-01-11 07:30:00+00:00,2.8739382797021875,3.073379424,2.9015967813970795
2024-01-11 08:30:00+00:00,2.84782871241621,3.075,2.8714625507593157
2024-01-11 09:30:00+00:00,2.826801395927779,3.075,2.8545259058475496
2024-01-11 10:30:00+00:00,2.9491268353696065,3.075,2.841533970832825
2024-01-11 11:30:00+00:00,2.9188202950898905,3.075,2.830092039704323
2024-01-11 12:30:00+00:00,2.798901492607514,3.072698456,2.827966001580864
2024-01-11 13:30:00+00:00,2.4699474900081055,2.6820340560000004,2.4693058536570134
2024-01-11 14:30:00+00:00,2.676812637272888,2.9159996399999994,2.6859448591591257
2024-01-11 15:30:00+00:00,2.7520740139655935,3.069178512,2.852434759639656
2024-01-11 16:30:00+00:00,2.9176838558659646,3.075,2.8777560710906984
2024-01-11 17:30:00+00:00,2.920103194980013,3.075,2.9008972615003588
2024-01-11 18:30:00+00:00,2.9060725138438017,3.075,2.923361223936081
2024-01-11 19:30:00+00:00,3.0101717908419645,3.0589867280000003,2.90125403265889
2024-01-11 20:30:00+00:00,2.9875198675943935,3.0501667379999997,2.8794281005526425
2024-01-11 21:30:00+00:00,2.8162634103134097,3.052071526,2.883856161782242
2024-01-11 22:30:00+00:00,2.9389790137830754,3.074619528,2.9382601940079955
2024-01-11 23:30:00+00:00,2.9514024979146676,3.075,2.922502961754799
2024-01-12 00:30:00+00:00,2.0005037442477303,2.116543156,2.0090226576646386
2024-01-12 01:30:00+00:00,0.7155460746671894,0.727632768,0.6938715796121292
2024-01-12 02:30:00+00:00,0.10376913752578384,0.1085297224,0.10516287767141094
2024-01-12 03:30:00+00:00,0.0,0.0,0.00019503640942275524
2024-01-12 04:30:00+00:00,0.0,0.0,0.0
2024-01-12 05:30:00+00:00,0.0,0.0,0.0
2024-01-12 06:30:00+00:00,1.6963074550872161,1.7559694000000003,1.6491286181324962
2024-01-12 07:30:00+00:00,2.9243503147946606,3.0735848,2.9222319623182296
2024-01-12 08:30:00+00:00,2.904942243270707,3.075,2.885101851820946
2024-01-12 09:30:00+00:00,2.7913473579616195,3.075,2.8535071432590486
2024-01-12 10:30:00+00:00,2.884301708578896,3.069178528,2.8303168479691774
2024-01-12 11:30:00+00:00,2.391677706495997,2.782609232,2.566823445490486
2024-01-12 12:30:00+00:00,1.7726316068037609,1.9585766560000002,1.79924743534742
2024-01-12 13:30:00+00:00,0.712502092197594,0.7655114112,0.7077918527225983
2024-01-12 14:30:00+00:00,0.3598470864484796,0.39459990640000003,0.36340637621298927
2024-01-12 15:30:00+00:00,0.1485493096377719,0.1624811384,0.150476503103238
2024-01-12 16:30:00+00:00,0.0,0.0,0.0011179944267496467
2024-01-12 17:30:00+00:00,0.0,0.0,0.0
2024-01-12 18:30:00+00:00,0.17540079821045562,0.18091609359999997,0.1715788397314201
2024-01-12 19:30:00+00:00,0.8014693540667972,0.8541953279999999,0.8085774272112158
2024-01-12 20:30:00+00:00,1.4752092426027552,1.5494297299999997,1.471327037038307
2024-01-12 21:30:00+00:00,2.90344518461122,3.075,2.9212187200784685
2024-01-12 22:30:00+00:00,2.906267480077753,3.0740337280000003,2.918840965386704
2024-01-12 23:30:00+00:00,2.9061138778916433,3.0602326719999997,2.9005069463492124
2024-01-13 00:30:00+00:00,2.798402617599608,3.0735848,2.9152818819234847
2024-01-13 01:30:00+00:00,2.9572307253577743,3.075,2.920352366566658
2024-01-13 02:30:00+00:00,2.969812896854852,3.075,2.9176798433065416
2024-01-13 03:30:00+00:00,2.92669165860744,3.075,2.9171504944562914
2024-01-13 04:30:00+00:00,2.8351746836597855,3.068585712,2.9155968162261123
2024-01-13 05:30:00+00:00,0.5691327774959913,0.599568754,0.5695028561478176
2024-01-13 06:30:00+00:00,2.114512056664262,2.2224562359999998,2.108917628045021
2024-01-13 07:30:00+00:00,2.9315482291737074,3.075,2.9120979577302935
2024-01-13 08:30:00+00:00,2.9043588120082355,3.07427694,2.8731039772152327
2024-01-13 09:30:00+00:00,2.7715349241515557,3.054388538,2.831560775634659
2024-01-13 10:30:00+00:00,2.834775956690631,3.063744252,2.8251390656568067
2024-01-13 11:30:00+00:00,2.787857213329001,3.043744612,2.800785723588478
2024-01-13 12:30:00+00:00,2.8719297013090648,3.075,2.834544685482979
2024-01-13 13:30:00+00:00,2.7843660709597784,3.075,2.833770823478699
2024-01-13 14:30:00+00:00,2.7661351126832496,3.075,2.849027451872826
2024-01-13 15:30:00+00:00,2.9130657555753627,3.075,2.863752168416977
2024-01-13 16:30:00+00:00,2.9306146667499084,3.075,2.8777695864439012
2024-01-13 17:30:00+00:00,2.949304650925031,3.075,2.9032750844955446
2024-01-13 18:30:00+00:00,2.84709602168574,3.063744252,2.9100928207971113
2024-01-13 19:30:00+00:00,1.4469785796643153,1.4929317020000001,1.4214290313542863
2024-01-13 20:30:00+00:00,2.941349301876528,3.07389132,2.9254629991152954
2024-01-13 21:30:00+00:00,2.9817951235324314,3.075,2.9285865098237993
2024-01-13 22:30:00+00:00,2.817207120003875,3.075,2.9160544097423555
2024-01-13 23:30:00+00:00,2.953947083549306,3.075,2.9209185510873796
2024-01-14 00:30:00+00:00,2.8189608344799937,3.075,2.923744809627533
2024-01-14 01:30:00+00:00,2.9228816075903015,3.075,2.9207937985658647
2024-01-14 02:30:00+00:00,2.9515994521261493,3.075,2.920894426107407
2024-01-14 03:30:00+00:00,2.8721186948717343,3.075,2.913242366909981
2024-01-14 04:30:00+00:00,2.923664776289938,3.075,2.9226485013961794
2024-01-14 05:30:00+00:00,2.8344744205863566,3.0749399,2.928434246141815
2024-01-14 06:30:00+00:00,2.9328031442749496,3.073152536,2.925199174727188
2024-01-14 07:30:00+00:00,2.919617808280395,3.069178512,2.8987024330128786
2024-01-14 08:30:00+00:00,2.9021255917039652,3.073911686,2.8751840037671434
2024-01-14 09:30:00+00:00,2.770156311111926,3.0645665720000004,2.8405362859263157
2024-01-14 10:30:00+00:00,2.755583981404574,2.998451948,2.769018858505295
2024-01-14 11:30:00+00:00,2.843339190371926,3.038496308,2.80272086706868
2024-01-14 12:30:00+00:00,2.8395070524479507,2.993018276,2.758164933824516
2024-01-14 13:30:00+00:00,2.001331731535931,2.1829599999999996,2.0093422793960567
2024-01-14 14:30:00+00:00,0.22893288747172974,0.24282688299999994,0.2272568626968698
2024-01-14 15:30:00+00:00,1.056524756263258,1.09581324,1.0212012632572556
2024-01-14 16:30:00+00:00,2.808169202571904,3.075,2.8768200397491457
2024-01-14 17:30:00+00:00,0.0,0.0,0.0
2024-01-14 18:30:00+00:00,0.0,0.0,0.0007796780555509031
2024-01-14 19:30:00+00:00,0.0,0.0,0.00036390809691511095
2024-01-14 20:30:00+00:00,0.0,0.0,0.0
2024-01-14 21:30:00+00:00,0.0,0.0,0.0
2024-01-14 22:30:00+00:00,0.0,0.0,0.0
2024-01-14 23:30:00+00:00,2.9394929263109186,3.075,2.9159643918275835
2024-01-15 00:30:00+00:00,2.7860004833949907,3.075,2.91776257455349
2024-01-15 01:30:00+00:00,2.9331106348844576,3.075,2.9232197523117067
2024-01-15 02:30:00+00:00,2.999511368228922,3.075,2.9256927937269213
2024-01-15 03:30:00+00:00,1.7830250492904434,1.8888058000000005,1.7937967859895712
2024-01-15 04:30:00+00:00,0.0,0.0,0.0
2024-01-15 05:30:00+00:00,0.0,0.0,0.0
2024-01-15 06:30:00+00:00,0.0,0.0,0.0
2024-01-15 07:30:00+00:00,0.0,0.0,0.0
2024-01-15 08:30:00+00:00,0.14010415551364855,0.14590397279999995,0.13505210344038748
2024-01-15 09:30:00+00:00,0.5958339632124781,0.6539615280000001,0.6017982884315282
2024-01-15 10:30:00+00:00,1.6987216028607668,1.8888058000000005,1.739556037703324
2024-01-15 11:30:00+00:00,2.214184441976969,2.3879776,2.204926699302292
2024-01-15 12:30:00+00:00,2.774854878986049,3.0749399,2.8333472692560195
2024-01-15 13:30:00+00:00,1.3970907952358511,1.5494297299999997,1.4301600683946416
2024-01-15 14:30:00+00:00,2.63085340118421,2.782609232,2.5755199866806335
2024-01-15 15:30:00+00:00,2.76555006780075,3.075,2.861531150341034
2024-01-15 16:30:00+00:00,2.8548718094835404,3.075,2.878814083337784
2024-01-15 17:30:00+00:00,3.030493865440392,3.075,2.8963808089494707
2024-01-15 18:30:00+00:00,2.9080337921294,3.073911686,2.9198119384614336
2024-01-15 19:30:00+00:00,2.955625334094319,3.075,2.925399434566498
2024-01-15 20:30:00+00:00,2.89382731868906,3.075,2.921511080861092
2024-01-15 21:30:00+00:00,2.9606163357366557,3.075,2.9312334775924684
2024-01-15 22:30:00+00:00,2.9602334460225954,3.075,2.9244465053081514
2024-01-15 23:30:00+00:00,2.984948370761097,3.075,2.926146772503853
2024-01-16 00:30:00+00:00,2.907421680588781,3.075,2.9184869796037676
2024-01-16 01:30:00+00:00,2.8892571405143954,3.075,2.9199654430150987
2024-01-16 02:30:00+00:00,2.921421534738692,3.075,2.9179394364356996
2024-01-16 03:30:00+00:00,2.931328014032243,3.0666251200000003,2.9097671824256137
2024-01-16 04:30:00+00:00,1.8698613224833245,1.9722875439999996,1.877230421590656
2024-01-16 05:30:00+00:00,2.7643067113451507,2.9760166800000003,2.842950562236481
2024-01-16 06:30:00+00:00,2.985212061889968,3.075,2.9234174609184267
2024-01-16 07:30:00+00:00,2.944835524914176,3.039153448,2.8658794375801544
2024-01-16 08:30:00+00:00,2.841783268335488,2.96323308,2.771091860026436
2024-01-16 09:30:00+00:00,2.938213813508658,3.055647326,2.8337575023248442
2024-01-16 10:30:00+00:00,2.9037077324851834,3.075,2.84034478366375
2024-01-16 11:30:00+00:00,2.7619600010577834,3.075,2.8319327503442766
2024-01-16 12:30:00+00:00,2.8637214925421457,3.001836596,2.764806954133316
2024-01-16 13:30:00+00:00,0.0,0.0,0.0
2024-01-16 14:30:00+00:00,1.2217064505574082,1.341519932,1.2400727818888015
2024-01-16 15:30:00+00:00,0.1679897830616993,0.18091609359999997,0.1679591427864681
2024-01-16 16:30:00+00:00,2.8214669887382566,3.075,2.879455563426018
2024-01-16 17:30:00+00:00,2.933053782901645,3.075,2.904915389418602
2024-01-16 18:30:00+00:00,2.951557053427278,3.075,2.9177627831697466
2024-01-16 19:30:00+00:00,2.9452210026679304,3.075,2.9147740721702577
2024-01-16 20:30:00+00:00,2.8872218800812943,3.075,2.9205382436513903
2024-01-16 21:30:00+00:00,2.7533413773619255,3.075,2.920288559794426
2024-01-16 22:30:00+00:00,2.921713603728345,3.075,2.93176883161068
2024-01-16 23:30:00+00:00,2.9357947277026777,3.075,2.9198671847581865
2024-01-17 00:30:00+00:00,2.980482164886003,3.075,2.92406205534935
2024-01-17 01:30:00+00:00,2.8142244328315056,3.075,2.9189464867115023
2024-01-17 02:30:00+00:00,2.9450388490585744,3.075,2.92137725353241
2024-01-17 03:30:00+00:00,2.959250539798179,3.075,2.92110415995121
2024-01-17 04:30:00+00:00,2.792734975819412,2.92678488,2.7770649115618515
2024-01-17 05:30:00+00:00,1.5588822042439636,1.7064028000000004,1.6210729097488408
2024-01-17 06:30:00+00:00,0.9979419834860319,1.0381975839999997,0.99037023961223
2024-01-17 07:30:00+00:00,0.3746489005839395,0.3974048176,0.37397055301462423
2024-01-17 08:30:00+00:00,0.587370458224628,0.59612,0.5583258533132076
2024-01-17 09:30:00+00:00,1.6208936878554356,1.7828062,1.655518529030037
2024-01-17 10:30:00+00:00,2.8585555032787373,3.07455924,2.8419100179836656
2024-01-17 11:30:00+00:00,2.7760528001645053,3.075,2.8279056668281557
2024-01-17 12:30:00+00:00,2.7900157171061837,3.075,2.836176183819771
2024-01-17 13:30:00+00:00,2.822373844824787,3.075,2.834659141302109
2024-01-17 14:30:00+00:00,2.869026657721632,3.075,2.83799524307251
2024-01-17 15:30:00+00:00,0.0,0.0,0.0
2024-01-17 16:30:00+00:00,0.0,0.0,0.0
2024-01-17 17:30:00+00:00,0.0,0.0,0.0
2024-01-17 18:30:00+00:00,0.0,0.0,0.0
2024-01-17 19:30:00+00:00,0.0,0.0,0.0
2024-01-17 20:30:00+00:00,2.9190303750466757,3.075,2.918321040272713
2024-01-17 21:30:00+00:00,2.9585252047282484,3.075,2.920340669155121
2024-01-17 22:30:00+00:00,0.0,0.0,0.0
2024-01-17 23:30:00+00:00,0.0,0.0,0.0
2024-01-18 00:30:00+00:00,0.0,0.0,0.0
2024-01-18 01:30:00+00:00,0.0,0.0,0.0
2024-01-18 02:30:00+00:00,0.0,0.0,0.0
2024-01-18 03:30:00+00:00,2.8913972033808277,3.075,2.921617475152016
2024-01-18 04:30:00+00:00,2.6532814252550616,2.7913841840000004,2.688275315997109
2024-01-18 05:30:00+00:00,1.961276891676256,2.0673574600000006,1.968646990098439
2024-01-18 06:30:00+00:00,2.8833753173925016,3.043744612,2.892885002753746
2024-01-18 07:30:00+00:00,2.9102497186006997,3.072947488,2.8974087991019135
2024-01-18 08:30:00+00:00,2.7902883980885225,3.02262542,2.8238012974518965
2024-01-18 09:30:00+00:00,2.896216535699928,3.07094632,2.848599403205223
2024-01-18 10:30:00+00:00,2.9325776087026267,3.075,2.835377645492554
2024-01-18 11:30:00+00:00,2.8190466140096686,3.073911686,2.8274917942849505
2024-01-18 12:30:00+00:00,2.760224731422196,3.075,2.829391744732857
2024-01-18 13:30:00+00:00,2.8720722229298934,3.075,2.8304109543561937
2024-01-18 14:30:00+00:00,2.793121852574859,3.075,2.8372258216142656
2024-01-18 15:30:00+00:00,0.0,0.0,0.0
2024-01-18 16:30:00+00:00,0.0,0.0,0.0
2024-01-18 17:30:00+00:00,2.78275724057054,3.075,2.8979905217885973
2024-01-18 18:30:00+00:00,2.8855703965083963,3.075,2.9147345393896105
2024-01-18 19:30:00+00:00,2.928618606311731,3.075,2.9187146544456484
2024-01-18 20:30:00+00:00,3.020657692741203,3.075,2.924510356783867
2024-01-18 21:30:00+00:00,2.861193593346924,3.075,2.914947819709778
2024-01-18 22:30:00+00:00,2.851670413108621,3.075,2.919848930835724
2024-01-18 23:30:00+00:00,2.9370849466843096,3.075,2.9183208614587786
2024-01-19 00:30:00+00:00,2.8996001678495205,3.075,2.9196311801671984
2024-01-19 01:30:00+00:00,2.9843880724279046,3.075,2.9233715355396273
2024-01-19 02:30:00+00:00,2.958042973334377,3.075,2.922839042544365
2024-01-19 03:30:00+00:00,3.002534499585443,3.075,2.920998361706734
2024-01-19 04:30:00+00:00,1.414381562170101,1.497302762,1.4230589556974524
2024-01-19 05:30:00+00:00,0.5226986331830014,0.54561868,0.5192504587319422
2024-01-19 06:30:00+00:00,0.8840611543450025,0.9557351600000001,0.9080914239951707
2024-01-19 07:30:00+00:00,1.7994481624983696,1.9193284,1.8128036717614173
2024-01-19 08:30:00+00:00,2.2121723554264734,2.3839654000000006,2.230502230067635
2024-01-19 09:30:00+00:00,2.7712968387126184,2.98451592,2.773434355573578
2024-01-19 10:30:00+00:00,2.7426283598531778,3.0732351600000003,2.8365600614616016
2024-01-19 11:30:00+00:00,2.742826021471117,3.075,2.8287540793418886
2024-01-19 12:30:00+00:00,2.8207155462279787,3.054598526,2.8123598554124603
2024-01-19 13:30:00+00:00,0.20766898561377226,0.22694740500000002,0.21095099728253366
2024-01-19 14:30:00+00:00,0.5827616638156312,0.6506043800000001,0.6013908699933339
2024-01-19 15:30:00+00:00,2.928341299509973,3.075,2.8625348180532457
2024-01-19 16:30:00+00:00,0.0,0.0,2.229725942015648e-05
2024-01-19 17:30:00+00:00,2.918901982287646,3.075,2.898056608438492
2024-01-19 18:30:00+00:00,2.830686516881645,3.075,2.9190123051404955
2024-01-19 19:30:00+00:00,2.8886168470601437,3.075,2.920766514539719
2024-01-19 20:30:00+00:00,3.028123524658068,3.075,2.9181944102048876
2024-01-19 21:30:00+00:00,2.9468170865502152,3.075,2.91756249666214
2024-01-19 22:30:00+00:00,2.8337494725003487,3.073728072,2.9170988225464556
2024-01-19 23:30:00+00:00,2.866391965393675,3.075,2.9104029506444933
2024-01-20 00:30:00+00:00,2.9853624362487077,3.075,2.9156279385089876
2024-01-20 01:30:00+00:00,2.9814427366310645,3.075,2.9199601382017137
2024-01-20 02:30:00+00:00,2.9164459274133177,3.075,2.917093795537949
2024-01-20 03:30:00+00:00,2.587656683074709,2.7207342800000003,2.578540411243706
2024-01-20 04:30:00+00:00,0.13935788652796852,0.14590397279999995,0.13824703114397668
2024-01-20 05:30:00+00:00,0.028574990071362008,0.029825725999999983,0.02963954897119124
2024-01-20 06:30:00+00:00,0.4835151676245243,0.5027414334,0.47586708674141254
2024-01-20 07:30:00+00:00,2.462070618170994,2.744398472,2.5869127485045165
2024-01-20 08:30:00+00:00,2.896805218579702,3.074135208,2.8867900757682876
2024-01-20 09:30:00+00:00,2.8965543152488946,3.075,2.8490020453929903
2024-01-20 10:30:00+00:00,2.8102429848821786,3.075,2.8366080641746523
2024-01-20 11:30:00+00:00,2.821863139054474,3.057111352,2.812588065180542
2024-01-20 12:30:00+00:00,1.123823290686,1.1975557844000002,1.096536319966807
2024-01-20 13:30:00+00:00,0.06820441310631965,0.07365299880000002,0.0670464833030308
2024-01-20 14:30:00+00:00,0.6908100183889455,0.7466429568,0.6904981791145962
2024-01-20 15:30:00+00:00,0.0,0.0,0.0
2024-01-20 16:30:00+00:00,1.2421699062118954,1.33748,1.2443629119205475
2024-01-20 17:30:00+00:00,2.9598257445027514,3.075,2.9093261480331423
2024-01-20 18:30:00+00:00,2.883814997449754,3.075,2.9171365022659304
2024-01-20 19:30:00+00:00,2.8663847987320357,3.075,2.9116837948560716
2024-01-20 20:30:00+00:00,2.9874153548979243,3.075,2.915483695268631
2024-01-20 21:30:00+00:00,2.969017312424981,3.075,2.9172837257385256
2024-01-20 22:30:00+00:00,2.8693537113865255,3.0092513160000003,2.861259479928986
2024-01-20 23:30:00+00:00,0.5864077607727808,0.6201377239999999,0.5906533979801167
2024-01-21 00:30:00+00:00,0.16878763741062563,0.17864000000000005,0.1684247836837173
2024-01-21 01:30:00+00:00,0.2283952860267657,0.24020005699999994,0.22890002869822448
2024-01-21 02:30:00+00:00,1.167859855079235,1.1933619219999998,1.1340337868970125
2024-01-21 03:30:00+00:00,2.8570996590971065,3.072947504,2.9181090313952485
2024-01-21 04:30:00+00:00,2.8070260210994484,2.8943398800000004,2.7577964719637684
2024-01-21 05:30:00+00:00,2.5439283744538206,2.756186672,2.620589234379837
2024-01-21 06:30:00+00:00,2.0146727405901794,2.1741469479999997,2.0667667366466977
2024-01-21 07:30:00+00:00,1.1510045149952266,1.1933619219999998,1.121019675229141
2024-01-21 08:30:00+00:00,0.5659379889528329,0.6098794820000002,0.5688779982019732
2024-01-21 09:30:00+00:00,0.5652344057500919,0.6269476684,0.5807021977569565
2024-01-21 10:30:00+00:00,0.9470877532820863,1.0381975839999997,0.964551656988033
2024-01-21 11:30:00+00:00,2.521144681550331,2.6400067039999993,2.4298263916049034
2024-01-21 12:30:00+00:00,2.831304535465496,3.075,2.8303159296512606
2024-01-21 13:30:00+00:00,2.7808668844151425,3.075,2.8325727850198748
2024-01-21 14:30:00+00:00,2.737980555592086,3.075,2.8366110891103746
2024-01-21 15:30:00+00:00,2.8643571827919145,3.075,2.8575590670108797
2024-01-21 16:30:00+00:00,2.9775992944000906,3.075,2.874463823437691
2024-01-21 17:30:00+00:00,2.637369590149793,2.93539176,2.7652886719787215
2024-01-21 18:30:00+00:00,2.6725499310953493,2.805976536,2.6670931241156923
2024-01-21 19:30:00+00:00,0.7429084231408027,0.8065359360000001,0.7629220327755318
2024-01-21 20:30:00+00:00,0.1551958390747445,0.1624811384,0.1532918726198491
2024-01-21 21:30:00+00:00,0.0,0.0,0.0
2024-01-21 22:30:00+00:00,0.0,0.0,0.0
2024-01-21 23:30:00+00:00,0.0,0.0,0.0
2024-01-22 00:30:00+00:00,0.2836093626635378,0.31036,0.294898558870554
2024-01-22 01:30:00+00:00,0.9010804248043638,0.9676492959999999,0.9187398702645263
2024-01-22 02:30:00+00:00,1.460489038547889,1.536453388,1.4574306377415542
2024-01-22 03:30:00+00:00,2.5310831704835657,2.71776776,2.5862604825112916
2024-01-22 04:30:00+00:00,0.8160555187276564,0.8469192959999998,0.8045454674100836
2024-01-22 05:30:00+00:00,0.3933872544624566,0.41410542100000003,0.3944269289009533
2024-01-22 06:30:00+00:00,0.7889897141061644,0.832306944,0.7919702345304432
2024-01-22 07:30:00+00:00,0.6261056168015906,0.6539615280000001,0.6126934587029248
2024-01-22 08:30:00+00:00,0.25112637156696904,0.26356980999999996,0.24614791994982715
2024-01-22 09:30:00+00:00,0.7471685385325024,0.773019648,0.7211978685402851
2024-01-22 10:30:00+00:00,2.113080866820611,2.239927792,2.070368894385521
2024-01-22 11:30:00+00:00,2.711332634018458,3.065508096,2.8196215466464003
2024-01-22 12:30:00+00:00,2.8599495237244215,2.993018276,2.7614965354442367
2024-01-22 13:30:00+00:00,2.8342714784933727,3.075,2.8439352184534075
2024-01-22 14:30:00+00:00,2.831973927637361,3.075,2.8367146968841555
2024-01-22 15:30:00+00:00,2.8713800406006835,3.075,2.8593206226825716
2024-01-22 16:30:00+00:00,0.0,0.0,0.0008117926772683859
2024-01-22 17:30:00+00:00,0.0,0.0,0.0016591702587902546
2024-01-22 18:30:00+00:00,2.862610785593455,3.075,2.9278365641832353
2024-01-22 19:30:00+00:00,2.887478968413272,3.075,2.926461172103882
2024-01-22 20:30:00+00:00,3.0044767777816563,3.075,2.923439231514931
2024-01-22 21:30:00+00:00,2.8498146024383733,3.075,2.92703130543232
2024-01-22 22:30:00+00:00,2.940547395471261,3.075,2.923351150751114
2024-01-22 23:30:00+00:00,3.0314037195909043,3.075,2.9253382802009584
2024-01-23 00:30:00+00:00,2.8922652920866367,3.075,2.919176068902016
2024-01-23 01:30:00+00:00,2.9389033462644685,3.075,2.9197614908218386
2024-01-23 02:30:00+00:00,2.8210864646645137,3.075,2.9196134924888613
2024-01-23 03:30:00+00:00,2.8538703953217466,3.075,2.921633940935135
2024-01-23 04:30:00+00:00,2.9767394299377394,3.075,2.923310321569443
2024-01-23 05:30:00+00:00,2.8215357131250536,3.0305846439999997,2.8638293551606595
2024-01-23 06:30:00+00:00,1.953677673738738,2.026803556,1.9269336341965255
2024-01-23 07:30:00+00:00,0.5321837893088497,0.54561868,0.5162751699533987
2024-01-23 08:30:00+00:00,0.4223777767698348,0.445879369,0.41873692437450316
2024-01-23 09:30:00+00:00,1.4678799075667004,1.536453388,1.421771063769329
2024-01-23 10:30:00+00:00,2.8186570203196557,3.0495300100000002,2.812582279816399
2024-01-23 11:30:00+00:00,2.7134152021562783,3.075,2.832603853940964
2024-01-23 12:30:00+00:00,2.8241594782042676,3.075,2.8396143883466722
2024-01-23 13:30:00+00:00,2.8037667823393155,3.075,2.8336906254291536
2024-01-23 14:30:00+00:00,2.903053090301495,3.075,2.8446689665317537
2024-01-23 15:30:00+00:00,2.889250617138809,3.075,2.8593309044837953
2024-01-23 16:30:00+00:00,2.8415915880524087,3.075,2.87451149225235
2024-01-23 17:30:00+00:00,0.0,0.0,0.0016826316714286804
2024-01-23 18:30:00+00:00,0.0,0.0,0.0
2024-01-23 19:30:00+00:00,0.0,0.0,0.0
2024-01-23 20:30:00+00:00,0.0,0.0,0.0
2024-01-23 21:30:00+00:00,2.7948637596163177,3.075,2.916234624385834
2024-01-23 22:30:00+00:00,2.8807025565425763,3.075,2.9169574648141863
2024-01-23 23:30:00+00:00,2.9910309128578296,3.075,2.913741630315781
2024-01-24 00:30:00+00:00,2.90797805953239,3.0685008799999998,2.9143253004521177
2024-01-24 01:30:00+00:00,2.912781837682489,2.990292624,2.8508062962326277
2024-01-24 02:30:00+00:00,2.4403840072145178,2.6820340560000004,2.552731494716889
2024-01-24 03:30:00+00:00,2.7942058585099625,2.8812848399999997,2.7431127499464414
2024-01-24 04:30:00+00:00,1.1187618374316513,1.2059302700000003,1.1427911666469768
2024-01-24 05:30:00+00:00,1.3897914595469294,1.4929317020000001,1.4178533636153718
2024-01-24 06:30:00+00:00,2.482618496452917,2.576264992,2.4457994695915146
2024-01-24 07:30:00+00:00,2.0589789984627505,2.200546036,2.076035464639412
2024-01-24 08:30:00+00:00,2.0462515564203314,2.200546036,2.047042707438217
2024-01-24 09:30:00+00:00,1.8979758416833894,2.0808120399999996,1.9355967968988796
2024-01-24 10:30:00+00:00,2.5016498445676745,2.71776776,2.5142183749291993
2024-01-24 11:30:00+00:00,2.8242923637704718,3.02262542,2.778059709574623
2024-01-24 12:30:00+00:00,2.7842833041878947,3.063744252,2.820539941463615
2024-01-24 13:30:00+00:00,2.0729784552979167,2.2786528000000006,2.0998979785802847
2024-01-24 14:30:00+00:00,0.5845674314696384,0.6201377239999999,0.5737470117387999
2024-01-24 15:30:00+00:00,0.29373524671549417,0.3012995200000001,0.2789443919203473
2024-01-24 16:30:00+00:00,0.7136277335996285,0.773019648,0.723455219372509
2024-01-24 17:30:00+00:00,2.8714838506837785,3.071866032,2.9133323992447204
2024-01-24 18:30:00+00:00,2.8946941777968167,3.075,2.913973701000214
2024-01-24 19:30:00+00:00,2.8401306512726463,3.075,2.9195193618535997
2024-01-24 20:30:00+00:00,2.86737006377261,3.075,2.915678483247757
2024-01-24 21:30:00+00:00,2.8417079865303956,3.075,2.9232308983802797
2024-01-24 22:30:00+00:00,2.873092810945187,3.075,2.9223393321037294
2024-01-24 23:30:00+00:00,2.806540226071193,2.96323308,2.8137509340945055
2024-01-25 00:30:00+00:00,2.276255448335721,2.3355987999999996,2.226118448790359
2024-01-25 01:30:00+00:00,2.778325155891819,3.02262542,2.878559399153633
2024-01-25 02:30:00+00:00,2.9341387216408923,3.075,2.9278936058282854
2024-01-25 03:30:00+00:00,2.958511999024283,3.075,2.919907566905022
2024-01-25 04:30:00+00:00,2.7773162407183287,2.96323308,2.824176978558617
2024-01-25 05:30:00+00:00,2.3364264472186007,2.3678884000000004,2.2549563587125783
2024-01-25 06:30:00+00:00,2.2416124463313585,2.3234434000000004,2.209968494509125
2024-01-25 07:30:00+00:00,0.49477291085832775,0.5181843611999999,0.4916497926815997
2024-01-25 08:30:00+00:00,0.0,0.0,0.0
2024-01-25 09:30:00+00:00,0.0,0.0,0.0
2024-01-25 10:30:00+00:00,0.10816906756474044,0.11685541719999998,0.10838579275515764
2024-01-25 11:30:00+00:00,0.3579419675902292,0.38331761979999995,0.3522737345242784
2024-01-25 12:30:00+00:00,1.8122050367520892,1.9677210639999996,1.8121035586880336
2024-01-25 13:30:00+00:00,2.757575823330773,3.0505907420000002,2.81226180828418
2024-01-25 14:30:00+00:00,2.9577019866438192,3.074074344,2.8408598911372605
2024-01-25 15:30:00+00:00,2.848982676806434,3.075,2.867304873466492
2024-01-25 16:30:00+00:00,2.8946703096661888,3.066196256,2.875341795999008
2024-01-25 17:30:00+00:00,1.843448131929783,1.9677210639999996,1.8654291149066577
2024-01-25 18:30:00+00:00,0.6973259195814906,0.716737392,0.6804947653925819
2024-01-25 19:30:00+00:00,1.2908007429378199,1.3536138423999997,1.2879809105118962
2024-01-25 20:30:00+00:00,2.6482906341250936,2.779680472,2.6431297176912993
2024-01-25 21:30:00+00:00,2.997728846857387,3.07329704,2.920405687227287
2024-01-25 22:30:00+00:00,2.8065934928821905,3.075,2.9159585505723955
2024-01-25 23:30:00+00:00,2.895733770934388,3.075,2.9206719368696215
2024-01-26 00:30:00+00:00,2.864591943981441,3.075,2.921310302615166
2024-01-26 01:30:00+00:00,2.943020799839005,3.075,2.927360770106316
2024-01-26 02:30:00+00:00,2.908044304545228,3.075,2.9243117541074755
2024-01-26 03:30:00+00:00,2.9951607945166647,3.075,2.919661980867386
2024-01-26 04:30:00+00:00,2.95955000896025,3.07389132,2.926603265772171
2024-01-26 05:30:00+00:00,2.9748215689303663,3.0732351600000003,2.9125561474629977
2024-01-26 06:30:00+00:00,2.903014056452587,3.075,2.9226239889860155
2024-01-26 07:30:00+00:00,2.7923954387876058,3.075,2.9031334638595583
2024-01-26 08:30:00+00:00,2.8195625759815237,3.075,2.8763224601745607
2024-01-26 09:30:00+00:00,2.744525661575702,3.074919936,2.8571273803101884
2024-01-26 10:30:00+00:00,2.792541309840532,3.075,2.84032082259655
2024-01-26 11:30:00+00:00,2.8063000205640525,3.075,2.831710305809975
2024-01-26 12:30:00+00:00,2.885730277934717,3.075,2.8392275094985964
2024-01-26 13:30:00+00:00,2.715892984541548,2.96963028,2.735517793756752
2024-01-26 14:30:00+00:00,1.8240634880317503,1.954,1.8050360568761825
2024-01-26 15:30:00+00:00,0.9995412995385712,1.09581324,1.0230252249920273
2024-01-26 16:30:00+00:00,2.9587143077301805,3.075,2.8735569387674333
2024-01-26 17:30:00+00:00,2.9040231862970676,3.075,2.898050856590271
2024-01-26 18:30:00+00:00,2.920176896304601,3.075,2.9131562232971193
2024-01-26 19:30:00+00:00,2.811378387592239,3.075,2.91820367872715
2024-01-26 20:30:00+00:00,0.0,0.0,0.001254948554560542
2024-01-26 21:30:00+00:00,0.0,0.0,0.005990807432681322
2024-01-26 22:30:00+00:00,0.0,0.0,0.0
2024-01-26 23:30:00+00:00,0.0,0.0,0.002607678761705756
2024-01-27 00:30:00+00:00,0.0,0.0,0.0
2024-01-27 01:30:00+00:00,2.936612380887465,3.075,2.929353666305542
2024-01-27 02:30:00+00:00,2.680060127172673,2.82198348,2.730272301578026
2024-01-27 03:30:00+00:00,0.5044576932433971,0.5395616160000001,0.515089912083212
2024-01-27 04:30:00+00:00,0.1311833292470781,0.14590397279999995,0.14575882230593667
2024-01-27 05:30:00+00:00,0.6772199210590386,0.727632768,0.6906030359812908
2024-01-27 06:30:00+00:00,0.8003806065116175,0.8469192959999998,0.8044217654204329
2024-01-27 07:30:00+00:00,0.3809176169809683,0.41686767400000013,0.39422543593439974
2024-01-27 08:30:00+00:00,0.0,0.0,0.0
2024-01-27 09:30:00+00:00,0.040093154272707,0.04279442,0.039232836419550776
2024-01-27 10:30:00+00:00,0.4894182957618632,0.530434042,0.49157853403014373
2024-01-27 11:30:00+00:00,1.1357371048096239,1.2059302700000003,1.1028192934827998
2024-01-27 12:30:00+00:00,2.861412111195275,3.074074344,2.846164913138527
2024-01-27 13:30:00+00:00,2.933984811079677,3.075,2.8398082971572878
2024-01-27 14:30:00+00:00,2.920002264243503,3.075,2.8419593244791033
2024-01-27 15:30:00+00:00,2.6199035404995,2.805976536,2.6075799277665483
2024-01-27 16:30:00+00:00,2.9329723826924923,3.075,2.872834485769272
2024-01-27 17:30:00+00:00,0.0,0.0,0.0
2024-01-27 18:30:00+00:00,2.9047831525200185,3.075,2.922183883190155
2024-01-27 19:30:00+00:00,2.8992898318360107,3.075,2.9201458364725115
2024-01-27 20:30:00+00:00,2.9522723977024574,3.075,2.9187252789735796
2024-01-27 21:30:00+00:00,2.8546845735495707,3.075,2.9180811613798143
2024-01-27 22:30:00+00:00,2.890453043414717,3.075,2.9186447829008104
2024-01-27 23:30:00+00:00,2.9074416596101216,3.075,2.915289875864983
2024-01-28 00:30:00+00:00,2.9069321835714024,3.075,2.9188850194215776
2024-01-28 01:30:00+00:00,1.6754593014139385,1.7559694000000003,1.666910054575825
2024-01-28 02:30:00+00:00,0.1836627443563206,0.19884900800000002,0.18893305356661846
2024-01-28 03:30:00+00:00,0.30436599675862636,0.32827536760000003,0.31155589034882797
2024-01-28 04:30:00+00:00,0.1197015974755928,0.12504,0.1195312693463266
2024-01-28 05:30:00+00:00,0.026434855173591603,0.027923117000000004,0.02773762562833299
2024-01-28 06:30:00+00:00,0.07701768540477458,0.08040000000000001,0.0754275467708707
2024-01-28 07:30:00+00:00,0.6666957137887922,0.7466429568,0.7013887002237004
2024-01-28 08:30:00+00:00,1.8369640635785887,1.954,1.8200627752542495
2024-01-28 09:30:00+00:00,2.7230143262801656,3.0092513160000003,2.7903086737880862
2024-01-28 10:30:00+00:00,2.422077407513381,2.782609232,2.578770555785782
2024-01-28 11:30:00+00:00,2.8114878447204705,3.073728072,2.836011590910408
2024-01-28 12:30:00+00:00,2.9361269378849126,3.075,2.8371426433324816
2024-01-28 13:30:00+00:00,2.7392641993491313,3.075,2.8404715776443483
2024-01-28 14:30:00+00:00,0.0,0.0,0.00044096028432250023
2024-01-28 15:30:00+00:00,0.0,0.0,0.0007233138894662261
2024-01-28 16:30:00+00:00,0.0,0.0,0.0006205506506375968
2024-01-28 17:30:00+00:00,2.977422159617535,3.075,2.90969757437706
2024-01-28 18:30:00+00:00,2.8330189833863044,3.075,2.9232390493154528
2024-01-28 19:30:00+00:00,2.935013623271283,3.075,2.919226032495499
2024-01-28 20:30:00+00:00,3.035208293742984,3.075,2.919986200332642
2024-01-28 21:30:00+00:00,2.8668815948977056,3.075,2.9231187075376512
2024-01-28 22:30:00+00:00,3.0597271421404857,3.075,2.9268199622631075
2024-01-28 23:30:00+00:00,2.9240703632396268,3.075,2.9280133664608003
2024-01-29 00:30:00+00:00,3.021769583806261,3.075,2.9235466688871385
2024-01-29 01:30:00+00:00,2.941426103162163,3.075,2.9214298248291017
2024-01-29 02:30:00+00:00,2.8783845926351788,3.075,2.9253308296203615
2024-01-29 03:30:00+00:00,2.7251589444505098,2.89433952,2.7551068994031143
2024-01-29 04:30:00+00:00,1.2992898102567014,1.3736885203999998,1.3012973382157804
2024-01-29 05:30:00+00:00,2.4770894417858598,2.6640669040000002,2.53232657235022
2024-01-29 06:30:00+00:00,2.9076172133654903,3.0606472140000003,2.9023458009407657
2024-01-29 07:30:00+00:00,2.8579510138741364,3.0192947119999998,2.8465002358485334
2024-01-29 08:30:00+00:00,2.5283613011650665,2.7207342800000003,2.5395461287596515
2024-01-29 09:30:00+00:00,2.2457392821116793,2.3839654000000006,2.2175274611906057
2024-01-29 10:30:00+00:00,2.0624899886932324,2.2745637999999997,2.1046770321357724
2024-01-29 11:30:00+00:00,1.4683400623732992,1.5966997800000002,1.4756152314670374
2024-01-29 12:30:00+00:00,2.528113144775923,2.7913841840000004,2.5799032982559056
2024-01-29 13:30:00+00:00,0.3544034140837483,0.38331761979999995,0.3520320917064235
2024-01-29 14:30:00+00:00,0.0,0.0,0.0
2024-01-29 15:30:00+00:00,0.0,0.0,0.0
2024-01-29 16:30:00+00:00,0.3957954418274969,0.4057824387999999,0.37891910968747017
2024-01-29 17:30:00+00:00,0.0,0.0,0.0
2024-01-29 18:30:00+00:00,0.576284846275214,0.5995685910000002,0.5663588275326883
2024-01-29 19:30:00+00:00,1.0110845693635087,1.0613683680000001,1.006584982753008
2024-01-29 20:30:00+00:00,2.4239112031520804,2.6218814320000003,2.4915294266374897
2024-01-29 21:30:00+00:00,2.892001067129935,3.0735848,2.9270162930438994
2024-01-29 22:30:00+00:00,2.889067217834989,3.075,2.9220919728279116
2024-01-29 23:30:00+00:00,2.8264343601838506,3.075,2.9214472442865373
2024-01-30 00:30:00+00:00,2.836621508661874,3.075,2.917287361621857
2024-01-30 01:30:00+00:00,2.9832732074590353,3.075,2.922501635551453
2024-01-30 02:30:00+00:00,2.8454212811626673,3.075,2.919607084989548
2024-01-30 03:30:00+00:00,2.914802449563863,3.075,2.9201910316944124
2024-01-30 04:30:00+00:00,2.947996794472389,3.069853856,2.914505003723198
2024-01-30 05:30:00+00:00,2.600666486204723,2.7207342800000003,2.578701746115952
2024-01-30 06:30:00+00:00,1.9898521111922485,2.0673574600000006,1.9700381997603995
2024-01-30 07:30:00+00:00,2.009181482471569,2.1387649960000004,2.0164741239625896
2024-01-30 08:30:00+00:00,2.8785738800066274,3.0732351600000003,2.8738119362660983
2024-01-30 09:30:00+00:00,2.7800061996342404,3.075,2.854550388455391
2024-01-30 10:30:00+00:00,2.716198510435544,3.067906,2.8323098200378416
2024-01-30 11:30:00+00:00,2.857061824988338,3.075,2.833640915155411
2024-01-30 12:30:00+00:00,2.9086891601705047,3.075,2.8322566568851473
2024-01-30 13:30:00+00:00,2.7910714029827073,3.075,2.832876440882683
2024-01-30 14:30:00+00:00,2.6492775164331417,2.92678488,2.6985567282017517
2024-01-30 15:30:00+00:00,2.831316279556505,3.0735848,2.8605124106357573
2024-01-30 16:30:00+00:00,0.0,0.0,0.0
2024-01-30 17:30:00+00:00,0.0,0.0,0.0012261810479685664
2024-01-30 18:30:00+00:00,0.0,0.0,0.0007330696098506451
2024-01-30 19:30:00+00:00,2.959136295833679,3.075,2.9239031940698625
2024-01-30 20:30:00+00:00,2.9826097399091354,3.075,2.925128322839737
2024-01-30 21:30:00+00:00,2.7893676085597594,3.075,2.921352219581604
2024-01-30 22:30:00+00:00,2.982733138323458,3.075,2.917285752296448
2024-01-30 23:30:00+00:00,2.8470477051451075,3.075,2.9173431366682054
2024-01-31 00:30:00+00:00,2.89586961180376,3.075,2.9189686298370363
2024-01-31 01:30:00+00:00,2.883840426118571,3.075,2.9215381264686586
2024-01-31 02:30:00+00:00,2.851270016038673,3.075,2.9224774807691576
2024-01-31 03:30:00+00:00,2.963616607778162,3.075,2.9243731021881105
2024-01-31 04:30:00+00:00,2.939686716246993,3.075,2.926088806986809
2024-01-31 05:30:00+00:00,2.8921847172521677,3.075,2.926612851023674
2024-01-31 06:30:00+00:00,3.0349785592712117,3.075,2.926198121905327
2024-01-31 07:30:00+00:00,2.791548631291955,3.070190624,2.8941562777771224
2024-01-31 08:30:00+00:00,2.867992882847053,3.075,2.875459295511246
2024-01-31 09:30:00+00:00,2.913948849907427,3.075,2.853978615999222
2024-01-31 10:30:00+00:00,2.7740897545210004,3.075,2.8378929764032366
2024-01-31 11:30:00+00:00,2.826509053370106,3.075,2.840899732708931
2024-01-31 12:30:00+00:00,0.0,0.0,0.0007871476700529456
2024-01-31 13:30:00+00:00,0.0,0.0,0.0
2024-01-31 14:30:00+00:00,0.0,0.0,0.0
2024-01-31 15:30:00+00:00,0.0,0.0,0.0
2024-01-31 16:30:00+00:00,0.0,0.0,0.0
2024-01-31 17:30:00+00:00,2.9486011608584604,3.075,2.8962963342666628
2024-01-31 18:30:00+00:00,3.000080870976891,3.075,2.91269765496254
2024-01-31 19:30:00+00:00,2.8952239967514113,3.075,2.915628653764725
2024-01-31 20:30:00+00:00,2.9628708405436925,3.075,2.9178178876638414
2024-01-31 21:30:00+00:00,2.782992605783507,3.075,2.9167484015226366
2024-01-31 22:30:00+00:00,2.953850939214924,3.075,2.9181821018457414
2024-01-31 23:30:00+00:00,2.933205224398227,3.075,2.9179515063762667
2024-02-01 00:30:00+00:00,2.8891821602962415,3.075,2.9182918936014177
2024-02-01 01:30:00+00:00,3.0330769554644275,3.075,2.9203777581453325
2024-02-01 02:30:00+00:00,2.9175787854970356,3.075,2.9222191989421846
2024-02-01 03:30:00+00:00,2.8524041075049427,3.075,2.924001482129097
2024-02-01 04:30:00+00:00,2.9262389957973918,3.075,2.9235724031925203
2024-02-01 05:30:00+00:00,2.991847306339605,3.075,2.9261501252651216
2024-02-01 06:30:00+00:00,2.9479526712918243,3.075,2.924239990115166
2024-02-01 07:30:00+00:00,3.015135472304488,3.075,2.9005545645952227
2024-02-01 08:30:00+00:00,2.893015235165808,3.075,2.8774588823318483
2024-02-01 09:30:00+00:00,2.7877478971108585,3.075,2.856689986586571
2024-02-01 10:30:00+00:00,2.8797565474667426,3.075,2.840943601727486
2024-02-01 11:30:00+00:00,2.789143983337951,3.075,2.8367423832416536
2024-02-01 12:30:00+00:00,2.9201616551464205,3.075,2.8322436630725862
2024-02-01 13:30:00+00:00,2.7165608037418902,3.075,2.835685831308365
2024-02-01 14:30:00+00:00,2.771783093717962,3.075,2.84249823987484
2024-02-01 15:30:00+00:00,2.0075094535607194,2.1387649960000004,1.9926066137034382
2024-02-01 16:30:00+00:00,2.9564927738635065,3.075,2.878764283657074
2024-02-01 17:30:00+00:00,2.928624430374738,3.075,2.899256926774979
2024-02-01 18:30:00+00:00,2.903908313438413,3.075,2.924172592163086
2024-02-01 19:30:00+00:00,2.8544604438446246,3.075,2.919181701540947
2024-02-01 20:30:00+00:00,3.0510301837521525,3.075,2.9186226695775987
2024-02-01 21:30:00+00:00,2.8471123503781257,3.075,2.9203124761581423
2024-02-01 22:30:00+00:00,2.9054527255602705,3.075,2.9180193811655046
2024-02-01 23:30:00+00:00,2.9928006625407284,3.075,2.9180193811655046
2024-02-02 00:30:00+00:00,3.0771532640872175,3.074135208,2.9204373298776702
2024-02-02 01:30:00+00:00,2.9044559469654128,3.066196256,2.910587125140625
2024-02-02 02:30:00+00:00,2.8828380773613826,3.04867957,2.9084919041798782
2024-02-02 03:30:00+00:00,2.876980684538164,2.989610312,2.8505570417792434
2024-02-02 04:30:00+00:00,2.1345677250735435,2.2909029999999997,2.1746012846260068
2024-02-02 05:30:00+00:00,1.5844906318897782,1.7424976,1.6557316326905251
2024-02-02 06:30:00+00:00,0.6970645895372453,0.727632768,0.6907304818876915
2024-02-02 07:30:00+00:00,1.0896485685457857,1.1384082258,1.0798565455033404
2024-02-02 08:30:00+00:00,1.34462942237694,1.4929317020000001,1.3984422989309808
2024-02-02 09:30:00+00:00,2.247146167919234,2.4079990000000007,2.241302421735764
2024-02-02 10:30:00+00:00,2.734171883076638,3.001836596,2.7760605345843277
2024-02-02 11:30:00+00:00,2.850255173473291,3.054388538,2.814025312659157
2024-02-02 12:30:00+00:00,2.758871346174365,3.075,2.8391915231943132
2024-02-02 13:30:00+00:00,2.90867955571652,3.075,2.835438695549965
2024-02-02 14:30:00+00:00,2.832436974895008,3.075,2.8455139219760897
2024-02-02 15:30:00+00:00,2.837818345272999,3.075,2.8612227112054827
2024-02-02 16:30:00+00:00,2.8863523682864716,3.075,2.8780789196491243
2024-02-02 17:30:00+00:00,2.936508937040563,3.075,2.8974778920412065
2024-02-02 18:30:00+00:00,2.8109838648271186,3.075,2.9249080538749697
2024-02-02 19:30:00+00:00,2.871504902242437,3.075,2.9254965752363207
2024-02-02 20:30:00+00:00,2.9744562371567502,3.075,2.9234837710857393
2024-02-02 21:30:00+00:00,3.020056855337365,3.057737364,2.9022425846516264
2024-02-02 22:30:00+00:00,2.7716587440590836,3.011266236,2.8608434393929825
2024-02-02 23:30:00+00:00,2.97191028060983,3.0685008799999998,2.9149002170532987
2024-02-03 00:30:00+00:00,2.430603816936784,2.5618635999999997,2.4265888321243283
2024-02-03 01:30:00+00:00,2.2603870514497184,2.3839654000000006,2.267938670654679
2024-02-03 02:30:00+00:00,2.1274637625717356,2.25299632,2.14166732328207
2024-02-03 03:30:00+00:00,1.8667430298858725,1.8975448000000001,1.800633839027691
2024-02-03 04:30:00+00:00,0.3989349007204567,0.41686767400000013,0.3971922794798366
2024-02-03 05:30:00+00:00,0.2673621789680099,0.28134051,0.2670410549011922
2024-02-03 06:30:00+00:00,0.710139549763529,0.7466429568,0.7099774017102879
2024-02-03 07:30:00+00:00,2.777338541854253,2.993018276,2.829680762195564
2024-02-03 08:30:00+00:00,2.8649796517437247,3.075,2.875323933362961
2024-02-03 09:30:00+00:00,2.828637129139411,3.075,2.8593267619609835
2024-02-03 10:30:00+00:00,2.87817887915864,3.075,2.8446558982133867
2024-02-03 11:30:00+00:00,2.727157491979365,3.075,2.8329027563333513
2024-02-03 12:30:00+00:00,2.8461250369501028,3.07427694,2.8342211107134245
2024-02-03 13:30:00+00:00,1.6587369026909038,1.8139437999999997,1.6645111408508297
2024-02-03 14:30:00+00:00,2.8266134477215026,3.0666251200000003,2.8347784000197604
2024-02-03 15:30:00+00:00,2.828281958716844,3.075,2.8720381230115892
2024-02-03 16:30:00+00:00,2.8012950206288227,3.075,2.8768715083599092
2024-02-03 17:30:00+00:00,2.949087567004047,3.075,2.9066140323877336
2024-02-03 18:30:00+00:00,0.0,0.0,0.0024760474916547537
2024-02-03 19:30:00+00:00,2.87591110001199,3.075,2.925740671157837
2024-02-03 20:30:00+00:00,2.9105883690292766,3.075,2.9194892168045046
2024-02-03 21:30:00+00:00,2.9073033099836905,3.075,2.9157284170389177
2024-02-03 22:30:00+00:00,2.9923196941393733,3.075,2.918621999025345
2024-02-03 23:30:00+00:00,2.942139081319335,3.075,2.917936173081398
2024-02-04 00:30:00+00:00,3.0385453818404584,3.075,2.921478193998337
2024-02-04 01:30:00+00:00,2.9400777544657233,3.075,2.920617771148682
2024-02-04 02:30:00+00:00,2.9251407517267487,3.075,2.9266171872615816
2024-02-04 03:30:00+00:00,3.007278344390981,3.075,2.9242364436388018
2024-02-04 04:30:00+00:00,2.902854772811306,3.075,2.921900597214699
2024-02-04 05:30:00+00:00,2.8470091776876147,3.075,2.9140868455171587
2024-02-04 06:30:00+00:00,2.9080002363549746,3.075,2.920087602734566
2024-02-04 07:30:00+00:00,2.8977110857761614,3.075,2.897761043906212
2024-02-04 08:30:00+00:00,2.90743771515944,3.075,2.8784694343805315
2024-02-04 09:30:00+00:00,2.8331673815565024,3.075,2.852442529797554
2024-02-04 10:30:00+00:00,0.0,0.0,0.0
2024-02-04 11:30:00+00:00,0.0,0.0,0.0
2024-02-04 12:30:00+00:00,2.731855343029335,3.075,2.829578784108162
2024-02-04 13:30:00+00:00,2.773059011704599,3.075,2.832172092795372
2024-02-04 14:30:00+00:00,2.908961589207987,3.075,2.839289602637291
2024-02-04 15:30:00+00:00,2.453519190011266,2.5618635999999997,2.3900956946455
2024-02-04 16:30:00+00:00,0.2838985400676408,0.3043273161999999,0.28317685387061226
2024-02-04 17:30:00+00:00,0.08806973493461244,0.09359689839999999,0.08800639296766247
2024-02-04 18:30:00+00:00,0.5662266051884762,0.606448658,0.5772385319725352
2024-02-04 19:30:00+00:00,2.9350649348268956,3.0679059840000003,2.91541569598082
2024-02-04 20:30:00+00:00,2.850220362823924,3.075,2.923167046904564
2024-02-04 21:30:00+00:00,2.9345737893649004,3.075,2.924657788872719
2024-02-04 22:30:00+00:00,2.8466500830538317,3.075,2.921917808055878
2024-02-04 23:30:00+00:00,2.9324087951640307,3.075,2.922446009516716
2024-02-05 00:30:00+00:00,2.974399546868859,3.075,2.92026763856411
2024-02-05 01:30:00+00:00,2.9442778801232175,3.075,2.9202226519584658
2024-02-05 02:30:00+00:00,2.8805069879799112,3.074458596,2.9228643744080505
2024-02-05 03:30:00+00:00,0.7040270148602249,0.7466429568,0.7093461475439232
2024-02-05 04:30:00+00:00,1.207317390242804,1.2722673564,1.2112818880720009
2024-02-05 05:30:00+00:00,2.876931970826691,2.96323308,2.8298398370447924
2024-02-05 06:30:00+00:00,2.9249398252652568,3.075,2.919263166189194
2024-02-05 07:30:00+00:00,2.9375261978998144,3.075,2.9048233151435854
2024-02-05 08:30:00+00:00,2.9168713520310057,3.075,2.879331198334694
2024-02-05 09:30:00+00:00,2.794808087612623,3.075,2.852995973825455
2024-02-05 10:30:00+00:00,2.8884898819193308,3.075,2.8363989859819414
2024-02-05 11:30:00+00:00,2.8827669753549974,3.075,2.8319921612739565
2024-02-05 12:30:00+00:00,2.8096841800861623,3.075,2.8306944489479067
2024-02-05 13:30:00+00:00,2.888489841339835,3.075,2.82858459353447
2024-02-05 14:30:00+00:00,2.8754432486341877,3.075,2.8445564776659014
2024-02-05 15:30:00+00:00,2.737598129890601,3.075,2.862724480032921
2024-02-05 16:30:00+00:00,0.0,0.0,0.000990837230347097
2024-02-05 17:30:00+00:00,2.855809586729469,3.075,2.9048729211091997
2024-02-05 18:30:00+00:00,2.7665618766412856,3.075,2.9227848917245867
2024-02-05 19:30:00+00:00,2.9089810900239885,3.075,2.9280535995960237
2024-02-05 20:30:00+00:00,2.8889787124492483,3.075,2.9242101132869722
2024-02-05 21:30:00+00:00,2.9020266284510523,3.075,2.9269317060709
2024-02-05 22:30:00+00:00,2.941256819031986,3.075,2.9204083353281023
2024-02-05 23:30:00+00:00,2.9135074140667316,3.075,2.9230381071567537
2024-02-06 00:30:00+00:00,2.9322393274451684,3.075,2.91806475520134
2024-02-06 01:30:00+00:00,2.977270694775729,3.075,2.9135662436485292
2024-02-06 02:30:00+00:00,2.870014571720162,3.075,2.9137956321239473
2024-02-06 03:30:00+00:00,2.9516800772701948,2.993018276,2.8415087526082763
2024-02-06 04:30:00+00:00,2.7799978527693656,2.92678488,2.788126758771782
2024-02-06 05:30:00+00:00,2.5428765666108455,2.6610664,2.5257841666425707
2024-02-06 06:30:00+00:00,2.890953568108001,2.9781432,2.8468576815921782
2024-02-06 07:30:00+00:00,2.858715645278138,3.074619528,2.8970037215396194
2024-02-06 08:30:00+00:00,2.937961886733805,3.075,2.87823401093483
2024-02-06 09:30:00+00:00,2.8811008926331354,3.075,2.85579529106617
2024-02-06 10:30:00+00:00,2.784677372005736,3.06188856,2.8264637284904097
2024-02-06 11:30:00+00:00,2.9505480540085576,3.075,2.8267098486423494
2024-02-06 12:30:00+00:00,2.762733307032391,3.075,2.8328664720058443
2024-02-06 13:30:00+00:00,2.8343825864311203,3.075,2.832140800356865
2024-02-06 14:30:00+00:00,2.860368766832369,3.075,2.8465444266796114
2024-02-06 15:30:00+00:00,2.940850118189421,3.075,2.8607990860939028
2024-02-06 16:30:00+00:00,0.0,0.0,0.0
2024-02-06 17:30:00+00:00,0.0,0.0,0.001568017527461052
2024-02-06 18:30:00+00:00,2.8876387576625175,3.075,2.927357342839241
2024-02-06 19:30:00+00:00,0.0,0.0,0.0009715904016047716
2024-02-06 20:30:00+00:00,0.0,0.0,0.0008233331027440727
2024-02-06 21:30:00+00:00,2.901955581292156,3.075,2.919310432672501
2024-02-06 22:30:00+00:00,2.956771916881285,3.075,2.923159208893776
2024-02-06 23:30:00+00:00,2.8902241732004974,3.075,2.923733976483345
2024-02-07 00:30:00+00:00,2.984665752729894,3.075,2.9211150825023653
2024-02-07 01:30:00+00:00,2.8724173123657946,3.075,2.9239939123392107
2024-02-07 02:30:00+00:00,2.8296134260072083,3.075,2.9246131598949434
2024-02-07 03:30:00+00:00,2.931492409225274,3.075,2.9203564643859865
2024-02-07 04:30:00+00:00,2.8382993414975273,3.075,2.9193529009819033
2024-02-07 05:30:00+00:00,2.8749106362737957,3.075,2.918506917357445
2024-02-07 06:30:00+00:00,2.900554263363001,3.075,2.921881061792374
2024-02-07 07:30:00+00:00,2.8982016048880537,3.075,2.8974043846130373
2024-02-07 08:30:00+00:00,2.9085971064869556,3.075,2.8761391907930376
2024-02-07 09:30:00+00:00,2.782356985717136,3.075,2.851716411113739
2024-02-07 10:30:00+00:00,2.7801110632651733,3.075,2.8351646184921266
2024-02-07 11:30:00+00:00,2.8964315958019173,3.075,2.829346251487732
2024-02-07 12:30:00+00:00,2.8219244270907797,3.075,2.8342806071043016
2024-02-07 13:30:00+00:00,2.8821986674816147,3.075,2.8359496265649797
2024-02-07 14:30:00+00:00,0.0,0.0,0.0006229421705938876
2024-02-07 15:30:00+00:00,0.0,0.0,0.0013521944638341665
2024-02-07 16:30:00+00:00,0.0,0.0,0.0028635580092668533
2024-02-07 17:30:00+00:00,0.0,0.0,0.0010512185981497169
2024-02-07 18:30:00+00:00,0.0,0.0,0.006322130560874939
2024-02-07 19:30:00+00:00,0.0,0.0,0.0
2024-02-07 20:30:00+00:00,0.0,0.0,7.732064841547981e-05
2024-02-07 21:30:00+00:00,0.0,0.0,7.732064841547981e-05
2024-02-07 22:30:00+00:00,0.0,0.0,7.732064841547981e-05
2024-02-07 23:30:00+00:00,0.0,0.0,7.732064841547981e-05
2024-02-08 00:30:00+00:00,0.0,0.0,7.5706666393671185e-06
2024-02-08 01:30:00+00:00,0.0,0.0,7.5706666393671185e-06
2024-02-08 02:30:00+00:00,0.0,0.0,7.5706666393671185e-06
2024-02-08 03:30:00+00:00,0.0,0.0,0.0
2024-02-08 04:30:00+00:00,0.0,0.0,0.0
2024-02-08 05:30:00+00:00,0.0,0.0,0.0
2024-02-08 06:30:00+00:00,0.0,0.0,0.0
2024-02-08 07:30:00+00:00,2.8474493047415788,3.075,2.8907535642385485
2024-02-08 08:30:00+00:00,2.999150114418635,3.075,2.8772497445344927
2024-02-08 09:30:00+00:00,2.861833569896024,3.075,2.856199097633362
2024-02-08 10:30:00+00:00,2.7719050300967587,3.075,2.8381974518299105
2024-02-08 11:30:00+00:00,2.8145731956856577,3.075,2.828846511244774
2024-02-08 12:30:00+00:00,2.825925983627366,3.075,2.8282772421836855
2024-02-08 13:30:00+00:00,2.853297003496179,3.075,2.8295082271099092
2024-02-08 14:30:00+00:00,2.8200031500320097,3.075,2.8434818208217623
2024-02-08 15:30:00+00:00,2.873271834458372,3.075,2.8588154435157778
2024-02-08 16:30:00+00:00,2.8365670926596027,3.075,2.8790244281291963
2024-02-08 17:30:00+00:00,2.92931300489003,3.075,2.901273947954178
2024-02-08 18:30:00+00:00,2.827423367744483,3.075,2.917867359519005
2024-02-08 19:30:00+00:00,2.8876138362495167,3.075,2.9169522494077684
2024-02-08 20:30:00+00:00,2.809759001156668,3.075,2.910940167307854
2024-02-08 21:30:00+00:00,2.9451040302336864,3.075,2.9162548303604128
2024-02-08 22:30:00+00:00,2.845949677141896,3.075,2.9203648239374163
2024-02-08 23:30:00+00:00,2.9990664925610453,3.075,2.917924013733864
2024-02-09 00:30:00+00:00,2.876845356778641,3.075,2.913310316205025
2024-02-09 01:30:00+00:00,2.928367151178505,3.075,2.9155862599611284
2024-02-09 02:30:00+00:00,2.913924170498871,3.075,2.9240672111511232
2024-02-09 03:30:00+00:00,2.852570338227426,3.049529972,2.902411478085396
2024-02-09 04:30:00+00:00,0.11882262543236799,0.12706489519999997,0.12056305151285307
2024-02-09 05:30:00+00:00,0.0,0.0,1.640774280531332e-05
2024-02-09 06:30:00+00:00,0.5911881674525763,0.6269476684,0.5954619618322358
2024-02-09 07:30:00+00:00,2.2241588601657325,2.3879776,2.2595293669916154
2024-02-09 08:30:00+00:00,2.8887664258241177,3.075,2.885539081692696
2024-02-09 09:30:00+00:00,2.895636233959962,3.075,2.860079821944237
2024-02-09 10:30:00+00:00,2.8311072729886804,3.075,2.8345517933368685
2024-02-09 11:30:00+00:00,2.9640789281767486,3.075,2.833708193898201
2024-02-09 12:30:00+00:00,2.5579812183644037,2.805976536,2.574292596304642
2024-02-09 13:30:00+00:00,0.9590798502230647,1.0613683680000001,0.9865281725229913
2024-02-09 14:30:00+00:00,0.5465789216177634,0.599568754,0.5569829712932625
2024-02-09 15:30:00+00:00,0.2647447659555248,0.28134064300000006,0.2592467732542687
2024-02-09 16:30:00+00:00,0.374077735622619,0.38331761979999995,0.3578095084572122
2024-02-09 17:30:00+00:00,0.1243041716206015,0.13378820480000006,0.12473058798502909
2024-02-09 18:30:00+00:00,1.3565378130369774,1.4046141299999997,1.3341850954688832
2024-02-09 19:30:00+00:00,2.9290349518862824,3.001836596,2.865345088708206
2024-02-09 20:30:00+00:00,2.862926353703903,3.075,2.946435359120369
2024-02-09 21:30:00+00:00,3.00304047182696,3.073399992,2.9298628729690477
2024-02-09 22:30:00+00:00,2.930917469853118,3.074074344,2.9215355527011337
2024-02-09 23:30:00+00:00,2.790007467661908,3.0510143280000004,2.8954302608937534
2024-02-10 00:30:00+00:00,2.9622879162425995,3.075,2.9152038514614107
2024-02-10 01:30:00+00:00,2.986788771867756,3.075,2.9171245217323305
2024-02-10 02:30:00+00:00,2.890052754378171,3.075,2.91551413834095
2024-02-10 03:30:00+00:00,1.408520209956293,1.4929317020000001,1.4162824757517358
2024-02-10 04:30:00+00:00,0.0,0.0,0.003926931414753199
2024-02-10 05:30:00+00:00,0.0,0.0,0.002989459317177534
2024-02-10 06:30:00+00:00,0.0,0.0,6.400219717761502e-06
2024-02-10 07:30:00+00:00,0.36332223246287426,0.3974048176,0.3751260952243687
2024-02-10 08:30:00+00:00,2.624486270561359,2.791384656,2.626632008719307
2024-02-10 09:30:00+00:00,2.8255288648454164,3.075,2.848405119776726
2024-02-10 10:30:00+00:00,2.808021445301495,3.075,2.8368262469768526
2024-02-10 11:30:00+00:00,2.7701409735979725,3.075,2.8334025263786318
2024-02-10 12:30:00+00:00,2.441931274742041,2.6490431439999993,2.4369411182527
2024-02-10 13:30:00+00:00,0.7743390898318014,0.8650711679999998,0.7977294231002501
2024-02-10 14:30:00+00:00,0.08785130170193192,0.09359689839999999,0.08794755619834985
2024-02-10 15:30:00+00:00,0.5475156255046382,0.599568754,0.5553826908891716
2024-02-10 16:30:00+00:00,2.4317888520424784,2.5462651000000003,2.392645274160004
2024-02-10 17:30:00+00:00,1.855873912200138,1.8975448000000001,1.7949764492676736
2024-02-10 18:30:00+00:00,1.3546540170330486,1.4445713799999997,1.3728785183833883
2024-02-10 19:30:00+00:00,2.7394971147631315,3.075,2.9169573158025743
2024-02-10 20:30:00+00:00,2.9015433865043545,3.075,2.921433848142624
2024-02-10 21:30:00+00:00,2.934112621530474,3.075,2.915279147028923
2024-02-10 22:30:00+00:00,2.8448618628599545,3.075,2.9262957841157915
2024-02-10 23:30:00+00:00,2.9485958766885276,3.075,2.92297677397728
2024-02-11 00:30:00+00:00,3.02978780748207,3.075,2.9262832671403887
2024-02-11 01:30:00+00:00,2.863275352949123,3.075,2.9259376347064974
2024-02-11 02:30:00+00:00,2.8256366675372235,3.075,2.921494346857071
2024-02-11 03:30:00+00:00,2.913323440635876,3.075,2.9121779024600984
2024-02-11 04:30:00+00:00,2.90051589538975,3.073399992,2.9015002113689348
2024-02-11 05:30:00+00:00,2.9586927549882267,3.075,2.9194795161485674
2024-02-11 06:30:00+00:00,0.0,0.0,0.0005295445444062352
2024-02-11 07:30:00+00:00,2.8836995550288558,3.075,2.8898916810750963
2024-02-11 08:30:00+00:00,2.8723598719745063,3.075,2.87629012465477
2024-02-11 09:30:00+00:00,2.853817725232175,3.075,2.858757671713829
2024-02-11 10:30:00+00:00,3.0345170321144233,3.075,2.832525518536568
2024-02-11 11:30:00+00:00,2.822001310571723,3.075,2.8241670548915865
2024-02-11 12:30:00+00:00,2.9106464041500866,3.075,2.827974033355713
2024-02-11 13:30:00+00:00,2.802889875746514,3.075,2.830167216062546
2024-02-11 14:30:00+00:00,2.776323452042241,3.075,2.847348150610924
2024-02-11 15:30:00+00:00,2.821565288244165,3.075,2.864606720209122
2024-02-11 16:30:00+00:00,2.93573317679763,3.0645665720000004,2.8683458462252354
2024-02-11 17:30:00+00:00,2.9486751998705194,3.075,2.8987213343381883
2024-02-11 18:30:00+00:00,2.925354432682142,3.075,2.91574079990387
2024-02-11 19:30:00+00:00,2.868765639472349,3.075,2.9204099595546724
2024-02-11 20:30:00+00:00,2.8600871759738866,3.075,2.9203098833560945
2024-02-11 21:30:00+00:00,2.8990713024269192,3.075,2.9167719900608065
2024-02-11 22:30:00+00:00,2.9805509030773463,3.075,2.9185653150081636
2024-02-11 23:30:00+00:00,2.8490535542632554,3.075,2.9169743776321413
2024-02-12 00:30:00+00:00,2.9228359655387255,3.075,2.9220110297203066
2024-02-12 01:30:00+00:00,2.945705434474041,3.075,2.917122182250023
2024-02-12 02:30:00+00:00,2.9511852866235793,3.075,2.9213386297225954
2024-02-12 03:30:00+00:00,3.0148520960393705,3.075,2.9241955399513246
2024-02-12 04:30:00+00:00,2.0624495637337157,2.2224562359999998,2.114680175299583
2024-02-12 05:30:00+00:00,2.928945632267495,3.075,2.925686609745026
2024-02-12 06:30:00+00:00,2.9638179692575846,3.075,2.918608632683754
2024-02-12 07:30:00+00:00,2.8600264483816296,3.075,2.8966198533773424
2024-02-12 08:30:00+00:00,2.8267040679736026,3.075,2.876760658621788
2024-02-12 09:30:00+00:00,2.9625746615752613,3.075,2.852442201972008
2024-02-12 10:30:00+00:00,2.7459942553468117,3.075,2.8401405930519106
2024-02-12 11:30:00+00:00,2.6955321806815187,3.075,2.827923771739006
2024-02-12 12:30:00+00:00,2.822727763212661,3.075,2.829704162478447
2024-02-12 13:30:00+00:00,0.0,0.0,0.0
2024-02-12 14:30:00+00:00,0.0,0.0,0.0
2024-02-12 15:30:00+00:00,0.0,0.0,0.0005315085873007774
2024-02-12 16:30:00+00:00,0.0,0.0,0.000990255270153284
2024-02-12 17:30:00+00:00,0.0,0.0,0.0005879855016246438
2024-02-12 18:30:00+00:00,0.0,0.0,0.0
2024-02-12 19:30:00+00:00,0.0,0.0,0.0
2024-02-12 20:30:00+00:00,0.0,0.0,0.0
2024-02-12 21:30:00+00:00,0.0,0.0,0.0
2024-02-12 22:30:00+00:00,0.0,0.0,0.0
2024-02-12 23:30:00+00:00,0.0,0.0,0.0
2024-02-13 00:30:00+00:00,2.8640670496629252,3.075,2.917068433761597
2024-02-13 01:30:00+00:00,2.828650435475042,3.075,2.9180619388818743
2024-02-13 02:30:00+00:00,2.9065083106409837,3.075,2.9210517674684526
2024-02-13 03:30:00+00:00,2.8918360465197352,3.075,2.927200120687485
2024-02-13 04:30:00+00:00,2.4274757752886122,2.612793544,2.486640328234047
2024-02-13 05:30:00+00:00,2.9329772508238205,3.072698456,2.920663800786644
2024-02-13 06:30:00+00:00,2.9549801197563244,3.075,2.9363415360450746
2024-02-13 07:30:00+00:00,2.919991037982075,3.075,2.8958805173635485
2024-02-13 08:30:00+00:00,2.9317275518036565,3.075,2.8746329963207247
2024-02-13 09:30:00+00:00,2.9229183725856758,3.075,2.853365269303322
2024-02-13 10:30:00+00:00,2.7047646563340506,3.075,2.839216497540474
2024-02-13 11:30:00+00:00,2.8871650322167337,3.075,2.8261432468891146
2024-02-13 12:30:00+00:00,2.8123034962363866,3.075,2.822802793979645
2024-02-13 13:30:00+00:00,2.837414181100778,3.075,2.8288367807865145
2024-02-13 14:30:00+00:00,2.7768659273233953,3.075,2.836833429336548
2024-02-13 15:30:00+00:00,0.0,0.0,0.00044846668606624007
2024-02-13 16:30:00+00:00,0.0,0.0,0.0011962410062551498
2024-02-13 17:30:00+00:00,0.0,0.0,0.0028025945648550987
2024-02-13 18:30:00+00:00,0.0,0.0,0.0009673453168943524
2024-02-13 19:30:00+00:00,0.0,0.0,0.0004735390830319375
2024-02-13 20:30:00+00:00,0.0,0.0,0.00021957662829663604
2024-02-13 21:30:00+00:00,0.0,0.0,0.0
2024-02-13 22:30:00+00:00,0.0,0.0,0.0
2024-02-13 23:30:00+00:00,0.0,0.0,0.002579324645921588
2024-02-14 00:30:00+00:00,2.874167830165703,3.075,2.914893162250519
2024-02-14 01:30:00+00:00,2.84882870654676,3.075,2.9164499014616014
2024-02-14 02:30:00+00:00,2.9292178773755784,3.075,2.9221892029047014
2024-02-14 03:30:00+00:00,2.933872846953633,3.075,2.924353924393654
2024-02-14 04:30:00+00:00,2.903208494017668,3.075,2.922220003604889
2024-02-14 05:30:00+00:00,2.801587645240777,3.075,2.921544772386551
2024-02-14 06:30:00+00:00,2.938751598805067,3.075,2.9143643945455553
2024-02-14 07:30:00+00:00,0.0,0.0,0.001392901293002069
2024-02-14 08:30:00+00:00,0.0,0.0,0.001986559247598052
2024-02-14 09:30:00+00:00,0.0,0.0,0.00204266095533967
2024-02-14 10:30:00+00:00,0.0,0.0,0.0
2024-02-14 11:30:00+00:00,0.0,0.0,0.0
2024-02-14 12:30:00+00:00,0.0,0.0,0.0
2024-02-14 13:30:00+00:00,0.0,0.0,0.0
2024-02-14 14:30:00+00:00,0.0,0.0,0.0
2024-02-14 15:30:00+00:00,0.0,0.0,0.0
2024-02-14 16:30:00+00:00,2.75195645241866,3.075,2.8783946305513384
2024-02-14 17:30:00+00:00,2.8022602235181107,3.075,2.9023806273937227
2024-02-14 18:30:00+00:00,2.9377847963674424,3.075,2.9167896181344988
2024-02-14 19:30:00+00:00,0.0,0.0,0.0008354357560165226
2024-02-14 20:30:00+00:00,0.0,0.0,0.0
2024-02-14 21:30:00+00:00,0.0,0.0,0.0
2024-02-14 22:30:00+00:00,0.0,0.0,0.0
2024-02-14 23:30:00+00:00,0.0,0.0,0.0
2024-02-15 00:30:00+00:00,0.0,0.0,0.0
2024-02-15 01:30:00+00:00,0.0,0.0,0.0
2024-02-15 02:30:00+00:00,0.0,0.0,7.5706666393671185e-06
2024-02-15 03:30:00+00:00,0.0,0.0,0.0
2024-02-15 04:30:00+00:00,2.878715517131791,3.075,2.922417771816254
2024-02-15 05:30:00+00:00,2.904104982137924,3.075,2.915232625603676
2024-02-15 06:30:00+00:00,2.9490708466671745,3.075,2.9224701046943666
2024-02-15 07:30:00+00:00,2.8354300330421145,3.075,2.892554295063019
2024-02-15 08:30:00+00:00,2.8601332212405617,3.075,2.8743516474962236
2024-02-15 09:30:00+00:00,2.7422964952596995,3.075,2.853661593794823
2024-02-15 10:30:00+00:00,2.9507341607371784,3.075,2.833979380130768
2024-02-15 11:30:00+00:00,2.8642296056284215,3.075,2.826946747303009
2024-02-15 12:30:00+00:00,2.727259301617435,3.075,2.8348014026880266
2024-02-15 13:30:00+00:00,2.8025958756243456,3.075,2.839232471585274
2024-02-15 14:30:00+00:00,2.8478319530610183,3.075,2.840673264861107
2024-02-15 15:30:00+00:00,2.880833581101481,3.075,2.8634151786565782
2024-02-15 16:30:00+00:00,2.853610860931898,3.075,2.8725326329469683
2024-02-15 17:30:00+00:00,0.0,0.0,0.0
2024-02-15 18:30:00+00:00,0.0,0.0,0.0003513435658533126
2024-02-15 19:30:00+00:00,0.0,0.0,0.0
2024-02-15 20:30:00+00:00,0.0,0.0,0.0
2024-02-15 21:30:00+00:00,0.0,0.0,0.0
2024-02-15 22:30:00+00:00,0.0,0.0,0.0
2024-02-15 23:30:00+00:00,0.0,0.0,0.0
2024-02-16 00:30:00+00:00,0.0,0.0,0.0
2024-02-16 01:30:00+00:00,2.9823495140035954,3.075,2.9181586623191835
2024-02-16 02:30:00+00:00,2.8804139337550407,3.075,2.92562675178051
2024-02-16 03:30:00+00:00,2.9394611369939487,3.075,2.928777647018433
2024-02-16 04:30:00+00:00,2.872985173811653,3.01996148,2.8931062258267213
2024-02-16 05:30:00+00:00,2.9320360158248375,3.075,2.9249426394701006
2024-02-16 06:30:00+00:00,2.8896356986433256,3.075,2.9167413979768755
2024-02-16 07:30:00+00:00,2.879776919422896,3.075,2.891091075539589
2024-02-16 08:30:00+00:00,2.757886323858925,3.075,2.8808121353387834
2024-02-16 09:30:00+00:00,2.8796442245829508,3.075,2.8605314463377
2024-02-16 10:30:00+00:00,2.7310987414306225,3.075,2.8356484889984133
2024-02-16 11:30:00+00:00,2.9435655878175844,3.075,2.8330811083316805
2024-02-16 12:30:00+00:00,2.7988943333321528,3.075,2.83164559006691
2024-02-16 13:30:00+00:00,2.9296580944107546,3.075,2.8294098347425463
2024-02-16 14:30:00+00:00,2.9043284254521096,3.075,2.8328819394111635
2024-02-16 15:30:00+00:00,2.9159609621458142,3.075,2.859546658396721
2024-02-16 16:30:00+00:00,2.939852041219985,3.075,2.8733712106943132
2024-02-16 17:30:00+00:00,2.934770541634486,3.075,2.8985039412975313
2024-02-16 18:30:00+00:00,0.0,0.0,0.0009652809239923954
2024-02-16 19:30:00+00:00,0.0,0.0,0.0
2024-02-16 20:30:00+00:00,0.0,0.0,0.0
2024-02-16 21:30:00+00:00,2.890887208632056,3.075,2.918887895345688
2024-02-16 22:30:00+00:00,2.906349374917665,3.075,2.919172164797783
2024-02-16 23:30:00+00:00,2.7849485928520443,3.075,2.9214996665716173
2024-02-17 00:30:00+00:00,2.9237586998394565,3.075,2.9187290191650392
2024-02-17 01:30:00+00:00,3.0507180098947733,3.063744252,2.911349405918266
2024-02-17 02:30:00+00:00,2.484096573249331,2.591519088,2.462226480692566
2024-02-17 03:30:00+00:00,2.5026189225028794,2.60976,2.481172843465805
2024-02-17 04:30:00+00:00,0.6985732947901957,0.716737392,0.6791609289265079
2024-02-17 05:30:00+00:00,1.7393922484865747,1.8095068000000003,1.7208684570830348
2024-02-17 06:30:00+00:00,1.8795725066514257,1.9722875439999996,1.8739912965773045
2024-02-17 07:30:00+00:00,0.6138139804422943,0.6506043800000001,0.6146736272457887
2024-02-17 08:30:00+00:00,0.0,0.0,0.0
2024-02-17 09:30:00+00:00,0.10521415548251582,0.1147874816,0.10723210718999658
2024-02-17 10:30:00+00:00,1.9378181879832663,2.1741469479999997,2.012083960314796
2024-02-17 11:30:00+00:00,2.8148889548159572,3.075,2.8342635303735735
2024-02-17 12:30:00+00:00,2.760958376686849,3.075,2.8324396133422853
2024-02-17 13:30:00+00:00,2.8209926127727942,3.075,2.8338089406490328
2024-02-17 14:30:00+00:00,2.905717207963879,3.075,2.8380554735660555
2024-02-17 15:30:00+00:00,2.839358190975589,3.075,2.854232293367386
2024-02-17 16:30:00+00:00,2.9060321653908603,3.075,2.879333105683327
2024-02-17 17:30:00+00:00,2.965605024522302,3.075,2.902088087797165
2024-02-17 18:30:00+00:00,0.0,0.0,0.0
2024-02-17 19:30:00+00:00,0.0,0.0,0.0
2024-02-17 20:30:00+00:00,2.9421960284631474,3.075,2.917900022864342
2024-02-17 21:30:00+00:00,2.8019426055275187,3.075,2.922102478146553
2024-02-17 22:30:00+00:00,2.8627692647440957,3.075,2.9222435623407366
2024-02-17 23:30:00+00:00,2.9549427100787584,3.075,2.919097375869751
2024-02-18 00:30:00+00:00,2.9568103739050735,3.075,2.9227020859718325
2024-02-18 01:30:00+00:00,2.7893481743110766,3.075,2.9210389971733095
2024-02-18 02:30:00+00:00,2.9419307931267333,3.075,2.9193429470062258
2024-02-18 03:30:00+00:00,2.8853198703555907,3.0606472140000003,2.9077257310793536
2024-02-18 04:30:00+00:00,1.7784321078834913,1.8888064000000002,1.7920588302601816
2024-02-18 05:30:00+00:00,2.4293491989695846,2.4676528,2.340992065584946
2024-02-18 06:30:00+00:00,3.0264679525087006,3.075,2.9234010547399523
2024-02-18 07:30:00+00:00,2.8447105956662324,3.075,2.903547701239586
2024-02-18 08:30:00+00:00,0.0,0.0,0.0
2024-02-18 09:30:00+00:00,0.0,0.0,0.0
2024-02-18 10:30:00+00:00,0.0,0.0,0.0002095186646329239
2024-02-18 11:30:00+00:00,0.0,0.0,0.0
2024-02-18 12:30:00+00:00,0.0,0.0,0.0
2024-02-18 13:30:00+00:00,0.0,0.0,0.0
2024-02-18 14:30:00+00:00,0.0,0.0,0.0
2024-02-18 15:30:00+00:00,0.0,0.0,0.0
2024-02-18 16:30:00+00:00,0.0,0.0,0.0
2024-02-18 17:30:00+00:00,0.0,0.0,0.0
2024-02-18 18:30:00+00:00,0.0,0.0,0.0
2024-02-18 19:30:00+00:00,0.0,0.0,0.0
2024-02-18 20:30:00+00:00,0.0,0.0,0.0
2024-02-18 21:30:00+00:00,0.0,0.0,0.0012515257112681866
2024-02-18 22:30:00+00:00,0.0,0.0,0.0012515257112681866
2024-02-18 23:30:00+00:00,0.0,0.0,0.0
2024-02-19 00:30:00+00:00,0.0,0.0,0.0010475150775164366
2024-02-19 01:30:00+00:00,0.0,0.0,0.0010475150775164366
2024-02-19 02:30:00+00:00,0.0,0.0,7.246409950312227e-05
2024-02-19 03:30:00+00:00,0.0,0.0,0.00021919513528700918
2024-02-19 04:30:00+00:00,0.0,0.0,0.00021919513528700918
2024-02-19 05:30:00+00:00,0.0,0.0,0.0002361542428843677
2024-02-19 06:30:00+00:00,0.0,0.0,0.0001730131625663489
2024-02-19 07:30:00+00:00,0.0,0.0,0.00017795564781408757
2024-02-19 08:30:00+00:00,0.0,0.0,0.00017795564781408757
2024-02-19 09:30:00+00:00,0.0,0.0,0.0
2024-02-19 10:30:00+00:00,0.0,0.0,0.0
2024-02-19 11:30:00+00:00,0.0,0.0,0.0
2024-02-19 12:30:00+00:00,0.0,0.0,0.0
2024-02-19 13:30:00+00:00,0.0,0.0,0.0
2024-02-19 14:30:00+00:00,0.0,0.0,0.0
2024-02-19 15:30:00+00:00,0.0,0.0,0.0
2024-02-19 16:30:00+00:00,0.0,0.0,0.0
2024-02-19 17:30:00+00:00,2.9504593308738385,3.075,2.899094817042351
2024-02-19 18:30:00+00:00,2.910044726754293,3.075,2.9196274995803835
2024-02-19 19:30:00+00:00,2.871860849228238,3.075,2.917890948057175
2024-02-19 20:30:00+00:00,2.840768288121319,3.075,2.91641880273819
2024-02-19 21:30:00+00:00,2.874214307629161,3.075,2.924714532494545
2024-02-19 22:30:00+00:00,2.8897804064694355,3.075,2.9161876112222673
2024-02-19 23:30:00+00:00,3.0776186686056515,3.075,2.9144193649291994
2024-02-20 00:30:00+00:00,2.9589885206656663,3.075,2.9245999276638033
2024-02-20 01:30:00+00:00,2.9020063427161773,3.075,2.921114665269852
2024-02-20 02:30:00+00:00,2.9630712897435454,3.075,2.918209281563759
2024-02-20 03:30:00+00:00,2.978453853911384,3.075,2.9215142101049425
2024-02-20 04:30:00+00:00,2.9865865548923796,3.075,2.91863067150116
2024-02-20 05:30:00+00:00,2.812712655727197,3.075,2.9188804745674135
2024-02-20 06:30:00+00:00,3.0011982685507523,3.075,2.9170800119638445
2024-02-20 07:30:00+00:00,2.910429795778967,3.075,2.9001219838857653
2024-02-20 08:30:00+00:00,0.0,0.0,0.0002347175031900406
2024-02-20 09:30:00+00:00,0.0,0.0,0.0002347175031900406
2024-02-20 10:30:00+00:00,0.0,0.0,0.00026628049090504646
2024-02-20 11:30:00+00:00,0.0,0.0,0.0
2024-02-20 12:30:00+00:00,0.0,0.0,0.0
2024-02-20 13:30:00+00:00,0.0,0.0,0.0
2024-02-20 14:30:00+00:00,0.0,0.0,0.0
2024-02-20 15:30:00+00:00,0.0,0.0,0.0
2024-02-20 16:30:00+00:00,0.0,0.0,0.0
2024-02-20 17:30:00+00:00,0.0,0.0,0.0
2024-02-20 18:30:00+00:00,2.984841090851166,3.075,2.9202094942331316
2024-02-20 19:30:00+00:00,0.0,0.0,0.0
2024-02-20 20:30:00+00:00,0.0,0.0,0.0
2024-02-20 21:30:00+00:00,0.0,0.0,0.0
2024-02-20 22:30:00+00:00,0.0,0.0,0.00034480978501960635
2024-02-20 23:30:00+00:00,0.0,0.0,0.00019385335326660424
2024-02-21 00:30:00+00:00,2.9596301329544876,3.075,2.92190560400486
2024-02-21 01:30:00+00:00,2.8296867655770512,3.075,2.9238523662090303
2024-02-21 02:30:00+00:00,2.9361045385401385,3.075,2.9235505133867266
2024-02-21 03:30:00+00:00,0.0,0.0,0.0
2024-02-21 04:30:00+00:00,0.0,0.0,0.0
2024-02-21 05:30:00+00:00,0.0,0.0,0.00021229754202067852
2024-02-21 06:30:00+00:00,0.0,0.0,0.0
2024-02-21 07:30:00+00:00,0.0,0.0,0.0
2024-02-21 08:30:00+00:00,0.0,0.0,0.0
2024-02-21 09:30:00+00:00,0.0,0.0,0.0
2024-02-21 10:30:00+00:00,0.0,0.0,0.0007618879899382591
2024-02-21 11:30:00+00:00,0.0,0.0,0.00042345153633505106
2024-02-21 12:30:00+00:00,2.864268269046658,3.075,2.8335199028253557
2024-02-21 13:30:00+00:00,2.8983769727414814,3.075,2.8306136548519136
2024-02-21 14:30:00+00:00,0.0,0.0,0.0
2024-02-21 15:30:00+00:00,0.0,0.0,0.0
2024-02-21 16:30:00+00:00,0.0,0.0,0.0
2024-02-21 17:30:00+00:00,0.0,0.0,0.0
2024-02-21 18:30:00+00:00,0.0,0.0,0.0
2024-02-21 19:30:00+00:00,0.0,0.0,0.0
2024-02-21 20:30:00+00:00,0.0,0.0,0.0
2024-02-21 21:30:00+00:00,2.850811482461759,3.075,2.9197855263948442
2024-02-21 22:30:00+00:00,3.068807735772832,3.075,2.9239361703395845
2024-02-21 23:30:00+00:00,2.8722867736473985,3.075,2.9243903875350954
2024-02-22 00:30:00+00:00,2.9132595209655876,3.075,2.9221680134534838
2024-02-22 01:30:00+00:00,2.8566174605027816,3.075,2.918603238463402
2024-02-22 02:30:00+00:00,2.882729736809958,3.075,2.918921944499016
2024-02-22 03:30:00+00:00,2.8835548940324798,3.075,2.917437639832497
2024-02-22 04:30:00+00:00,2.8660287031314633,3.075,2.9198556661605837
2024-02-22 05:30:00+00:00,2.8697392834458353,3.075,2.9210744917392732
2024-02-22 06:30:00+00:00,2.893533226904457,3.075,2.9189007848501207
2024-02-22 07:30:00+00:00,2.9179520287244576,3.075,2.8965546160936357
2024-02-22 08:30:00+00:00,2.889219063441556,3.075,2.8747573465108873
2024-02-22 09:30:00+00:00,2.8494530757974665,3.075,2.8508266776800157
2024-02-22 10:30:00+00:00,2.857732219882576,3.075,2.8325598657131197
2024-02-22 11:30:00+00:00,2.6977020978977815,3.075,2.828398805856705
2024-02-22 12:30:00+00:00,2.8343208978448993,3.075,2.828063201904297
2024-02-22 13:30:00+00:00,0.0,0.0,0.0
2024-02-22 14:30:00+00:00,0.0,0.0,0.0
2024-02-22 15:30:00+00:00,2.9075851593049156,3.075,2.849937137961388
2024-02-22 16:30:00+00:00,0.0,0.0,0.0
2024-02-22 17:30:00+00:00,0.0,0.0,0.0
2024-02-22 18:30:00+00:00,0.0,0.0,0.0
2024-02-22 19:30:00+00:00,0.0,0.0,0.0
2024-02-22 20:30:00+00:00,0.0,0.0,0.0
2024-02-22 21:30:00+00:00,0.0,0.0,0.0
2024-02-22 22:30:00+00:00,0.0,0.0,0.0
2024-02-22 23:30:00+00:00,0.0,0.0,0.0
2024-02-23 00:30:00+00:00,2.99668352875573,3.075,2.915785771608353
2024-02-23 01:30:00+00:00,2.930460743574016,3.075,2.921987083554268
2024-02-23 02:30:00+00:00,0.7608298956485289,0.832306944,0.7970323489777985
2024-02-23 03:30:00+00:00,0.0,0.0,0.0
2024-02-23 04:30:00+00:00,0.0,0.0,0.0006367599125951529
2024-02-23 05:30:00+00:00,0.0,0.0,0.0
2024-02-23 06:30:00+00:00,0.9614189386242175,0.9992000000000001,0.9458571956872941
2024-02-23 07:30:00+00:00,1.2661438174706514,1.3536138423999997,1.2819107287844869
2024-02-23 08:30:00+00:00,2.7237453817855646,2.8943398800000004,2.7180212941273503
2024-02-23 09:30:00+00:00,2.8674172015474495,3.073728072,2.850737574053261
2024-02-23 10:30:00+00:00,2.8171308678729066,3.075,2.836497795581818
2024-02-23 11:30:00+00:00,2.7712277457396484,3.046973674,2.8062245830900423
2024-02-23 12:30:00+00:00,0.8391664810707535,0.9081351936000002,0.8388785600798738
2024-02-23 13:30:00+00:00,2.220473221657154,2.3678884000000004,2.1896354049858098
2024-02-23 14:30:00+00:00,2.728676693625605,3.075,2.8407891362905504
2024-02-23 15:30:00+00:00,2.8497799274520803,3.075,2.861305457353592
2024-02-23 16:30:00+00:00,2.9389021745645776,3.075,2.8734477132558824
2024-02-23 17:30:00+00:00,0.0,0.0,0.0005524152074940503
2024-02-23 18:30:00+00:00,2.798802881381038,3.075,2.92144789993763
2024-02-23 19:30:00+00:00,2.769719605304464,3.075,2.920453605055809
2024-02-23 20:30:00+00:00,2.9005468028041084,3.075,2.9168671637773516
2024-02-23 21:30:00+00:00,2.9590045507805707,3.075,2.920661073923111
2024-02-23 22:30:00+00:00,2.9007962041823645,3.075,2.921056550741196
2024-02-23 23:30:00+00:00,2.9400461407489837,3.075,2.9204264998435976
2024-02-24 00:30:00+00:00,2.885973284678819,3.075,2.920535442233086
2024-02-24 01:30:00+00:00,2.8997195578259896,3.075,2.9200649678707125
2024-02-24 02:30:00+00:00,2.923245540423669,3.075,2.9177161872386934
2024-02-24 03:30:00+00:00,2.9264397337149486,3.075,2.92042652964592
2024-02-24 04:30:00+00:00,2.5397272928023202,2.6610664,2.5252077748264314
2024-02-24 05:30:00+00:00,1.3654633425070324,1.466617256,1.3918373431706008
2024-02-24 06:30:00+00:00,1.5433654831505392,1.6180282260000003,1.5371506015478862
2024-02-24 07:30:00+00:00,2.7698104611701653,3.073728072,2.902278470349762
2024-02-24 08:30:00+00:00,2.742974920169101,3.075,2.872216296195984
2024-02-24 09:30:00+00:00,2.876113752801225,3.0716156320000003,2.8506547020101856
2024-02-24 10:30:00+00:00,2.331022766445777,2.503157200000001,2.3093082026454934
2024-02-24 11:30:00+00:00,1.236886075910777,1.341519438,1.236012108893669
2024-02-24 12:30:00+00:00,2.0281193968179667,2.1741469479999997,2.0046135611734845
2024-02-24 13:30:00+00:00,2.7754435198169385,3.070190624,2.825158373118805
2024-02-24 14:30:00+00:00,2.707502196376832,3.0072333799999997,2.7673504488867566
2024-02-24 15:30:00+00:00,2.77708059895581,3.075,2.856097009778023
2024-02-24 16:30:00+00:00,2.887921131867998,3.075,2.873435300588608
2024-02-24 17:30:00+00:00,1.1296903326444696,1.1933619219999998,1.1287364725213735
2024-02-24 18:30:00+00:00,3.043703159339106,3.075,2.9183844447135927
2024-02-24 19:30:00+00:00,2.7349735594193283,2.8396501199999995,2.6991689460078425
2024-02-24 20:30:00+00:00,0.5740784807715483,0.5926652802000002,0.5616122884521441
2024-02-24 21:30:00+00:00,0.1579551316096446,0.1624811384,0.15328440248147812
2024-02-24 22:30:00+00:00,0.056299206559362366,0.05866097000000001,0.054928005836353905
2024-02-24 23:30:00+00:00,1.1410252623147985,1.1933619219999998,1.1347671959739416
2024-02-25 00:30:00+00:00,2.9057666671619455,3.057111352,2.9198642366263887
2024-02-25 01:30:00+00:00,2.837635434184051,3.075,2.9249760627746584
2024-02-25 02:30:00+00:00,2.849571592497966,3.075,2.9351760864257814
2024-02-25 03:30:00+00:00,2.990428237646293,3.075,2.9171873897314073
2024-02-25 04:30:00+00:00,2.894924049918125,3.075,2.9174431383609774
2024-02-25 05:30:00+00:00,2.9704348827938416,3.075,2.9208242863416674
2024-02-25 06:30:00+00:00,2.9121533247423557,3.075,2.9222601473331453
2024-02-25 07:30:00+00:00,2.8167486301944886,3.075,2.893473979830742
2024-02-25 08:30:00+00:00,2.905033856893012,3.075,2.874272879958153
2024-02-25 09:30:00+00:00,2.916742181490976,3.075,2.8514520198106768
2024-02-25 10:30:00+00:00,2.838193011978023,3.075,2.8350816488265993
2024-02-25 11:30:00+00:00,2.7509492899477554,3.075,2.8321625113487245
2024-02-25 12:30:00+00:00,2.705679834359881,3.075,2.8268970966339113
2024-02-25 13:30:00+00:00,2.8700321240855997,3.075,2.826159653067589
2024-02-25 14:30:00+00:00,2.8332669021755508,3.075,2.838714209198952
2024-02-25 15:30:00+00:00,2.839081788693973,3.075,2.860845220088959
2024-02-25 16:30:00+00:00,2.962540055553672,3.075,2.8762159019708635
2024-02-25 17:30:00+00:00,2.988154445220935,3.075,2.8988617926836016
2024-02-25 18:30:00+00:00,2.9012934578643783,3.075,2.9177272588014604
2024-02-25 19:30:00+00:00,2.9443555788460345,3.075,2.9186919748783113
2024-02-25 20:30:00+00:00,3.0074336751579924,3.075,2.9108997851610185
2024-02-25 21:30:00+00:00,2.879000900281454,3.075,2.914542716741562
2024-02-25 22:30:00+00:00,0.0,0.0,0.0009400881244800985
2024-02-25 23:30:00+00:00,0.0,0.0,0.0
2024-02-26 00:30:00+00:00,0.0,0.0,0.0
2024-02-26 01:30:00+00:00,0.0,0.0,0.0
2024-02-26 02:30:00+00:00,0.0,0.0,0.0
2024-02-26 03:30:00+00:00,0.0,0.0,0.0
2024-02-26 04:30:00+00:00,0.0,0.0,0.0
2024-02-26 05:30:00+00:00,0.0,0.0,0.0
2024-02-26 06:30:00+00:00,0.0,0.0,7.007477688603103e-05
2024-02-26 07:30:00+00:00,0.0,0.0,0.0
2024-02-26 08:30:00+00:00,2.788120590808318,3.075,2.8776380985975267
2024-02-26 09:30:00+00:00,2.8467805846184127,3.075,2.8580037474632265
2024-02-26 10:30:00+00:00,2.931584871375564,3.075,2.836394038796425
2024-02-26 11:30:00+00:00,2.9565082246383345,3.075,2.826248970627785
2024-02-26 12:30:00+00:00,2.97989318653523,3.075,2.8258333772420885
2024-02-26 13:30:00+00:00,2.811245065249024,3.075,2.824634236097336
2024-02-26 14:30:00+00:00,0.0,0.0,0.0
2024-02-26 15:30:00+00:00,0.0,0.0,0.0
2024-02-26 16:30:00+00:00,0.0,0.0,0.0
2024-02-26 17:30:00+00:00,0.0,0.0,0.0
2024-02-26 18:30:00+00:00,0.0,0.0,0.0
2024-02-26 19:30:00+00:00,0.0,0.0,0.00019322348816785961
2024-02-26 20:30:00+00:00,0.0,0.0,0.0
2024-02-26 21:30:00+00:00,0.0,0.0,1.4541412383550778e-05
2024-02-26 22:30:00+00:00,0.0,0.0,0.0026934058405458927
2024-02-26 23:30:00+00:00,0.0,0.0,0.0
2024-02-27 00:30:00+00:00,0.0,0.0,0.0
2024-02-27 01:30:00+00:00,0.0,0.0,0.0
2024-02-27 02:30:00+00:00,0.0,0.0,0.0
2024-02-27 03:30:00+00:00,0.0,0.0,0.0
2024-02-27 04:30:00+00:00,2.9424156172394715,3.075,2.9103298753499987
2024-02-27 05:30:00+00:00,2.9866055460417034,3.075,2.9143650352954866
2024-02-27 06:30:00+00:00,2.895682113568914,3.075,2.915956881642342
2024-02-27 07:30:00+00:00,2.8754609878036415,3.075,2.898803335428238
2024-02-27 08:30:00+00:00,2.8561525254402276,3.075,2.8682551950216295
2024-02-27 09:30:00+00:00,2.78072343259381,3.075,2.8572752296924593
2024-02-27 10:30:00+00:00,2.8607622288392895,3.075,2.8405821442604067
2024-02-27 11:30:00+00:00,2.8095510405346773,3.075,2.832236659526825
2024-02-27 12:30:00+00:00,2.9316648105900294,3.075,2.8263035833835604
2024-02-27 13:30:00+00:00,2.7730723814614473,3.075,2.8272510290145876
2024-02-27 14:30:00+00:00,0.0,0.0,0.0
2024-02-27 15:30:00+00:00,0.0,0.0,0.0
2024-02-27 16:30:00+00:00,0.0,0.0,0.0
2024-02-27 17:30:00+00:00,0.0,0.0,0.0
2024-02-27 18:30:00+00:00,0.0,0.0,0.0
2024-02-27 19:30:00+00:00,0.0,0.0,0.0
2024-02-27 20:30:00+00:00,0.0,0.0,0.0
2024-02-27 21:30:00+00:00,0.0,0.0,0.0
2024-02-27 22:30:00+00:00,0.0,0.0,0.0
2024-02-27 23:30:00+00:00,0.0,0.0,0.0
2024-02-28 00:30:00+00:00,0.0,0.0,0.0
2024-02-28 01:30:00+00:00,0.0,0.0,0.0
2024-02-28 02:30:00+00:00,0.0,0.0,0.00026024397811852396
2024-02-28 03:30:00+00:00,2.8059665636021256,3.075,2.920205694437027
2024-02-28 04:30:00+00:00,2.820636905582368,3.075,2.9215403616428377
2024-02-28 05:30:00+00:00,2.905681173916033,3.075,2.921783459186554
2024-02-28 06:30:00+00:00,2.9567075312962006,3.075,2.920105513930321
2024-02-28 07:30:00+00:00,2.934472487316214,3.075,2.889875736832619
2024-02-28 08:30:00+00:00,2.897864311861643,3.075,2.869884026050568
2024-02-28 09:30:00+00:00,2.908351513887888,3.075,2.8474655717611315
2024-02-28 10:30:00+00:00,2.815786467587719,3.075,2.838144463300705
2024-02-28 11:30:00+00:00,2.8460707002763,3.075,2.8350908279418947
2024-02-28 12:30:00+00:00,2.8300041495970327,3.075,2.8350141614675524
2024-02-28 13:30:00+00:00,2.851079609843866,3.075,2.8282337307929994
2024-02-28 14:30:00+00:00,2.813611913962862,3.075,2.832752820849419
2024-02-28 15:30:00+00:00,2.840279298729629,3.075,2.8601581871509554
2024-02-28 16:30:00+00:00,2.896859081912563,3.075,2.875569146871567
2024-02-28 17:30:00+00:00,0.0,0.0,0.00016642941045574844
2024-02-28 18:30:00+00:00,0.0,0.0,0.0007134402985684574
2024-02-28 19:30:00+00:00,0.0,0.0,0.00016384154150728136
2024-02-28 20:30:00+00:00,0.0,0.0,0.002569569507613778
2024-02-28 21:30:00+00:00,0.0,0.0,0.0
2024-02-28 22:30:00+00:00,3.038097994650958,3.075,2.920755696296692
2024-02-28 23:30:00+00:00,2.9873640000810506,3.075,2.9192136496305467
2024-02-29 00:30:00+00:00,2.935777660312913,3.075,2.9225146591663362
2024-02-29 01:30:00+00:00,2.948124278240426,3.075,2.9190349251031877
2024-02-29 02:30:00+00:00,2.984852894987957,3.017292204,2.8779543812050856
2024-02-29 03:30:00+00:00,2.825291651537158,3.0072333799999997,2.8602726297777936
2024-02-29 04:30:00+00:00,2.9615177043965386,3.0606472140000003,2.9183519875452655
2024-02-29 05:30:00+00:00,2.9964952861133836,3.0501667379999997,2.8892649978066327
2024-02-29 06:30:00+00:00,2.6603199641082593,2.82198348,2.6842669035429765
2024-02-29 07:30:00+00:00,1.7562820233083398,1.8975448000000001,1.7826752650306703
2024-02-29 08:30:00+00:00,0.893374222762473,0.9081354240000001,0.8470578366935007
2024-02-29 09:30:00+00:00,1.0028206173376597,1.09581324,1.019304285832634
2024-02-29 10:30:00+00:00,0.9853039399051544,1.0613683680000001,0.9880465486945802
2024-02-29 11:30:00+00:00,0.4684784404916327,0.5058418840000001,0.4692648157307473
2024-02-29 12:30:00+00:00,0.05689569618000398,0.06037336400000001,0.054663406202919734
2024-02-29 13:30:00+00:00,0.4356361388125247,0.47140352199999996,0.434332141235754
2024-02-29 14:30:00+00:00,1.8133352310885023,1.9585766560000002,1.801653719560486
2024-02-29 15:30:00+00:00,2.33035940143728,2.6369906239999996,2.455985041786598
2024-02-29 16:30:00+00:00,2.8430197014850487,3.075,2.872304540872574
2024-02-29 17:30:00+00:00,2.8975253200675497,3.075,2.8999581605196
2024-02-29 18:30:00+00:00,0.0,0.0,0.0
2024-02-29 19:30:00+00:00,2.866817830407966,3.075,2.9204992026090624
2024-02-29 20:30:00+00:00,3.010671048121733,3.075,2.919802260398865
2024-02-29 21:30:00+00:00,2.8805660331764686,3.075,2.9195452451705934
2024-02-29 22:30:00+00:00,2.915242141973011,3.075,2.919980821013451
2024-02-29 23:30:00+00:00,2.9643252615466986,3.075,2.917613905668259
2024-03-01 00:30:00+00:00,2.9848461817466037,3.075,2.917941835522652
2024-03-01 01:30:00+00:00,2.9302740778970375,3.075,2.923881781101227
2024-03-01 02:30:00+00:00,2.582441053545526,2.71776776,2.5832975803229905
2024-03-01 03:30:00+00:00,0.3206839709557211,0.34592652580000005,0.32684024682499013
2024-03-01 04:30:00+00:00,2.7072468815654616,2.7207342800000003,2.586604502449303
2024-03-01 05:30:00+00:00,2.9986705063599115,3.075,2.9360911369323732
2024-03-01 06:30:00+00:00,2.9092083706964416,3.075,2.9251068204641344
2024-03-01 07:30:00+00:00,0.0,0.0,0.0
2024-03-01 08:30:00+00:00,0.0,0.0,0.0
2024-03-01 09:30:00+00:00,0.0,0.0,0.00017795564781408757
2024-03-01 10:30:00+00:00,0.0,0.0,0.00026628049090504646
2024-03-01 11:30:00+00:00,0.0,0.0,0.0
2024-03-01 12:30:00+00:00,0.0,0.0,0.0
2024-03-01 13:30:00+00:00,0.0,0.0,0.00019212796178180724
2024-03-01 14:30:00+00:00,0.0,0.0,0.0
2024-03-01 15:30:00+00:00,0.0,0.0,0.0
2024-03-01 16:30:00+00:00,2.911325804775098,3.075,2.878993493318558
2024-03-01 17:30:00+00:00,0.0,0.0,0.0
2024-03-01 18:30:00+00:00,2.942792862882298,3.075,2.921842095255852
2024-03-01 19:30:00+00:00,2.904764820281334,3.075,2.9182992398738863
2024-03-01 20:30:00+00:00,0.0,0.0,0.0
2024-03-01 21:30:00+00:00,3.0035440747988327,3.075,2.9202049344778063
2024-03-01 22:30:00+00:00,0.0,0.0,0.0
2024-03-01 23:30:00+00:00,2.976379680014237,3.075,2.91998704969883
2024-03-02 00:30:00+00:00,2.8652932488406417,3.075,2.920859229564667
2024-03-02 01:30:00+00:00,0.0,0.0,0.0
2024-03-02 02:30:00+00:00,0.0,0.0,0.0
2024-03-02 03:30:00+00:00,0.0,0.0,0.0
2024-03-02 04:30:00+00:00,0.0,0.0,0.0005222362815402448
2024-03-02 05:30:00+00:00,0.0,0.0,0.001200971775688231
2024-03-02 06:30:00+00:00,0.0,0.0,0.001200971775688231
2024-03-02 07:30:00+00:00,0.0,0.0,0.0
2024-03-02 08:30:00+00:00,0.0,0.0,0.0002108608023263514
2024-03-02 09:30:00+00:00,0.0,0.0,0.0002108608023263514
2024-03-02 10:30:00+00:00,0.0,0.0,0.00024242379004135728
2024-03-02 11:30:00+00:00,0.0,0.0,0.00012015854008495808
2024-03-02 12:30:00+00:00,0.0,0.0,0.00036017748061567545
2024-03-02 13:30:00+00:00,0.0,0.0,0.0
2024-03-02 14:30:00+00:00,0.0,0.0,0.0
2024-03-02 15:30:00+00:00,0.0,0.0,0.0
2024-03-02 16:30:00+00:00,0.0,0.0,0.0
2024-03-02 17:30:00+00:00,0.0,0.0,0.0
2024-03-02 18:30:00+00:00,0.0,0.0,0.0
2024-03-02 19:30:00+00:00,0.0,0.0,0.0
2024-03-02 20:30:00+00:00,0.0,0.0,0.0
2024-03-02 21:30:00+00:00,0.0,0.0,0.0029904190450906754
2024-03-02 22:30:00+00:00,2.9858357901838284,3.075,2.917786565423012
2024-03-02 23:30:00+00:00,2.855433833364582,3.075,2.930481326580048
2024-03-03 00:30:00+00:00,0.0,0.0,0.004915265366435051
2024-03-03 01:30:00+00:00,0.0,0.0,0.004915265366435051
2024-03-03 02:30:00+00:00,2.948236969029215,3.075,2.9192552536726
2024-03-03 03:30:00+00:00,2.9414455965515196,3.075,2.923696693778038
2024-03-03 04:30:00+00:00,2.875758694194392,3.075,2.921201553940773
2024-03-03 05:30:00+00:00,2.8843367164586513,3.075,2.9231011092662813
2024-03-03 06:30:00+00:00,3.074117707812428,3.075,2.9216236144304277
2024-03-03 07:30:00+00:00,2.8947158070324828,3.075,2.901624929904938
2024-03-03 08:30:00+00:00,2.8784387304372725,3.075,2.8728582680225374
2024-03-03 09:30:00+00:00,2.9268765407038004,3.075,2.853412699699402
2024-03-03 10:30:00+00:00,2.8780898046109358,3.075,2.8317593306303026
2024-03-03 11:30:00+00:00,2.8159076318452745,3.075,2.830033701658249
2024-03-03 12:30:00+00:00,2.842385877627433,3.075,2.830992576479912
2024-03-03 13:30:00+00:00,2.7748247283572387,3.075,2.834663909673691
2024-03-03 14:30:00+00:00,2.733086754394138,3.075,2.8404817551374437
2024-03-03 15:30:00+00:00,2.797885635090755,3.075,2.8572333723306658
2024-03-03 16:30:00+00:00,2.847633047135115,3.075,2.875945207476616
2024-03-03 17:30:00+00:00,2.906517720522017,3.075,2.8929202377796175
2024-03-03 18:30:00+00:00,2.8722771602034554,3.075,2.916170206665993
2024-03-03 19:30:00+00:00,2.959542938355209,3.075,2.9148942798376085
2024-03-03 20:30:00+00:00,2.9548885573634633,3.075,2.9266375422477724
2024-03-03 21:30:00+00:00,2.9969881598029273,3.075,2.9214745432138445
2024-03-03 22:30:00+00:00,3.0165960137263994,3.075,2.9224699407815935
2024-03-03 23:30:00+00:00,2.834350628048264,3.066196256,2.904291891175705
2024-03-04 00:30:00+00:00,2.764645674959113,2.92678488,2.785267658072357
2024-03-04 01:30:00+00:00,0.48676888981626626,0.5181843611999999,0.49525870863642796
2024-03-04 02:30:00+00:00,0.055876251392003716,0.05866097000000001,0.05507812036705137
2024-03-04 03:30:00+00:00,0.7891217095464822,0.86507136,0.8198404498180007
2024-03-04 04:30:00+00:00,0.5485018779522562,0.599568754,0.5710259131466665
2024-03-04 05:30:00+00:00,0.7346266007070795,0.773019648,0.733710723772047
2024-03-04 06:30:00+00:00,1.538038641188386,1.6180282260000003,1.5375809992372287
2024-03-04 07:30:00+00:00,2.4387875471835043,2.576264992,2.440071120501892
2024-03-04 08:30:00+00:00,2.870403224160989,2.998451948,2.8073930142651062
2024-03-04 09:30:00+00:00,2.760445152086342,2.94612336,2.736232517562256
2024-03-04 10:30:00+00:00,2.7627144350373634,2.96963028,2.7445470480740357
2024-03-04 11:30:00+00:00,2.954233920979585,3.0602326719999997,2.8184309779644696
2024-03-04 12:30:00+00:00,2.7439953778841386,2.8418529599999993,2.6140240401124566
2024-03-04 13:30:00+00:00,1.2669629807996803,1.3736890144,1.2686805463681168
2024-03-04 14:30:00+00:00,0.7849405134785841,0.86507136,0.7979650012930488
2024-03-04 15:30:00+00:00,1.4178649219113486,1.5016693900000002,1.400999961293831
2024-03-04 16:30:00+00:00,2.691281519775848,2.990292624,2.8046778444084395
2024-03-04 17:30:00+00:00,2.914668898897088,3.075,2.897477847337723
2024-03-04 18:30:00+00:00,2.9733469393650553,3.075,2.9227536588907244
2024-03-04 19:30:00+00:00,3.0088171577113805,3.075,2.9165682911872866
2024-03-04 20:30:00+00:00,2.915250975255807,3.075,2.9212440073490145
2024-03-04 21:30:00+00:00,0.0,0.0,0.0
2024-03-04 22:30:00+00:00,0.0,0.0,0.00031979530467651784
2024-03-04 23:30:00+00:00,0.0,0.0,0.0001543944817967713
2024-03-05 00:30:00+00:00,0.0,0.0,0.0
2024-03-05 01:30:00+00:00,0.0,0.0,0.0
2024-03-05 02:30:00+00:00,0.0,0.0,0.0
2024-03-05 03:30:00+00:00,2.9961270790710532,3.075,2.916519266366959
2024-03-05 04:30:00+00:00,2.8812221716215602,3.075,2.9268355041742327
2024-03-05 05:30:00+00:00,2.863332275847616,3.075,2.92697788476944
2024-03-05 06:30:00+00:00,2.9834065714202507,3.075,2.9207213640213014
2024-03-05 07:30:00+00:00,2.909696136101268,3.075,2.895867329835892
2024-03-05 08:30:00+00:00,2.8827823644237145,3.075,2.8736885607242586
2024-03-05 09:30:00+00:00,2.8346868287492173,3.075,2.8515009105205538
2024-03-05 10:30:00+00:00,2.85966354885568,3.075,2.8369518637657167
2024-03-05 11:30:00+00:00,2.8765671222281646,3.075,2.826656711101532
2024-03-05 12:30:00+00:00,2.8939888115460337,3.075,2.8340616792440416
2024-03-05 13:30:00+00:00,2.7806997503962516,3.075,2.83364152610302
2024-03-05 14:30:00+00:00,2.8769617614675456,3.075,2.8401709616184236
2024-03-05 15:30:00+00:00,2.9037735651795815,3.075,2.8575970947742464
2024-03-05 16:30:00+00:00,2.8107263563024336,3.075,2.8739869713783266
2024-03-05 17:30:00+00:00,2.8884800308773255,3.075,2.8988189816474916
2024-03-05 18:30:00+00:00,0.0,0.0,0.0
2024-03-05 19:30:00+00:00,0.0,0.0,0.0
2024-03-05 20:30:00+00:00,0.0,0.0,0.0
2024-03-05 21:30:00+00:00,0.0,0.0,0.0
2024-03-05 22:30:00+00:00,0.0,0.0,0.0
2024-03-05 23:30:00+00:00,2.93384745766436,3.075,2.9134964466094972
2024-03-06 00:30:00+00:00,2.959214514100037,3.075,2.922176194190979
2024-03-06 01:30:00+00:00,2.8879333374806277,3.075,2.9183581292629244
2024-03-06 02:30:00+00:00,2.8811967443544146,3.075,2.9200945466756822
2024-03-06 03:30:00+00:00,2.70540703388879,2.805976536,2.6715335509421694
2024-03-06 04:30:00+00:00,2.356709032907765,2.471608,2.3516688962774275
2024-03-06 05:30:00+00:00,2.6415081298050596,2.7532418639999996,2.617558670197166
2024-03-06 06:30:00+00:00,2.7878918337962393,2.87474076,2.7364724233462905
2024-03-06 07:30:00+00:00,2.041718763159516,2.1741469479999997,2.046454442282722
2024-03-06 08:30:00+00:00,1.6420066808608464,1.6882612000000001,1.5667996744405748
2024-03-06 09:30:00+00:00,1.8029544995241331,1.9019085999999998,1.7643900152717589
2024-03-06 10:30:00+00:00,2.5008384649479445,2.6400067039999993,2.439649237063888
2024-03-06 11:30:00+00:00,2.86379061542566,3.0495300100000002,2.804689462557564
2024-03-06 12:30:00+00:00,1.5898634728749295,1.6882612000000001,1.5460830370676042
2024-03-06 13:30:00+00:00,2.931537417970251,3.075,2.8370599865913393
2024-03-06 14:30:00+00:00,2.8592987470921063,3.075,2.8432198733091356
2024-03-06 15:30:00+00:00,2.8788458382217774,3.075,2.8585679650306703
2024-03-06 16:30:00+00:00,2.875752947690576,3.075,2.8778352409601213
2024-03-06 17:30:00+00:00,0.0,0.0,0.002255123108625412
2024-03-06 18:30:00+00:00,0.0,0.0,0.0
2024-03-06 19:30:00+00:00,0.0,0.0,2.3811826395103708e-05
2024-03-06 20:30:00+00:00,0.0,0.0,0.0
2024-03-06 21:30:00+00:00,0.0,0.0,0.0
2024-03-06 22:30:00+00:00,0.0,0.0,0.0
2024-03-06 23:30:00+00:00,0.0,0.0,0.0
2024-03-07 00:30:00+00:00,0.0,0.0,0.0
2024-03-07 01:30:00+00:00,0.0,0.0,0.0
2024-03-07 02:30:00+00:00,0.0,0.0,0.0
2024-03-07 03:30:00+00:00,2.9028403141440213,3.075,2.9261192947626116
2024-03-07 04:30:00+00:00,2.8631245795250293,3.075,2.9215895503759386
2024-03-07 05:30:00+00:00,2.9790919920705226,3.075,2.919357118010521
2024-03-07 06:30:00+00:00,2.9542923810348087,3.075,2.920238894224167
2024-03-07 07:30:00+00:00,2.754773909295576,3.075,2.897923228144646
2024-03-07 08:30:00+00:00,2.987042278528501,3.0749399,2.877969005067253
2024-03-07 09:30:00+00:00,2.9543582483738065,3.07427694,2.8566856393932722
2024-03-07 10:30:00+00:00,2.773155340907009,3.071197568,2.8363220379954988
2024-03-07 11:30:00+00:00,2.707009652977608,3.066539424,2.8244122140981904
2024-03-07 12:30:00+00:00,2.7376115900385414,3.072698456,2.8301406323420104
2024-03-07 13:30:00+00:00,2.812828010349025,3.075,2.8324629783630373
2024-03-07 14:30:00+00:00,2.867869856204722,3.075,2.841385942697525
2024-03-07 15:30:00+00:00,2.8728944539822945,3.075,2.861435887217522
2024-03-07 16:30:00+00:00,2.8504620289327596,3.075,2.877483394742012
2024-03-07 17:30:00+00:00,2.839860067186035,3.075,2.899173986911774
2024-03-07 18:30:00+00:00,0.0,0.0,0.0
2024-03-07 19:30:00+00:00,0.0,0.0,1.5471081496798433e-05
2024-03-07 20:30:00+00:00,2.9936065403420047,3.075,2.919427838921547
2024-03-07 21:30:00+00:00,2.904161811860812,3.075,2.919518750905991
2024-03-07 22:30:00+00:00,3.0063690312163813,3.075,2.9174084037542345
2024-03-07 23:30:00+00:00,3.0383676075137975,3.075,2.915780094265938
2024-03-08 00:30:00+00:00,0.0,0.0,7.274199742823839e-05
2024-03-08 01:30:00+00:00,0.0,0.0,0.0
2024-03-08 02:30:00+00:00,2.8172873735685555,3.065508096,2.9037688360417326
2024-03-08 03:30:00+00:00,0.041503409896308484,0.044599982,0.040834069506309155
2024-03-08 04:30:00+00:00,0.664608206801808,0.6905352724,0.6554983397229694
2024-03-08 05:30:00+00:00,2.9060794456800387,3.075,2.9315142899751665
2024-03-08 06:30:00+00:00,2.9699288249569773,3.075,2.9272542119026186
2024-03-08 07:30:00+00:00,2.9965888531881233,3.075,2.8976450085639955
2024-03-08 08:30:00+00:00,2.8016013558837725,3.075,2.8820665299892427
2024-03-08 09:30:00+00:00,2.8679694838602585,3.075,2.8564937233924867
2024-03-08 10:30:00+00:00,2.7521032586773972,3.0679059840000003,2.83417353697184
2024-03-08 11:30:00+00:00,2.425771974686066,2.6400067039999993,2.4288058706793816
2024-03-08 12:30:00+00:00,2.806963585504949,3.06960088,2.824052378389244
2024-03-08 13:30:00+00:00,2.796671275126296,3.075,2.8327123492956163
2024-03-08 14:30:00+00:00,0.0,0.0,0.0
2024-03-08 15:30:00+00:00,0.0,0.0,0.0
2024-03-08 16:30:00+00:00,0.0,0.0,0.0
2024-03-08 17:30:00+00:00,0.0,0.0,0.0
2024-03-08 18:30:00+00:00,0.0,0.0,0.0
2024-03-08 19:30:00+00:00,0.0,0.0,0.0
2024-03-08 20:30:00+00:00,0.0,0.0,0.0
2024-03-08 21:30:00+00:00,0.0,0.0,0.0
2024-03-08 22:30:00+00:00,0.0,0.0,0.0
2024-03-08 23:30:00+00:00,0.0,0.0,0.0
2024-03-09 00:30:00+00:00,0.0,0.0,7.274199742823839e-05
2024-03-09 01:30:00+00:00,0.0,0.0,0.0
2024-03-09 02:30:00+00:00,0.0,0.0,0.0
2024-03-09 03:30:00+00:00,2.9906954049685956,3.075,2.920256417989731
2024-03-09 04:30:00+00:00,2.9205991173269745,3.075,2.9255659550428392
2024-03-09 05:30:00+00:00,2.894995226163497,3.075,2.921172645688057
2024-03-09 06:30:00+00:00,2.9816012477949467,3.075,2.916834768652916
2024-03-09 07:30:00+00:00,2.925664020186814,3.075,2.9014609277248384
2024-03-09 08:30:00+00:00,2.8284214170099418,3.075,2.8753863841295244
2024-03-09 09:30:00+00:00,2.8596544540413324,3.075,2.8616677045822145
2024-03-09 10:30:00+00:00,2.9654012481415037,3.075,2.838504132628441
2024-03-09 11:30:00+00:00,2.7845308459423674,3.075,2.8297822743654253
2024-03-09 12:30:00+00:00,2.8235289757031166,3.075,2.8283523440361025
2024-03-09 13:30:00+00:00,2.930909883082163,3.075,2.8308768689632418
2024-03-09 14:30:00+00:00,2.8953498978713217,3.075,2.8356814950704576
2024-03-09 15:30:00+00:00,0.0,0.0,0.0
2024-03-09 16:30:00+00:00,0.0,0.0,0.0
2024-03-09 17:30:00+00:00,0.0,0.0,0.0
2024-03-09 18:30:00+00:00,0.0,0.0,0.0
2024-03-09 19:30:00+00:00,0.0,0.0,0.0
2024-03-09 20:30:00+00:00,0.0,0.0,0.0
2024-03-09 21:30:00+00:00,0.0,0.0,0.0
2024-03-09 22:30:00+00:00,0.0,0.0,0.0001936167973326519
2024-03-09 23:30:00+00:00,0.0,0.0,0.0
2024-03-10 00:30:00+00:00,0.0,0.0,0.002751606283709407
2024-03-10 01:30:00+00:00,3.048631796864695,3.075,2.9183737605810167
2024-03-10 02:30:00+00:00,2.9220806692091648,3.075,2.917730849981308
2024-03-10 03:30:00+00:00,0.1544445304066963,0.1624811384,0.1539929228939232
2024-03-10 04:30:00+00:00,0.0,0.0,0.0004742052115034312
2024-03-10 05:30:00+00:00,0.0,0.0,0.0005349795683287084
2024-03-10 06:30:00+00:00,0.0868731336186129,0.09359689839999999,0.08848231929238762
2024-03-10 07:30:00+00:00,0.8319862653261931,0.86507136,0.8124945089002704
2024-03-10 08:30:00+00:00,2.909207837501933,3.063744214,2.8668358145373003
2024-03-10 09:30:00+00:00,2.813739482525466,3.073564304,2.8523536305485764
2024-03-10 10:30:00+00:00,2.930675929387195,3.075,2.839674320816994
2024-03-10 11:30:00+00:00,2.8357677323316017,3.043744612,2.8048655870175474
2024-03-10 12:30:00+00:00,1.0899953208038131,1.243386338,1.1413041227504617
2024-03-10 13:30:00+00:00,2.0900704491730258,2.2786528000000006,2.1030934878948218
2024-03-10 14:30:00+00:00,2.8588176330148776,3.075,2.840043690800667
2024-03-10 15:30:00+00:00,2.9620663755780017,3.075,2.8611587256193163
2024-03-10 16:30:00+00:00,3.023138109077073,3.075,2.8747838705778124
2024-03-10 17:30:00+00:00,0.0,0.0,0.0006467212224379182
2024-03-10 18:30:00+00:00,2.9928010081279344,3.075,2.9186720222234728
2024-03-10 19:30:00+00:00,2.918452643294748,3.075,2.9218138426542284
2024-03-10 20:30:00+00:00,0.0,0.0,0.0
2024-03-10 21:30:00+00:00,0.0,0.0,0.0
2024-03-10 22:30:00+00:00,0.0,0.0,0.0
2024-03-10 23:30:00+00:00,2.878440103851262,3.075,2.9197174578905107
2024-03-11 00:30:00+00:00,2.837926134982656,3.075,2.9244129776954653
2024-03-11 01:30:00+00:00,2.8691650581139325,3.075,2.9238077074289324
2024-03-11 02:30:00+00:00,2.807963250903719,3.0501667379999997,2.895138931241119
2024-03-11 03:30:00+00:00,0.9953537441466502,0.9992000000000001,0.9497853019654752
2024-03-11 04:30:00+00:00,2.26730571414577,2.4079984,2.2867124920758246
2024-03-11 05:30:00+00:00,2.840148183894104,3.072698456,2.941248801301628
2024-03-11 06:30:00+00:00,2.893556343037971,3.075,2.9227345108985903
2024-03-11 07:30:00+00:00,2.906225224347935,3.075,2.9010763436555864
2024-03-11 08:30:00+00:00,2.9504637431272984,3.075,2.876563635468483
2024-03-11 09:30:00+00:00,2.9011339375366667,3.075,2.854539301991463
2024-03-11 10:30:00+00:00,2.749134383222778,3.075,2.8445950120687487
2024-03-11 11:30:00+00:00,0.0,0.0,8.110747148748487e-05
2024-03-11 12:30:00+00:00,0.0,0.0,0.0
2024-03-11 13:30:00+00:00,0.0,0.0,0.0
2024-03-11 14:30:00+00:00,0.0,0.0,0.0
2024-03-11 15:30:00+00:00,0.0,0.0,0.0005280292243696749
2024-03-11 16:30:00+00:00,0.0,0.0,0.000712728826329112
2024-03-11 17:30:00+00:00,0.0,0.0,0.000712728826329112
2024-03-11 18:30:00+00:00,0.0,0.0,0.0013495066668838263
2024-03-11 19:30:00+00:00,0.0,0.0,3.269195440225303e-05
2024-03-11 20:30:00+00:00,0.0,0.0,0.00040087586967274547
2024-03-11 21:30:00+00:00,0.0,0.0,0.0
2024-03-11 22:30:00+00:00,0.0,0.0,0.0
2024-03-11 23:30:00+00:00,0.0,0.0,2.3811826395103708e-05
2024-03-12 00:30:00+00:00,0.0,0.0,0.0
2024-03-12 01:30:00+00:00,0.0,0.0,0.0002455646463204175
2024-03-12 02:30:00+00:00,2.958685215398117,3.075,2.922705647349358
2024-03-12 03:30:00+00:00,2.9303521271230983,3.075,2.930942949652672
2024-03-12 04:30:00+00:00,2.9799016286342943,3.075,2.9228753417730333
2024-03-12 05:30:00+00:00,2.944022601058929,3.075,2.9230702340602877
2024-03-12 06:30:00+00:00,2.872419573133929,3.0679059840000003,2.9063103563344805
2024-03-12 07:30:00+00:00,2.7977809442728523,2.96323308,2.784859668702202
2024-03-12 08:30:00+00:00,2.9167369245802166,3.068585712,2.8717668983183975
2024-03-12 09:30:00+00:00,2.7930401627141315,3.0589867280000003,2.8396304742568286
2024-03-12 10:30:00+00:00,2.888769525640081,3.065508096,2.8307236567938765
2024-03-12 11:30:00+00:00,2.8990422349077214,3.073911686,2.8330898774234163
2024-03-12 12:30:00+00:00,2.7515093642772155,3.07094632,2.8301425418284607
2024-03-12 13:30:00+00:00,2.457174788332267,2.71776776,2.5039721129748918
2024-03-12 14:30:00+00:00,2.8622776302521533,3.075,2.8387890428304674
2024-03-12 15:30:00+00:00,0.0,0.0,0.0003903655451722443
2024-03-12 16:30:00+00:00,0.0,0.0,0.0004024392110295594
2024-03-12 17:30:00+00:00,0.0,0.0,0.0
2024-03-12 18:30:00+00:00,0.0,0.0,0.0
2024-03-12 19:30:00+00:00,0.0,0.0,0.0
2024-03-12 20:30:00+00:00,0.0,0.0,0.0012210207059979439
2024-03-12 21:30:00+00:00,0.0,0.0,0.0
2024-03-12 22:30:00+00:00,0.0,0.0,0.0
2024-03-12 23:30:00+00:00,0.0,0.0,0.0
2024-03-13 00:30:00+00:00,0.0,0.0,0.0
2024-03-13 01:30:00+00:00,0.0,0.0,0.0
2024-03-13 02:30:00+00:00,2.9445090551682744,3.075,2.9167538404464723
2024-03-13 03:30:00+00:00,3.006501242633537,3.075,2.917479854822159
2024-03-13 04:30:00+00:00,2.94847665159722,3.075,2.916500461101532
2024-03-13 05:30:00+00:00,2.906537952871122,3.075,2.917866063117981
2024-03-13 06:30:00+00:00,2.918771011970742,3.075,2.91848364174366
2024-03-13 07:30:00+00:00,2.895478968996199,3.075,2.9041114121675493
2024-03-13 08:30:00+00:00,0.0,0.0,0.0
2024-03-13 09:30:00+00:00,0.0,0.0,0.0
2024-03-13 10:30:00+00:00,0.0,0.0,0.0
2024-03-13 11:30:00+00:00,0.0,0.0,0.0
2024-03-13 12:30:00+00:00,0.0,0.0,0.0
2024-03-13 13:30:00+00:00,0.0,0.0,0.0
2024-03-13 14:30:00+00:00,0.0,0.0,0.0
2024-03-13 15:30:00+00:00,0.0,0.0,0.0
2024-03-13 16:30:00+00:00,0.0,0.0,0.0
2024-03-13 17:30:00+00:00,0.0,0.0,0.0
2024-03-13 18:30:00+00:00,0.0,0.0,0.0
2024-03-13 19:30:00+00:00,0.0,0.0,0.0
2024-03-13 20:30:00+00:00,0.0,0.0,0.0
2024-03-13 21:30:00+00:00,0.0,0.0,0.0
2024-03-13 22:30:00+00:00,0.0,0.0,0.0
2024-03-13 23:30:00+00:00,2.8740205857875316,3.075,2.9218704074621202
2024-03-14 00:30:00+00:00,2.8081940876411786,3.075,2.92187140583992
2024-03-14 01:30:00+00:00,2.914747049435998,3.075,2.9180942445993425
2024-03-14 02:30:00+00:00,2.931024666797001,3.075,2.9214371114969255
2024-03-14 03:30:00+00:00,3.010650199250977,3.074135208,2.9237274913681106
2024-03-14 04:30:00+00:00,2.5291550406108914,2.71776776,2.584864303312073
2024-03-14 05:30:00+00:00,0.39094224923351983,0.41686767400000013,0.39842234425935663
2024-03-14 06:30:00+00:00,0.04113882036018938,0.04279442,0.03991146230867326
2024-03-14 07:30:00+00:00,0.13676718192584797,0.14590397279999995,0.1365996719180777
2024-03-14 08:30:00+00:00,0.3794893107247796,0.4057824387999999,0.379071608171128
2024-03-14 09:30:00+00:00,0.9820670434281299,1.0613683680000001,0.9956642532648736
2024-03-14 10:30:00+00:00,2.844498645091258,3.0602326719999997,2.8203426777363507
2024-03-14 11:30:00+00:00,2.825189473974921,3.075,2.834756922721863
2024-03-14 12:30:00+00:00,2.9224128347516203,3.075,2.834158805012703
2024-03-14 13:30:00+00:00,2.857096555808614,3.075,2.8292509585618975
2024-03-14 14:30:00+00:00,2.8224179228191986,3.075,2.836484980583191
2024-03-14 15:30:00+00:00,2.8993847754571584,3.075,2.856447991728783
2024-03-14 16:30:00+00:00,2.8423984840026373,3.065508096,2.862559153219505
2024-03-14 17:30:00+00:00,2.522737313237587,2.800144504,2.6427126482022323
2024-03-14 18:30:00+00:00,2.9656096585248704,3.047614164,2.8944249668173447
2024-03-14 19:30:00+00:00,3.033962510275236,3.075,2.9221944481134416
2024-03-14 20:30:00+00:00,2.8470860147721777,3.075,2.9181863337755205
2024-03-14 21:30:00+00:00,2.792526448872666,3.075,2.9177284955978395
2024-03-14 22:30:00+00:00,0.0,0.0,0.0006185316015034914
2024-03-14 23:30:00+00:00,0.0,0.0,0.00032394492882303894
2024-03-15 00:30:00+00:00,0.0,0.0,0.0
2024-03-15 01:30:00+00:00,0.0,0.0,0.0003158357285428792
2024-03-15 02:30:00+00:00,0.0,0.0,0.0
2024-03-15 03:30:00+00:00,2.86901264809023,3.075,2.901826721429825
2024-03-15 04:30:00+00:00,3.0265881978131155,3.075,2.927993339300156
2024-03-15 05:30:00+00:00,2.9011364707322467,3.075,2.9104140222072603
2024-03-15 06:30:00+00:00,2.972551091993154,3.075,2.920725864171982
2024-03-15 07:30:00+00:00,2.8294806679532796,3.0645665720000004,2.8857187524332737
2024-03-15 08:30:00+00:00,2.918696370751927,3.046973674,2.8530211731798403
2024-03-15 09:30:00+00:00,2.235416176977341,2.4398902,2.2614647538473127
2024-03-15 10:30:00+00:00,2.866627940910834,3.063744252,2.827355956111099
2024-03-15 11:30:00+00:00,2.858883104056283,3.075,2.847179186344147
2024-03-15 12:30:00+00:00,2.6873632409667296,2.9760166800000003,2.7352117991425327
2024-03-15 13:30:00+00:00,2.881119053986139,3.075,2.8371844410896303
2024-03-15 14:30:00+00:00,2.933666210883037,3.075,2.8391913145780565
2024-03-15 15:30:00+00:00,2.8515507367179587,3.075,2.8546790897846224
2024-03-15 16:30:00+00:00,2.915782501361454,3.075,2.8753765642642977
2024-03-15 17:30:00+00:00,2.9816603087562137,3.075,2.899271008372307
2024-03-15 18:30:00+00:00,2.8997201969733357,3.075,2.921292853355408
2024-03-15 19:30:00+00:00,2.9034171790699386,3.075,2.9226795554161074
2024-03-15 20:30:00+00:00,0.0,0.0,0.0
2024-03-15 21:30:00+00:00,0.0,0.0,0.0
2024-03-15 22:30:00+00:00,0.0,0.0,0.0
2024-03-15 23:30:00+00:00,0.0,0.0,0.0
2024-03-16 00:30:00+00:00,0.0,0.0,0.0
2024-03-16 01:30:00+00:00,0.0,0.0,0.0
2024-03-16 02:30:00+00:00,2.90649558386513,3.075,2.926859912276268
2024-03-16 03:30:00+00:00,1.14063258670696,1.2309418357999997,1.1741550006063657
2024-03-16 04:30:00+00:00,1.6919553913519836,1.7559694000000003,1.662599036883736
2024-03-16 05:30:00+00:00,2.80603931067744,2.9159996399999994,2.7815387437464136
2024-03-16 06:30:00+00:00,2.9428915130687545,3.073728072,2.9226406239990923
2024-03-16 07:30:00+00:00,2.895199517399627,3.067309296,2.88930120157003
2024-03-16 08:30:00+00:00,1.8963597258263585,1.954,1.812153536915779
2024-03-16 09:30:00+00:00,2.0651231857086096,2.2224562359999998,2.0605428559731824
2024-03-16 10:30:00+00:00,2.8384754675486747,3.06960088,2.834730461093788
2024-03-16 11:30:00+00:00,2.8698395352425634,3.075,2.828158912062645
2024-03-16 12:30:00+00:00,2.876280731767205,3.075,2.8273440420627596
2024-03-16 13:30:00+00:00,2.815445999991034,3.075,2.8246384382247927
2024-03-16 14:30:00+00:00,2.805123553504061,3.075,2.8299036741256716
2024-03-16 15:30:00+00:00,2.84713806189972,3.075,2.8588067412376406
2024-03-16 16:30:00+00:00,2.864207194374156,3.072698456,2.8701820045219955
2024-03-16 17:30:00+00:00,2.899622315740692,3.075,2.8970212608575823
2024-03-16 18:30:00+00:00,2.920309569000374,3.075,2.9156743705272676
2024-03-16 19:30:00+00:00,2.879388381063132,3.075,2.9181601822376253
2024-03-16 20:30:00+00:00,2.8043588720106465,3.0562753139999996,2.8999392299917828
2024-03-16 21:30:00+00:00,2.226730131696748,2.4199786000000008,2.2854831628547676
2024-03-16 22:30:00+00:00,2.9832241254419705,3.070190624,2.9079531437172164
2024-03-16 23:30:00+00:00,3.0510787252967635,3.075,2.9026107013225557
2024-03-17 00:30:00+00:00,2.8886291674048397,3.075,2.9177069485187532
2024-03-17 01:30:00+00:00,2.919936735148703,3.075,2.9286364883184435
2024-03-17 02:30:00+00:00,2.924949611505657,3.075,2.9230962067842485
2024-03-17 03:30:00+00:00,2.897823274427403,3.075,2.9227910459041597
2024-03-17 04:30:00+00:00,2.9362802738085025,3.075,2.922911924123764
2024-03-17 05:30:00+00:00,3.0208537250426577,3.075,2.9210665941238405
2024-03-17 06:30:00+00:00,2.991473922746839,3.075,2.9173121571540834
2024-03-17 07:30:00+00:00,2.9638363040225615,3.075,2.894390341639519
2024-03-17 08:30:00+00:00,2.834124783638304,3.075,2.891650912165642
2024-03-17 09:30:00+00:00,2.282804911212931,2.5618635999999997,2.3747868227802273
2024-03-17 10:30:00+00:00,1.1875541591339038,1.2722673564,1.1752354725046028
2024-03-17 11:30:00+00:00,2.6085869584208266,3.001836596,2.768506733643814
2024-03-17 12:30:00+00:00,2.945629461419536,3.075,2.85129990875721
2024-03-17 13:30:00+00:00,2.8633685188944575,3.075,2.8342009454965593
2024-03-17 14:30:00+00:00,2.8300867318820884,3.075,2.8407032757997515
2024-03-17 15:30:00+00:00,2.9880104434841015,3.049529972,2.8309177332352373
2024-03-17 16:30:00+00:00,2.781514904805423,3.075,2.8694767475128176
2024-03-17 17:30:00+00:00,2.939928449636662,3.075,2.897167694568634
2024-03-17 18:30:00+00:00,2.9191790272428064,3.075,2.9205018401145937
2024-03-17 19:30:00+00:00,2.8936859494433556,3.075,2.919914868474007
2024-03-17 20:30:00+00:00,0.0,0.0,0.0
2024-03-17 21:30:00+00:00,0.0,0.0,0.0
2024-03-17 22:30:00+00:00,0.0,0.0,0.0
2024-03-17 23:30:00+00:00,0.0,0.0,0.0
2024-03-18 00:30:00+00:00,0.0,0.0,0.0
2024-03-18 01:30:00+00:00,2.908659276866187,3.075,2.9224606573581697
2024-03-18 02:30:00+00:00,3.0181696662589284,3.075,2.9245427519083025
2024-03-18 03:30:00+00:00,0.3948636159888725,0.41686767400000013,0.39747511655781187
2024-03-18 04:30:00+00:00,0.0,0.0,0.0
2024-03-18 05:30:00+00:00,0.04133059477000746,0.044599982,0.04274672248684538
2024-03-18 06:30:00+00:00,1.38839332388759,1.4445713799999997,1.3706213426398084
2024-03-18 07:30:00+00:00,1.0350038239454218,1.0920039952,1.0324990540941574
2024-03-18 08:30:00+00:00,0.6290140640505635,0.6806244160000002,0.6333741786841071
2024-03-18 09:30:00+00:00,1.8058262246433416,1.995065566,1.8519644996490632
2024-03-18 10:30:00+00:00,2.747079802833224,3.075,2.8449194252491
2024-03-18 11:30:00+00:00,2.731927992640797,3.075,2.8464696228504183
2024-03-18 12:30:00+00:00,2.8863773718362413,3.075,2.8410451233386995
2024-03-18 13:30:00+00:00,2.7858254364874866,3.075,2.83738189637661
2024-03-18 14:30:00+00:00,2.926439764956655,3.075,2.839324188232422
2024-03-18 15:30:00+00:00,2.493400024396032,2.6580630640000003,2.476433942696442
2024-03-18 16:30:00+00:00,1.3051274833458908,1.361655866,1.2669654686182175
2024-03-18 17:30:00+00:00,2.9682988812428395,3.075,2.9176457047462465
2024-03-18 18:30:00+00:00,2.9063686707469407,3.075,2.9232329547405245
2024-03-18 19:30:00+00:00,1.8833386433612898,1.954,1.8561754264831543
2024-03-18 20:30:00+00:00,2.254889759912043,2.3879772999999997,2.2733362892387388
2024-03-18 21:30:00+00:00,2.9955871938474763,3.075,2.9257695943117143
2024-03-18 22:30:00+00:00,2.8914815917116834,3.075,2.928571027517319
2024-03-18 23:30:00+00:00,2.9477056589280726,3.075,2.9233674824237825
2024-03-19 00:30:00+00:00,2.9391899931150776,3.075,2.9142175883054735
2024-03-19 01:30:00+00:00,3.0012264751490423,3.075,2.9161878347396852
2024-03-19 02:30:00+00:00,2.8585830170653326,3.075,2.9255488336086275
2024-03-19 03:30:00+00:00,2.9126100211948898,3.075,2.9200532257556917
2024-03-19 04:30:00+00:00,2.87183959576209,3.057737364,2.9020967469870222
2024-03-19 05:30:00+00:00,2.9997603168660585,3.075,2.920290318131447
2024-03-19 06:30:00+00:00,2.879693795751276,3.075,2.9262372821569445
2024-03-19 07:30:00+00:00,2.8869591203773415,3.0666251200000003,2.8932998048821643
2024-03-19 08:30:00+00:00,2.905630286006182,3.075,2.8767412275075914
2024-03-19 09:30:00+00:00,2.771340759531964,3.075,2.855658528208733
2024-03-19 10:30:00+00:00,2.816215897506724,3.075,2.837975484132767
2024-03-19 11:30:00+00:00,2.8043105959389827,3.075,2.841510143876076
2024-03-19 12:30:00+00:00,2.9498383270931323,3.075,2.842236337065697
2024-03-19 13:30:00+00:00,2.7656471796866944,3.075,2.829247069358826
2024-03-19 14:30:00+00:00,0.0,0.0,0.0
2024-03-19 15:30:00+00:00,0.0,0.0,0.0
2024-03-19 16:30:00+00:00,0.0,0.0,0.0
2024-03-19 17:30:00+00:00,0.0,0.0,0.0013676361413672566
2024-03-19 18:30:00+00:00,0.0,0.0,0.0
2024-03-19 19:30:00+00:00,0.0,0.0,0.0
2024-03-19 20:30:00+00:00,3.0091086733887256,3.075,2.920550671219826
2024-03-19 21:30:00+00:00,0.0,0.0,0.0
2024-03-19 22:30:00+00:00,0.0,0.0,0.0
2024-03-19 23:30:00+00:00,0.0,0.0,6.203285010997206e-05
2024-03-20 00:30:00+00:00,0.0,0.0,0.0
2024-03-20 01:30:00+00:00,2.9623790641892676,3.075,2.921484735608101
2024-03-20 02:30:00+00:00,2.9172913778487555,3.075,2.9234446555376055
2024-03-20 03:30:00+00:00,2.8574317913354133,3.073911686,2.923085410651337
2024-03-20 04:30:00+00:00,2.3933933299248737,2.4676528,2.347435581004906
2024-03-20 05:30:00+00:00,1.0306038401802335,1.0381975839999997,0.9876041631368482
2024-03-20 06:30:00+00:00,0.3672610263073065,0.38331761979999995,0.36387719610276675
2024-03-20 07:30:00+00:00,0.4399292725379125,0.4714036887999999,0.4458971998211371
2024-03-20 08:30:00+00:00,2.8334550886199588,3.074619528,2.8808529191657333
2024-03-20 09:30:00+00:00,2.9183667489421303,3.075,2.8688627153635027
2024-03-20 10:30:00+00:00,2.824771768604668,3.075,2.8398949027061464
2024-03-20 11:30:00+00:00,2.4057017827329434,2.576264992,2.367472484351532
2024-03-20 12:30:00+00:00,2.781606179524966,3.0726153760000003,2.828709012155129
2024-03-20 13:30:00+00:00,2.840254064708342,3.075,2.842162412405014
2024-03-20 14:30:00+00:00,0.0,0.0,0.002118752570822835
2024-03-20 15:30:00+00:00,0.0,0.0,0.0
2024-03-20 16:30:00+00:00,0.0,0.0,0.0
2024-03-20 17:30:00+00:00,2.924601294678802,3.075,2.8982596665620806
2024-03-20 18:30:00+00:00,0.0,0.0,0.0
2024-03-20 19:30:00+00:00,2.9387424035319696,3.075,2.9228474318981172
2024-03-20 20:30:00+00:00,0.0,0.0,0.0
2024-03-20 21:30:00+00:00,0.0,0.0,0.00017541817214805633
2024-03-20 22:30:00+00:00,2.843751166560711,3.075,2.9198201268911363
2024-03-20 23:30:00+00:00,2.827771436812731,3.075,2.9198916971683504
2024-03-21 00:30:00+00:00,0.0,0.0,0.0
2024-03-21 01:30:00+00:00,0.0,0.0,0.0
2024-03-21 02:30:00+00:00,3.0567779306987255,3.075,2.9185007333755495
2024-03-21 03:30:00+00:00,2.9580326265528325,3.075,2.9219620496034624
2024-03-21 04:30:00+00:00,3.0060884260841485,3.075,2.9183681130409242
2024-03-21 05:30:00+00:00,2.8739796225810514,3.075,2.9215152829885485
2024-03-21 06:30:00+00:00,2.933349284049933,3.075,2.921089839935303
2024-03-21 07:30:00+00:00,2.9785435421295516,3.075,2.902485948801041
2024-03-21 08:30:00+00:00,2.8316757820585163,3.064361144,2.865595255189842
2024-03-21 09:30:00+00:00,2.8353553147922885,3.073728072,2.856755303693268
2024-03-21 10:30:00+00:00,2.9110811113782438,3.075,2.8428552120923998
2024-03-21 11:30:00+00:00,2.739077319948652,3.075,2.836088848114014
2024-03-21 12:30:00+00:00,2.8752866232414096,3.075,2.8414203345775606
2024-03-21 13:30:00+00:00,0.0,0.0,0.005924608558416367
2024-03-21 14:30:00+00:00,0.0,0.0,0.0
2024-03-21 15:30:00+00:00,0.0,0.0,0.0
2024-03-21 16:30:00+00:00,0.0,0.0,0.0
2024-03-21 17:30:00+00:00,0.0,0.0,0.0
2024-03-21 18:30:00+00:00,0.0,0.0,0.0
2024-03-21 19:30:00+00:00,0.0,0.0,0.0
2024-03-21 20:30:00+00:00,0.0,0.0,0.0
2024-03-21 21:30:00+00:00,2.8214077397877735,3.075,2.9238712161779405
2024-03-21 22:30:00+00:00,0.0,0.0,0.0
2024-03-21 23:30:00+00:00,0.0,0.0,0.0
2024-03-22 00:30:00+00:00,2.8952331561505398,3.075,2.9198375314474108
2024-03-22 01:30:00+00:00,2.987468273374785,3.075,2.9210221737623216
2024-03-22 02:30:00+00:00,2.8055942480411202,3.075,2.9214973121881487
2024-03-22 03:30:00+00:00,2.786288981434641,3.075,2.9206252962350847
2024-03-22 04:30:00+00:00,3.0361568945444994,3.075,2.9196134775877
2024-03-22 05:30:00+00:00,2.9489171837618313,3.075,2.9184260934591295
2024-03-22 06:30:00+00:00,2.8794385262911293,3.075,2.922993686795235
2024-03-22 07:30:00+00:00,2.904250532454599,3.075,2.900124576687813
2024-03-22 08:30:00+00:00,2.9085388294168015,3.075,2.8741323322057726
2024-03-22 09:30:00+00:00,2.8214649369166684,3.075,2.856344622373581
2024-03-22 10:30:00+00:00,0.0,0.0,0.0005998334381729364
2024-03-22 11:30:00+00:00,0.0,0.0,7.717582047916949e-05
2024-03-22 12:30:00+00:00,0.0,0.0,0.0
2024-03-22 13:30:00+00:00,0.0,0.0,0.0
2024-03-22 14:30:00+00:00,0.0,0.0,0.0
2024-03-22 15:30:00+00:00,0.0,0.0,0.0
2024-03-22 16:30:00+00:00,0.0,0.0,0.0
2024-03-22 17:30:00+00:00,0.0,0.0,0.0
2024-03-22 18:30:00+00:00,0.0,0.0,0.0
2024-03-22 19:30:00+00:00,0.0,0.0,0.0
2024-03-22 20:30:00+00:00,0.0,0.0,0.0
2024-03-22 21:30:00+00:00,0.0,0.0,0.0
2024-03-22 22:30:00+00:00,0.0,0.0,3.125522198388353e-05
2024-03-22 23:30:00+00:00,0.0,0.0,3.125522198388353e-05
2024-03-23 00:30:00+00:00,3.0070647582861594,3.075,2.9233198285102846
2024-03-23 01:30:00+00:00,3.0313066648552267,3.075,2.927016881108284
2024-03-23 02:30:00+00:00,2.9637443930674854,3.075,2.923939210176468
2024-03-23 03:30:00+00:00,2.944159448346753,3.075,2.921736639738083
2024-03-23 04:30:00+00:00,2.894395841650114,3.075,2.918871355056763
2024-03-23 05:30:00+00:00,2.9047341805353817,3.075,2.9160030007362367
2024-03-23 06:30:00+00:00,3.006799533335937,3.075,2.9229429036378862
2024-03-23 07:30:00+00:00,2.896793982666551,3.075,2.8982157677412035
2024-03-23 08:30:00+00:00,2.9087024520676534,3.075,2.8743171364068987
2024-03-23 09:30:00+00:00,2.871359158816207,3.075,2.8483274400234224
2024-03-23 10:30:00+00:00,2.8364219711045733,3.075,2.8382800787687303
2024-03-23 11:30:00+00:00,0.0,0.0,0.0002340655482839793
2024-03-23 12:30:00+00:00,0.0,0.0,0.0
2024-03-23 13:30:00+00:00,0.0,0.0,0.0
2024-03-23 14:30:00+00:00,0.0,0.0,0.0
2024-03-23 15:30:00+00:00,0.0,0.0,0.0
2024-03-23 16:30:00+00:00,0.0,0.0,0.0
2024-03-23 17:30:00+00:00,0.0,0.0,0.0
2024-03-23 18:30:00+00:00,0.0,0.0,0.0
2024-03-23 19:30:00+00:00,0.0,0.0,0.0
2024-03-23 20:30:00+00:00,0.0,0.0,0.0
2024-03-23 21:30:00+00:00,0.0,0.0,0.0
2024-03-23 22:30:00+00:00,0.0,0.0,0.0
2024-03-23 23:30:00+00:00,0.0,0.0,0.0
2024-03-24 00:30:00+00:00,0.0,0.0,0.0
2024-03-24 01:30:00+00:00,0.0,0.0,0.0
2024-03-24 02:30:00+00:00,2.9919562546832497,3.075,2.922788766026497
2024-03-24 03:30:00+00:00,2.9857247907280944,3.075,2.920506548881531
2024-03-24 04:30:00+00:00,3.0622187413544317,3.075,2.9176389396190645
2024-03-24 05:30:00+00:00,2.981744472182526,3.075,2.921014529466629
2024-03-24 06:30:00+00:00,2.8742063889947476,3.075,2.9192905843257906
2024-03-24 07:30:00+00:00,2.9327357780629075,3.075,2.897963446378708
2024-03-24 08:30:00+00:00,2.8658408557484174,3.075,2.877092269062996
2024-03-24 09:30:00+00:00,2.842292772088192,3.075,2.853504475951195
2024-03-24 10:30:00+00:00,2.7960925901321025,3.075,2.8394741088151934
2024-03-24 11:30:00+00:00,0.0,0.0,0.0
2024-03-24 12:30:00+00:00,2.7916650334579365,3.075,2.8328617334365847
2024-03-24 13:30:00+00:00,0.0,0.0,0.0
2024-03-24 14:30:00+00:00,0.0,0.0,0.0
2024-03-24 15:30:00+00:00,0.0,0.0,0.0
2024-03-24 16:30:00+00:00,3.0127811295008735,3.075,2.877600920200348
2024-03-24 17:30:00+00:00,2.9711368650450067,3.075,2.8986976116895677
2024-03-24 18:30:00+00:00,2.9350836902870694,3.075,2.9214285582304003
2024-03-24 19:30:00+00:00,2.9572374085268076,3.075,2.9139212340116503
2024-03-24 20:30:00+00:00,0.0,0.0,0.0
2024-03-24 21:30:00+00:00,0.0,0.0,0.0011891016038134694
2024-03-24 22:30:00+00:00,2.8695137771492236,3.075,2.921747249364853
2024-03-24 23:30:00+00:00,2.9243285874631226,3.075,2.9203942984342577
2024-03-25 00:30:00+00:00,2.846450233734671,3.075,2.924828824400902
2024-03-25 01:30:00+00:00,2.9196663849946485,3.075,2.9226375341415407
2024-03-25 02:30:00+00:00,2.9088836301551044,3.075,2.9203585207462313
2024-03-25 03:30:00+00:00,2.984953118105733,3.075,2.9204330116510393
2024-03-25 04:30:00+00:00,2.9953669006820944,3.075,2.9213102579116823
2024-03-25 05:30:00+00:00,2.9101982275228626,3.07194944,2.9169268784498597
2024-03-25 06:30:00+00:00,1.6210073880217013,1.7064028000000004,1.6173119684222226
2024-03-25 07:30:00+00:00,0.3287283382170687,0.33713311000000007,0.3202692553980208
2024-03-25 08:30:00+00:00,0.165755013879127,0.18091609359999997,0.16803890963366133
2024-03-25 09:30:00+00:00,0.2610243148330774,0.28134051,0.26059185003162383
2024-03-25 10:30:00+00:00,0.2842847796950035,0.3043273161999999,0.2823997955672561
2024-03-25 11:30:00+00:00,0.5883367636183777,0.6269476684,0.5799555825259194
2024-03-25 12:30:00+00:00,2.7816957724345923,3.074135208,2.8397244899166183
2024-03-25 13:30:00+00:00,2.8749329400707455,3.075,2.831278827786446
2024-03-25 14:30:00+00:00,2.826832972087896,3.075,2.8332100033760073
2024-03-25 15:30:00+00:00,2.8663688541619323,3.075,2.854816672205925
2024-03-25 16:30:00+00:00,2.907739882545753,3.075,2.871508610248566
2024-03-25 17:30:00+00:00,2.9772029030778135,3.075,2.896324571967125
2024-03-25 18:30:00+00:00,2.8412238783594135,3.075,2.922053408622742
2024-03-25 19:30:00+00:00,2.9830658740345384,3.075,2.9230252474546434
2024-03-25 20:30:00+00:00,2.9742387704325575,3.075,2.921552699804306
2024-03-25 21:30:00+00:00,2.8389167213484443,3.075,2.921108004450798
2024-03-25 22:30:00+00:00,2.927517076564751,3.075,2.922674831748009
2024-03-25 23:30:00+00:00,2.901574618249166,3.075,2.9239866703748705
2024-03-26 00:30:00+00:00,2.8281332196092492,3.075,2.9237117141485216
2024-03-26 01:30:00+00:00,0.0,0.0,0.0
2024-03-26 02:30:00+00:00,2.955007573113541,3.075,2.923806768655777
2024-03-26 03:30:00+00:00,2.8504041935466176,3.075,2.922031891345978
2024-03-26 04:30:00+00:00,3.0198609941241497,3.075,2.9202910482883455
2024-03-26 05:30:00+00:00,3.0293819389603986,3.075,2.922090765833855
2024-03-26 06:30:00+00:00,2.9185133456792136,3.075,2.9276216447353365
2024-03-26 07:30:00+00:00,2.902564926671362,3.075,2.894444999098778
2024-03-26 08:30:00+00:00,2.8353009632897326,3.075,2.8699272990226747
2024-03-26 09:30:00+00:00,2.822651203177641,3.075,2.8525317430496218
2024-03-26 10:30:00+00:00,2.7988250842193185,3.075,2.8380127966403963
2024-03-26 11:30:00+00:00,2.7336005918470794,3.075,2.8300748437643053
2024-03-26 12:30:00+00:00,2.7082836297160955,3.075,2.834284257888794
2024-03-26 13:30:00+00:00,2.778171689934182,3.075,2.8345449537038805
2024-03-26 14:30:00+00:00,0.0,0.0,0.0
2024-03-26 15:30:00+00:00,0.0,0.0,0.0
2024-03-26 16:30:00+00:00,0.0,0.0,0.0
2024-03-26 17:30:00+00:00,0.0,0.0,0.0
2024-03-26 18:30:00+00:00,0.0,0.0,0.0
2024-03-26 19:30:00+00:00,0.0,0.0,0.0
2024-03-26 20:30:00+00:00,0.0,0.0,0.0
2024-03-26 21:30:00+00:00,0.0,0.0,0.0009382538264617324
2024-03-26 22:30:00+00:00,0.0,0.0,0.0009382538264617324
2024-03-26 23:30:00+00:00,0.0,0.0,0.0
2024-03-27 00:30:00+00:00,0.0,0.0,0.0
2024-03-27 01:30:00+00:00,0.0,0.0,0.0
2024-03-27 02:30:00+00:00,2.9537166518274023,3.075,2.92400076687336
2024-03-27 03:30:00+00:00,2.992169453884016,3.075,2.922221463918686
2024-03-27 04:30:00+00:00,3.0180780305451846,3.075,2.9173861265182497
2024-03-27 05:30:00+00:00,2.8301217139921833,3.075,2.921520304679871
2024-03-27 06:30:00+00:00,3.017926262092549,3.075,2.9193118631839754
2024-03-27 07:30:00+00:00,2.8903576451959414,3.075,2.8991790235042574
2024-03-27 08:30:00+00:00,2.815104945823197,3.075,2.873545703291893
2024-03-27 09:30:00+00:00,2.76858418426341,3.075,2.853403997421265
2024-03-27 10:30:00+00:00,2.906626062458389,3.075,2.836915519833565
2024-03-27 11:30:00+00:00,0.0,0.0,0.0
2024-03-27 12:30:00+00:00,0.0,0.0,0.0
2024-03-27 13:30:00+00:00,0.0,0.0,0.0
2024-03-27 14:30:00+00:00,0.0,0.0,0.0
2024-03-27 15:30:00+00:00,0.0,0.0,0.0
2024-03-27 16:30:00+00:00,0.0,0.0,0.0
2024-03-27 17:30:00+00:00,0.0,0.0,0.0
2024-03-27 18:30:00+00:00,0.0,0.0,0.0
2024-03-27 19:30:00+00:00,0.0,0.0,0.0013677517417818308
2024-03-27 20:30:00+00:00,0.0,0.0,0.0
2024-03-27 21:30:00+00:00,0.0,0.0,0.0
2024-03-27 22:30:00+00:00,0.0,0.0,0.0013663149438798428
2024-03-27 23:30:00+00:00,2.899130028520719,3.075,2.927020546793938
2024-03-28 00:30:00+00:00,3.0036622867583613,3.075,2.920197528600693
2024-03-28 01:30:00+00:00,2.8468566366908115,3.075,2.9202910482883455
2024-03-28 02:30:00+00:00,2.7920507651209596,3.075,2.9244437336921694
2024-03-28 03:30:00+00:00,2.9034763259792347,3.075,2.920337808132172
2024-03-28 04:30:00+00:00,2.897412093825688,3.075,2.9192518413066866
2024-03-28 05:30:00+00:00,2.8851097804393935,3.075,2.921606567502022
2024-03-28 06:30:00+00:00,0.0,0.0,0.0
2024-03-28 07:30:00+00:00,0.0,0.0,0.0
2024-03-28 08:30:00+00:00,0.0,0.0,0.0006314567872323096
2024-03-28 09:30:00+00:00,2.828333701775023,3.075,2.855066877603531
2024-03-28 10:30:00+00:00,2.8069213211344697,3.075,2.8404605209827425
2024-03-28 11:30:00+00:00,2.7701075923504446,3.075,2.837239307165146
2024-03-28 12:30:00+00:00,0.0,0.0,0.0027116062119603157
2024-03-28 13:30:00+00:00,0.0,0.0,0.0021254587918519974
2024-03-28 14:30:00+00:00,2.8134133598319426,3.075,2.838040229678154
2024-03-28 15:30:00+00:00,0.0,0.0,0.0
2024-03-28 16:30:00+00:00,0.0,0.0,0.00022231524053495377
2024-03-28 17:30:00+00:00,0.0,0.0,0.0
2024-03-28 18:30:00+00:00,0.0,0.0,0.0
2024-03-28 19:30:00+00:00,0.0,0.0,0.0
2024-03-28 20:30:00+00:00,0.0,0.0,0.0010462335776537657
2024-03-28 21:30:00+00:00,0.0,0.0,0.0
2024-03-28 22:30:00+00:00,0.0,0.0,0.0
2024-03-28 23:30:00+00:00,0.0,0.0,3.125522198388353e-05
2024-03-29 00:30:00+00:00,2.8640171828919634,3.075,2.9180241942405702
2024-03-29 01:30:00+00:00,2.795423102621896,3.075,2.92234183549881
2024-03-29 02:30:00+00:00,3.01105153684419,3.075,2.9203858196735384
2024-03-29 03:30:00+00:00,2.9198836911023256,3.075,2.9253144681453707
2024-03-29 04:30:00+00:00,3.1137728940779743,3.075,2.924145531654358
2024-03-29 05:30:00+00:00,0.0,0.0,0.0
2024-03-29 06:30:00+00:00,0.0,0.0,0.0
2024-03-29 07:30:00+00:00,0.0,0.0,0.0
2024-03-29 08:30:00+00:00,0.0,0.0,0.0
2024-03-29 09:30:00+00:00,0.0,0.0,0.00010524089157115668
2024-03-29 10:30:00+00:00,0.0,0.0,0.0
2024-03-29 11:30:00+00:00,0.0,0.0,0.0
2024-03-29 12:30:00+00:00,0.0,0.0,0.0012023827293887734
2024-03-29 13:30:00+00:00,0.0,0.0,0.0
2024-03-29 14:30:00+00:00,0.0,0.0,0.0
2024-03-29 15:30:00+00:00,0.0,0.0,0.0
2024-03-29 16:30:00+00:00,0.0,0.0,0.0
2024-03-29 17:30:00+00:00,0.0,0.0,0.0
2024-03-29 18:30:00+00:00,0.0,0.0,0.0
2024-03-29 19:30:00+00:00,0.0,0.0,0.0004928407142870128
2024-03-29 20:30:00+00:00,0.0,0.0,0.0
2024-03-29 21:30:00+00:00,0.0,0.0,0.0
2024-03-29 22:30:00+00:00,0.0,0.0,0.000445167301222682
2024-03-29 23:30:00+00:00,0.0,0.0,0.0
2024-03-30 00:30:00+00:00,0.0,0.0,0.0
2024-03-30 01:30:00+00:00,2.850278561578155,3.075,2.921613109111786
2024-03-30 02:30:00+00:00,2.926043134331813,3.075,2.9214588075876238
2024-03-30 03:30:00+00:00,2.8261252507841315,3.075,2.922189098596573
2024-03-30 04:30:00+00:00,2.764309947475875,3.075,2.9188135981559755
2024-03-30 05:30:00+00:00,2.9167845340205507,3.075,2.9235783934593202
2024-03-30 06:30:00+00:00,2.8981689435742126,3.075,2.9209129333496096
2024-03-30 07:30:00+00:00,2.9552044368734953,3.075,2.900737848877907
2024-03-30 08:30:00+00:00,2.885662773408087,3.075,2.8746786385774614
2024-03-30 09:30:00+00:00,0.0,0.0,0.0
2024-03-30 10:30:00+00:00,0.0,0.0,0.0
2024-03-30 11:30:00+00:00,0.0,0.0,0.0
2024-03-30 12:30:00+00:00,0.0,0.0,0.0012023827293887734
2024-03-30 13:30:00+00:00,0.0,0.0,0.0
2024-03-30 14:30:00+00:00,0.0,0.0,0.0
2024-03-30 15:30:00+00:00,0.0,0.0,0.0
2024-03-30 16:30:00+00:00,0.0,0.0,0.0
2024-03-30 17:30:00+00:00,0.0,0.0,0.0
2024-03-30 18:30:00+00:00,0.0,0.0,0.0
2024-03-30 19:30:00+00:00,2.9442472465948044,3.075,2.9213985770940782
2024-03-30 20:30:00+00:00,2.867815516395057,3.075,2.92418013215065
2024-03-30 21:30:00+00:00,0.0,0.0,0.0
2024-03-30 22:30:00+00:00,0.0,0.0,0.0
2024-03-30 23:30:00+00:00,2.8470289026838964,3.075,2.9198138535022737
2024-03-31 00:30:00+00:00,2.909713647993272,3.075,2.9206151932477953
2024-03-31 01:30:00+00:00,2.8460462809027014,3.075,2.9197178155183794
2024-03-31 02:30:00+00:00,2.870206786653106,3.075,2.9201390117406847
2024-03-31 03:30:00+00:00,2.863895170063035,3.075,2.922240135073662
2024-03-31 04:30:00+00:00,2.8953633733125375,3.075,2.9172199934720995
2024-03-31 05:30:00+00:00,2.961690854955386,3.075,2.9148240804672243
2024-03-31 06:30:00+00:00,2.9166096602445317,3.075,2.9179909199476244
2024-03-31 07:30:00+00:00,2.9741338083732782,3.075,2.898007628321648
2024-03-31 08:30:00+00:00,2.8853004017179233,3.075,2.8749067157506945
2024-03-31 09:30:00+00:00,2.8895431103261946,3.075,2.8528977900743486
2024-03-31 10:30:00+00:00,2.955820010994629,3.075,2.8356937140226366
2024-03-31 11:30:00+00:00,2.805922184916889,3.075,2.8333300173282625
2024-03-31 12:30:00+00:00,2.8088336945572436,3.075,2.82889564037323
2024-03-31 13:30:00+00:00,2.754520343262948,3.075,2.8287139654159548
2024-03-31 14:30:00+00:00,2.91660887667929,3.075,2.8397742182016374
2024-03-31 15:30:00+00:00,0.0,0.0,0.0
2024-03-31 16:30:00+00:00,0.0,0.0,0.0
2024-03-31 17:30:00+00:00,0.0,0.0,0.0
2024-03-31 18:30:00+00:00,0.0,0.0,0.0
2024-03-31 19:30:00+00:00,0.0,0.0,0.0
2024-03-31 20:30:00+00:00,0.0,0.0,0.0
2024-03-31 21:30:00+00:00,0.0,0.0,0.0
2024-03-31 22:30:00+00:00,0.0,0.0,0.00041924993274733424
2024-03-31 23:30:00+00:00,0.0,0.0,0.0
2024-04-01 00:30:00+00:00,2.8971238225429867,3.075,2.925356161594391
2024-04-01 01:30:00+00:00,2.8978281116061675,3.075,2.9217683494091036
2024-04-01 02:30:00+00:00,2.8874869439277404,3.075,2.920495879650116
2024-04-01 03:30:00+00:00,2.8575133248467846,3.075,2.921477970480919
2024-04-01 04:30:00+00:00,2.799502314620132,3.075,2.9205308675765993
2024-04-01 05:30:00+00:00,2.84328459163433,2.998451948,2.848379090262459
2024-04-01 06:30:00+00:00,2.753412395253363,2.9181592800000002,2.7824131287911227
2024-04-01 07:30:00+00:00,2.966707245774345,3.071197568,2.8957274244434053
2024-04-01 08:30:00+00:00,2.81701734585624,3.075,2.875025045871735
2024-04-01 09:30:00+00:00,2.7723314398085788,3.075,2.855208170413971
2024-04-01 10:30:00+00:00,2.799024419683784,3.075,2.83780090212822
2024-04-01 11:30:00+00:00,0.0,0.0,0.0
2024-04-01 12:30:00+00:00,2.853876809143018,3.075,2.8325974613428118
2024-04-01 13:30:00+00:00,0.0,0.0,0.00021673753508366644
2024-04-01 14:30:00+00:00,2.894050641579019,3.075,2.8408324092626573
2024-04-01 15:30:00+00:00,0.0,0.0,0.0
2024-04-01 16:30:00+00:00,0.0,0.0,0.0
2024-04-01 17:30:00+00:00,0.0,0.0,0.0
2024-04-01 18:30:00+00:00,0.0,0.0,0.00015586249355692416
2024-04-01 19:30:00+00:00,0.0,0.0,0.00015586249355692416
2024-04-01 20:30:00+00:00,0.0,0.0,0.00015586249355692416
2024-04-01 21:30:00+00:00,0.0,0.0,0.001684144837781787
2024-04-01 22:30:00+00:00,2.7975501609984326,3.075,2.923780632019043
2024-04-01 23:30:00+00:00,0.0,0.0,0.00024260630016215146
2024-04-02 00:30:00+00:00,2.956097217594765,3.075,2.9223343253135683
2024-04-02 01:30:00+00:00,2.869667029998294,3.075,2.926455420255661
2024-04-02 02:30:00+00:00,2.8644284885663303,3.075,2.9235049903392794
2024-04-02 03:30:00+00:00,2.85084390410107,3.075,2.9264395952224733
2024-04-02 04:30:00+00:00,2.929939486053595,3.075,2.924245756864548
2024-04-02 05:30:00+00:00,2.9300835978318154,3.075,2.922499802708626
2024-04-02 06:30:00+00:00,3.0828833196055805,3.075,2.9237648665905
2024-04-02 07:30:00+00:00,2.8942832491376813,3.075,2.9001885920763018
2024-04-02 08:30:00+00:00,2.909809472335854,3.075,2.8760427206754686
2024-04-02 09:30:00+00:00,2.991732740087325,3.075,2.8559142470359804
2024-04-02 10:30:00+00:00,0.0,0.0,0.0008490661857649684
2024-04-02 11:30:00+00:00,0.0,0.0,0.0
2024-04-02 12:30:00+00:00,0.0,0.0,8.839821020956151e-06
2024-04-02 13:30:00+00:00,0.0,0.0,0.0
2024-04-02 14:30:00+00:00,0.0,0.0,0.0
2024-04-02 15:30:00+00:00,0.0,0.0,0.0
2024-04-02 16:30:00+00:00,0.0,0.0,0.0
2024-04-02 17:30:00+00:00,0.0,0.0,0.0
2024-04-02 18:30:00+00:00,0.0,0.0,0.0
2024-04-02 19:30:00+00:00,2.9746629165820737,3.075,2.920669209957123
2024-04-02 20:30:00+00:00,2.9201379564319865,3.075,2.921123442053795
2024-04-02 21:30:00+00:00,2.8735628334949572,3.075,2.921123442053795
2024-04-02 22:30:00+00:00,2.8943513724724776,3.075,2.920114603638649
2024-04-02 23:30:00+00:00,2.977066151364206,3.075,2.9196372449398043
2024-04-03 00:30:00+00:00,2.9325658836344646,3.075,2.92005233168602
2024-04-03 01:30:00+00:00,2.8570772192319445,3.075,2.922555384039879
2024-04-03 02:30:00+00:00,2.889843166858377,3.075,2.9214598655700685
2024-04-03 03:30:00+00:00,2.896675882113924,3.075,2.9193569839000704
2024-04-03 04:30:00+00:00,2.97523756719225,3.075,2.92119614481926
2024-04-03 05:30:00+00:00,2.9114056063696445,3.075,2.9244193553924562
2024-04-03 06:30:00+00:00,2.991045347759185,3.075,2.9214744538068773
2024-04-03 07:30:00+00:00,2.9481588030744885,3.075,2.897120636701584
2024-04-03 08:30:00+00:00,2.9660900902596454,3.075,2.8750579029321672
2024-04-03 09:30:00+00:00,0.0,0.0,2.7572597900871187e-05
2024-04-03 10:30:00+00:00,0.0,0.0,2.0802250219276175e-05
2024-04-03 11:30:00+00:00,0.0,0.0,8.839821020956151e-06
2024-04-03 12:30:00+00:00,0.0,0.0,0.0
2024-04-03 13:30:00+00:00,0.0,0.0,0.0
2024-04-03 14:30:00+00:00,0.0,0.0,2.2068721591494977e-05
2024-04-03 15:30:00+00:00,0.0,0.0,2.2068721591494977e-05
2024-04-03 16:30:00+00:00,0.0,0.0,0.0
2024-04-03 17:30:00+00:00,0.0,0.0,0.0
2024-04-03 18:30:00+00:00,0.0,0.0,0.0
2024-04-03 19:30:00+00:00,2.9029043915592863,3.075,2.920669209957123
2024-04-03 20:30:00+00:00,2.8374891006521152,3.075,2.9217400372028353
2024-04-03 21:30:00+00:00,2.8547955905388145,3.075,2.918987137079239
2024-04-03 22:30:00+00:00,2.855155262262331,3.075,2.920183849334717
2024-04-03 23:30:00+00:00,2.8920278585744716,3.075,2.9199817001819612
2024-04-04 00:30:00+00:00,0.0,0.0,0.0
2024-04-04 01:30:00+00:00,0.0,0.0,9.493333345744759e-05
2024-04-04 02:30:00+00:00,2.9561461067493995,3.075,2.9225481867790224
2024-04-04 03:30:00+00:00,2.9420976705542623,3.075,2.9254471331834795
2024-04-04 04:30:00+00:00,2.7815240965153816,3.075,2.921894532442093
2024-04-04 05:30:00+00:00,2.9854327321872853,3.075,2.922921192646027
2024-04-04 06:30:00+00:00,2.8632833550643326,3.075,2.922858265042305
2024-04-04 07:30:00+00:00,2.7755777405705615,3.075,2.8981827765703203
2024-04-04 08:30:00+00:00,2.850702410158867,3.075,2.875027966499329
2024-04-04 09:30:00+00:00,2.8755918542476664,3.075,2.852914568781853
2024-04-04 10:30:00+00:00,2.8071726357546654,3.075,2.834347677230835
2024-04-04 11:30:00+00:00,2.8624831957558357,3.075,2.828881931304932
2024-04-04 12:30:00+00:00,0.0,0.0,0.0
2024-04-04 13:30:00+00:00,0.0,0.0,0.0
2024-04-04 14:30:00+00:00,0.0,0.0,2.2068721591494977e-05
2024-04-04 15:30:00+00:00,0.0,0.0,0.0
2024-04-04 16:30:00+00:00,0.0,0.0,0.0
2024-04-04 17:30:00+00:00,0.0,0.0,0.0
2024-04-04 18:30:00+00:00,0.0,0.0,0.0
2024-04-04 19:30:00+00:00,0.0,0.0,0.0
2024-04-04 20:30:00+00:00,0.0,0.0,0.0
2024-04-04 21:30:00+00:00,0.0,0.0,0.0
2024-04-04 22:30:00+00:00,0.0,0.0,0.00015586249355692416
2024-04-04 23:30:00+00:00,0.0,0.0,0.0
2024-04-05 00:30:00+00:00,0.0,0.0,2.758859409368597e-05
2024-04-05 01:30:00+00:00,0.0,0.0,0.0
2024-04-05 02:30:00+00:00,0.0,0.0,0.0
2024-04-05 03:30:00+00:00,0.0,0.0,0.0005470864125527442
2024-04-05 04:30:00+00:00,0.0,0.0,7.47821104596369e-06
2024-04-05 05:30:00+00:00,0.0,0.0,0.0012883363524451852
2024-04-05 06:30:00+00:00,0.0,0.0,0.0002967133477795869
2024-04-05 07:30:00+00:00,0.0,0.0,0.0029164268635213375
2024-04-05 08:30:00+00:00,0.0,0.0,0.0029164268635213375
2024-04-05 09:30:00+00:00,0.0,0.0,0.0033408519811928272
2024-04-05 10:30:00+00:00,0.0,0.0,0.0009934237459674478
2024-04-05 11:30:00+00:00,0.0,0.0,0.0002891546755563468
2024-04-05 12:30:00+00:00,0.0,0.0,0.0
2024-04-05 13:30:00+00:00,0.0,0.0,4.913649900117889e-05
2024-04-05 14:30:00+00:00,0.0,0.0,2.2068721591494977e-05
2024-04-05 15:30:00+00:00,0.0,0.0,0.0
2024-04-05 16:30:00+00:00,0.0,0.0,0.0
2024-04-05 17:30:00+00:00,0.0,0.0,0.0
2024-04-05 18:30:00+00:00,0.0,0.0,0.0
2024-04-05 19:30:00+00:00,0.0,0.0,0.0
2024-04-05 20:30:00+00:00,0.0,0.0,0.0
2024-04-05 21:30:00+00:00,0.0,0.0,0.00015586249355692416
2024-04-05 22:30:00+00:00,0.0,0.0,0.00015586249355692416
2024-04-05 23:30:00+00:00,0.0,0.0,0.0
2024-04-06 00:30:00+00:00,0.0,0.0,0.0
2024-04-06 01:30:00+00:00,0.0,0.0,0.0
2024-04-06 02:30:00+00:00,2.952844682637252,3.075,2.9215593159198763
2024-04-06 03:30:00+00:00,2.90061623693686,3.075,2.9256356924772264
2024-04-06 04:30:00+00:00,2.9045980611779707,3.075,2.9165210247039797
2024-04-06 05:30:00+00:00,0.0,0.0,0.000537435756996274
2024-04-06 06:30:00+00:00,0.0,0.0,0.0002967133477795869
2024-04-06 07:30:00+00:00,0.0,0.0,0.00039415768696926534
2024-04-06 08:30:00+00:00,0.0,0.0,0.0013737115077674389
2024-04-06 09:30:00+00:00,2.857239166346952,3.075,2.8568870693445207
2024-04-06 10:30:00+00:00,2.884361431859003,3.075,2.846121755242348
2024-04-06 11:30:00+00:00,2.8340224455584244,3.075,2.8395800262689592
2024-04-06 12:30:00+00:00,2.8371324306088406,3.075,2.8334367096424105
2024-04-06 13:30:00+00:00,0.0,0.0,8.839821020956151e-06
2024-04-06 14:30:00+00:00,0.0,0.0,0.0
2024-04-06 15:30:00+00:00,0.0,0.0,0.0
2024-04-06 16:30:00+00:00,0.0,0.0,0.0
2024-04-06 17:30:00+00:00,0.0,0.0,0.0
2024-04-06 18:30:00+00:00,0.0,0.0,0.0
2024-04-06 19:30:00+00:00,0.0,0.0,0.0
2024-04-06 20:30:00+00:00,0.0,0.0,0.00015586249355692416
2024-04-06 21:30:00+00:00,0.0,0.0,0.00015586249355692416
2024-04-06 22:30:00+00:00,0.0,0.0,0.00015586249355692416
2024-04-06 23:30:00+00:00,0.0,0.0,0.00015586249355692416
2024-04-07 00:30:00+00:00,0.0,0.0,0.0
2024-04-07 01:30:00+00:00,0.0,0.0,0.0015173647552728653
2024-04-07 02:30:00+00:00,0.0,0.0,0.0015173647552728653
2024-04-07 03:30:00+00:00,2.812232861517049,3.075,2.916832622885704
2024-04-07 04:30:00+00:00,2.946176144654833,3.075,2.922353890538216
2024-04-07 05:30:00+00:00,2.9528767317691793,3.075,2.9199035584926607
2024-04-07 06:30:00+00:00,2.9961215074678305,3.075,2.925078344345093
2024-04-07 07:30:00+00:00,2.860547737050838,3.075,2.904729184508324
2024-04-07 08:30:00+00:00,2.288383612554545,2.4478353999999998,2.2805398397592542
2024-04-07 09:30:00+00:00,2.48566872715057,2.6490431439999993,2.4663913113002236
2024-04-07 10:30:00+00:00,2.8251419743992114,3.0589867280000003,2.8281793044083865
2024-04-07 11:30:00+00:00,2.8329606171594253,3.06960088,2.8298595993250655
2024-04-07 12:30:00+00:00,2.769485907759762,3.075,2.831817474961281
2024-04-07 13:30:00+00:00,2.706572910596162,2.91167748,2.6720653476891325
2024-04-07 14:30:00+00:00,2.841550349719413,3.075,2.8387080401182176
2024-04-07 15:30:00+00:00,0.0,0.0,0.0
2024-04-07 16:30:00+00:00,0.0,0.0,0.00040693237679079175
2024-04-07 17:30:00+00:00,2.942966678708603,3.075,2.8984991729259493
2024-04-07 18:30:00+00:00,3.000035235345535,3.075,2.9212663590908052
2024-04-07 19:30:00+00:00,2.9852714390597126,3.075,2.9190095484256746
2024-04-07 20:30:00+00:00,2.9608142386344998,3.075,2.9200624346733095
2024-04-07 21:30:00+00:00,2.862143301072686,3.075,2.919947785139084
2024-04-07 22:30:00+00:00,2.9665816976113324,3.075,2.9232541739940645
2024-04-07 23:30:00+00:00,2.934469070970796,3.075,2.923782688379288
2024-04-08 00:30:00+00:00,2.9845363855001734,3.075,2.9242519557476045
2024-04-08 01:30:00+00:00,2.917954559910125,3.075,2.9175989001989366
2024-04-08 02:30:00+00:00,2.903606729299727,3.075,2.91592153608799
2024-04-08 03:30:00+00:00,2.899422378324616,3.075,2.9246196419000627
2024-04-08 04:30:00+00:00,2.813243309844821,3.075,2.920106065273285
2024-04-08 05:30:00+00:00,2.922111307997868,3.075,2.9233309596776964
2024-04-08 06:30:00+00:00,2.903227379791141,3.075,2.9274548411369326
2024-04-08 07:30:00+00:00,2.9320711710710814,3.075,2.9046718299388887
2024-04-08 08:30:00+00:00,2.111096904574627,2.3678884000000004,2.2166292757209782
2024-04-08 09:30:00+00:00,2.5651156714962307,2.81311848,2.6185118331045913
2024-04-08 10:30:00+00:00,2.7869874886005253,3.075,2.84609669148922
2024-04-08 11:30:00+00:00,2.765159275379463,3.075,2.834707793593407
2024-04-08 12:30:00+00:00,2.782952469897142,3.075,2.836879622936249
2024-04-08 13:30:00+00:00,2.7622223033965647,3.075,2.836622354388237
2024-04-08 14:30:00+00:00,2.8528844670627054,3.075,2.8415431797504427
2024-04-08 15:30:00+00:00,2.7167021875836714,3.075,2.8594529151916506
2024-04-08 16:30:00+00:00,2.959329031426442,3.063744252,2.866215278778221
2024-04-08 17:30:00+00:00,2.914272951333697,3.075,2.896332171559334
2024-04-08 18:30:00+00:00,2.8147677872622383,3.075,2.920693036913872
2024-04-08 19:30:00+00:00,2.931751654128185,3.075,2.9200160771608354
2024-04-08 20:30:00+00:00,0.0,0.0,0.0
2024-04-08 21:30:00+00:00,0.0,0.0,0.0005000707460567355
2024-04-08 22:30:00+00:00,0.0,0.0,0.0007550556911155581
2024-04-08 23:30:00+00:00,0.0,0.0,0.0004464662924874574
2024-04-09 00:30:00+00:00,0.0,0.0,4.3817224650410935e-05
2024-04-09 01:30:00+00:00,0.0,0.0,0.0
2024-04-09 02:30:00+00:00,0.0,0.0,0.00026988214813172817
2024-04-09 03:30:00+00:00,2.971265438511814,3.075,2.9279477417469026
2024-04-09 04:30:00+00:00,2.98120786820157,3.075,2.9238223403692247
2024-04-09 05:30:00+00:00,2.8347733196345066,3.075,2.9214408665895464
2024-04-09 06:30:00+00:00,2.9975985061426487,3.075,2.9195208966732027
2024-04-09 07:30:00+00:00,2.3719868806555735,2.503157200000001,2.359985338232232
2024-04-09 08:30:00+00:00,1.5676769948258862,1.7559694000000003,1.6444246344679836
2024-04-09 09:30:00+00:00,2.7780116858866677,3.0735848,2.85209545993309
2024-04-09 10:30:00+00:00,2.893917199954931,3.075,2.8386516243219377
2024-04-09 11:30:00+00:00,2.886521208174471,3.075,2.8277834326028826
2024-04-09 12:30:00+00:00,2.889304050098651,3.075,2.831271690130234
2024-04-09 13:30:00+00:00,2.8194522755705536,3.075,2.8387586146593096
2024-04-09 14:30:00+00:00,2.871846458737327,3.075,2.841018018126488
2024-04-09 15:30:00+00:00,0.0,0.0,0.0
2024-04-09 16:30:00+00:00,0.0,0.0,0.00012726261047646403
2024-04-09 17:30:00+00:00,0.0,0.0,0.0
2024-04-09 18:30:00+00:00,0.0,0.0,0.0
2024-04-09 19:30:00+00:00,0.0,0.0,0.0
2024-04-09 20:30:00+00:00,0.0,0.0,0.0012149347458034754
2024-04-09 21:30:00+00:00,0.0,0.0,0.0003710752644110471
2024-04-09 22:30:00+00:00,0.0,0.0,6.248570571187884e-05
2024-04-09 23:30:00+00:00,0.0,0.0,0.00022857339354231954
2024-04-10 00:30:00+00:00,0.0,0.0,0.0
2024-04-10 01:30:00+00:00,2.9981386021180767,3.075,2.9171941846609117
2024-04-10 02:30:00+00:00,2.943194766781942,3.075,2.9223478108644487
2024-04-10 03:30:00+00:00,2.911719368686402,3.075,2.9208099812269213
2024-04-10 04:30:00+00:00,2.7245363251435677,2.94612336,2.7968277021268464
2024-04-10 05:30:00+00:00,0.5709953197509913,0.59612,0.5671823286664486
2024-04-10 06:30:00+00:00,1.1133792360584966,1.1765388507999999,1.119339860663615
2024-04-10 07:30:00+00:00,1.88471960760724,2.026803556,1.9169117390263137
2024-04-10 08:30:00+00:00,1.6642765901984236,1.8095068000000003,1.6778449080627444
2024-04-10 09:30:00+00:00,1.6014800429930474,1.7380000000000002,1.610346639633179
2024-04-10 10:30:00+00:00,1.394797221086594,1.5709764519999996,1.4511743495534435
2024-04-10 11:30:00+00:00,2.2739490425677866,2.4478348000000003,2.251148681158829
2024-04-10 12:30:00+00:00,2.634913469656353,2.9760166800000003,2.7435756868101886
2024-04-10 13:30:00+00:00,0.0,0.0,0.0020823562517762184
2024-04-10 14:30:00+00:00,0.0,0.0,8.413080649916083e-05
2024-04-10 15:30:00+00:00,0.0,0.0,0.0
2024-04-10 16:30:00+00:00,0.0,0.0,0.0
2024-04-10 17:30:00+00:00,0.0,0.0,0.0001727059279801324
2024-04-10 18:30:00+00:00,0.0,0.0,0.00033810141030699015
2024-04-10 19:30:00+00:00,0.0,0.0,0.0003490850795060396
2024-04-10 20:30:00+00:00,0.0,0.0,0.0005179012077860534
2024-04-10 21:30:00+00:00,0.0,0.0,0.0004054211894981563
2024-04-10 22:30:00+00:00,0.0,0.0,0.00024260630016215146
2024-04-10 23:30:00+00:00,0.0,0.0,0.00015586249355692416
2024-04-11 00:30:00+00:00,3.0066429201052527,3.075,2.9190680354833605
2024-04-11 01:30:00+00:00,2.9747896382659644,3.075,2.9243792563676836
2024-04-11 02:30:00+00:00,2.9734392927311895,3.074919936,2.9344295530902254
2024-04-11 03:30:00+00:00,0.10524200132970694,0.1147874816,0.1067183342441455
2024-04-11 04:30:00+00:00,0.34929010890680007,0.3575528157999999,0.33982490805296967
2024-04-11 05:30:00+00:00,0.13766591127836064,0.14590397279999995,0.1369209251209333
2024-04-11 06:30:00+00:00,0.25901550483453933,0.28134064300000006,0.26726622430621916
2024-04-11 07:30:00+00:00,0.5799443996095536,0.6539615280000001,0.6140941678551465
2024-04-11 08:30:00+00:00,0.30766083960918117,0.32827536760000003,0.30853630600599063
2024-04-11 09:30:00+00:00,0.3472589940430315,0.37478862400000007,0.3472533400619498
2024-04-11 10:30:00+00:00,0.41935026722680074,0.44265935059999995,0.41021549564218096
2024-04-11 11:30:00+00:00,1.6803758037999101,1.8095068000000003,1.6611447296779636
2024-04-11 12:30:00+00:00,0.08201774018524134,0.09359689839999999,0.08765081074904527
2024-04-11 13:30:00+00:00,0.2542174195918548,0.28134064300000006,0.2594512618893319
2024-04-11 14:30:00+00:00,1.263762624653622,1.4046141299999997,1.2968846577800557
2024-04-11 15:30:00+00:00,0.0,0.0,0.0
2024-04-11 16:30:00+00:00,0.0,0.0,0.0
2024-04-11 17:30:00+00:00,0.0,0.0,0.00013693803339265287
2024-04-11 18:30:00+00:00,0.0,0.0,0.0
2024-04-11 19:30:00+00:00,0.0,0.0,0.0001829973771236837
2024-04-11 20:30:00+00:00,0.0,0.0,0.001684144837781787
2024-04-11 21:30:00+00:00,3.0464457941856944,3.075,2.920036655664444
2024-04-11 22:30:00+00:00,2.904959110193416,3.075,2.9203285545110704
2024-04-11 23:30:00+00:00,2.913606344257454,3.075,2.9226479053497316
2024-04-12 00:30:00+00:00,2.9239119166130076,3.072947504,2.9195989388983765
2024-04-12 01:30:00+00:00,2.960566561088532,3.075,2.9228148430585863
2024-04-12 02:30:00+00:00,2.912825925966949,3.075,2.9219817936420442
2024-04-12 03:30:00+00:00,2.895205470267873,3.075,2.923356366157532
2024-04-12 04:30:00+00:00,2.7997534745926673,3.074074344,2.9233003121224823
2024-04-12 05:30:00+00:00,2.8721203716488133,3.057737364,2.9058061526476515
2024-04-12 06:30:00+00:00,2.0067061034742686,2.1387649960000004,2.025164488621422
2024-04-12 07:30:00+00:00,2.0769110244597018,2.1697362879999997,2.039849124360931
2024-04-12 08:30:00+00:00,2.515936553886087,2.6369906239999996,2.463463234235214
2024-04-12 09:30:00+00:00,2.3851815572577637,2.5149436,2.341990337074852
2024-04-12 10:30:00+00:00,2.429748052174842,2.612793544,2.4080971271451417
2024-04-12 11:30:00+00:00,2.805595530724493,3.0501667379999997,2.8086506098175885
2024-04-12 12:30:00+00:00,2.814439503260551,3.0735848,2.8336508026073455
2024-04-12 13:30:00+00:00,2.8824464685189324,3.075,2.8319098472595217
2024-04-12 14:30:00+00:00,0.0,0.0,0.0
2024-04-12 15:30:00+00:00,0.0,0.0,0.000896751880645752
2024-04-12 16:30:00+00:00,0.0,0.0,0.0
2024-04-12 17:30:00+00:00,0.0,0.0,0.0
2024-04-12 18:30:00+00:00,0.0,0.0,5.680494723492302e-05
2024-04-12 19:30:00+00:00,0.0,0.0,0.00015586249355692416
2024-04-12 20:30:00+00:00,0.0,0.0,0.0
2024-04-12 21:30:00+00:00,0.0,0.0,0.0
2024-04-12 22:30:00+00:00,0.0,0.0,0.0
2024-04-12 23:30:00+00:00,2.8619391803154217,3.075,2.9194347083568575
2024-04-13 00:30:00+00:00,2.847521100555334,3.075,2.923572134971619
2024-04-13 01:30:00+00:00,2.791126293712963,3.075,2.923493218421936
2024-04-13 02:30:00+00:00,2.9782509632881005,3.075,2.920938950777054
2024-04-13 03:30:00+00:00,2.903641246584299,3.075,2.92344708442688
2024-04-13 04:30:00+00:00,2.9942893112700686,3.075,2.92065007686615
2024-04-13 05:30:00+00:00,2.884077308521927,3.075,2.9212626785039904
2024-04-13 06:30:00+00:00,2.8914721241218433,3.075,2.9207445651292803
2024-04-13 07:30:00+00:00,3.0159014621271596,3.075,2.8973446756601335
2024-04-13 08:30:00+00:00,2.8583867165085883,3.075,2.8669649034738542
2024-04-13 09:30:00+00:00,0.0,0.0,0.0006941191968508065
2024-04-13 10:30:00+00:00,0.0,0.0,0.0014236769638955593
2024-04-13 11:30:00+00:00,0.0,0.0,0.00018389652541372925
2024-04-13 12:30:00+00:00,0.0,0.0,0.0002891546755563468
2024-04-13 13:30:00+00:00,0.0,0.0,0.0
2024-04-13 14:30:00+00:00,0.0,0.0,0.0
2024-04-13 15:30:00+00:00,2.876394655801884,3.075,2.860867914557457
2024-04-13 16:30:00+00:00,2.835122461698204,2.91167748,2.7339518519816206
2024-04-13 17:30:00+00:00,2.9638156835253264,3.075,2.8992156207561495
2024-04-13 18:30:00+00:00,2.817673634493754,3.075,2.9196587771177294
2024-04-13 19:30:00+00:00,2.864862846520078,3.075,2.9201601564884188
2024-04-13 20:30:00+00:00,2.893509460551476,3.075,2.920238134264946
2024-04-13 21:30:00+00:00,2.897263575381241,3.075,2.9252381891012194
2024-04-13 22:30:00+00:00,2.8341187665656435,3.075,2.9245729714632036
2024-04-13 23:30:00+00:00,2.901548833251036,3.075,2.9232105284929277
2024-04-14 00:30:00+00:00,2.9386732379456717,3.075,2.9223564237356188
2024-04-14 01:30:00+00:00,2.9268794704602317,3.075,2.9219043374061586
2024-04-14 02:30:00+00:00,2.9373463628574203,3.075,2.924286884069443
2024-04-14 03:30:00+00:00,2.938155830630165,3.075,2.9222170531749727
2024-04-14 04:30:00+00:00,2.816916380947444,3.075,2.921537381410599
2024-04-14 05:30:00+00:00,2.9862469536519622,3.075,2.925074738264084
2024-04-14 06:30:00+00:00,2.9523106276281674,3.075,2.923095774650574
2024-04-14 07:30:00+00:00,3.009601508780257,3.075,2.9048207223415377
2024-04-14 08:30:00+00:00,2.812952459857741,3.075,2.8834421306848528
2024-04-14 09:30:00+00:00,2.8343997260940066,3.0743981120000003,2.858009320200455
2024-04-14 10:30:00+00:00,2.7344457525983583,3.075,2.852102530002594
2024-04-14 11:30:00+00:00,2.8714823692453346,3.075,2.8397204250097277
2024-04-14 12:30:00+00:00,0.0,0.0,0.0006228422862477601
2024-04-14 13:30:00+00:00,0.0,0.0,0.0
2024-04-14 14:30:00+00:00,2.813335047806753,3.075,2.8308882087469103
2024-04-14 15:30:00+00:00,2.877554143978166,3.075,2.841767352819443
2024-04-14 16:30:00+00:00,2.856668062512137,3.075,2.8674970090389253
2024-04-14 17:30:00+00:00,2.1129276650944684,2.2224562359999998,2.1032940266680105
2024-04-14 18:30:00+00:00,0.5491586899166931,0.59612,0.5654459689956903
2024-04-14 19:30:00+00:00,1.9116856452426036,2.0673574600000006,1.9550646636266333
2024-04-14 20:30:00+00:00,2.91595570167115,3.075,2.914104622602463
2024-04-14 21:30:00+00:00,2.856474318117885,3.075,2.9168323993682863
2024-04-14 22:30:00+00:00,2.201817764316475,2.3112622,2.191687802197647
2024-04-14 23:30:00+00:00,2.924065369030728,3.075,2.9221730053424837
2024-04-15 00:30:00+00:00,2.1023271675095163,2.116543156,2.0055381701310693
2024-04-15 01:30:00+00:00,2.8900705759681475,3.075,2.9236008793115618
2024-04-15 02:30:00+00:00,2.919843146071698,3.075,2.924898710846901
2024-04-15 03:30:00+00:00,0.30054243369566214,0.3223334056,0.3025656872103697
2024-04-15 04:30:00+00:00,0.29322019435199176,0.31336472379999997,0.29737813222247006
2024-04-15 05:30:00+00:00,0.9642027734117998,0.9992000000000001,0.9509143182456494
2024-04-15 06:30:00+00:00,1.8812529737632808,1.9722875439999996,1.8761618444202839
2024-04-15 07:30:00+00:00,2.9267728636828854,3.075,2.9076556831598284
2024-04-15 08:30:00+00:00,2.8108759907341287,3.075,2.871942010521889
2024-04-15 09:30:00+00:00,2.759254659633496,3.075,2.8535104215145113
2024-04-15 10:30:00+00:00,0.0,0.0,0.00044955257908441126
2024-04-15 11:30:00+00:00,0.0,0.0,0.00050287542399019
2024-04-15 12:30:00+00:00,2.796779895979512,3.075,2.8342689841985704
2024-04-15 13:30:00+00:00,2.892077876621074,3.075,2.8310860812664034
2024-04-15 14:30:00+00:00,2.926698126011247,3.075,2.8411683559417726
2024-04-15 15:30:00+00:00,2.9125939431020464,3.075,2.860586342215538
2024-04-15 16:30:00+00:00,2.903017286748277,3.075,2.876739901304245
2024-04-15 17:30:00+00:00,2.9390348719954753,3.075,2.893010076880455
2024-04-15 18:30:00+00:00,2.91790784724756,3.075,2.9199354469776155
2024-04-15 19:30:00+00:00,0.0,0.0,0.0
2024-04-15 20:30:00+00:00,2.9166578701038484,3.075,2.9196204215288164
2024-04-15 21:30:00+00:00,2.771093413814599,3.075,2.9213534116744997
2024-04-15 22:30:00+00:00,2.8673797906105194,3.075,2.920635071396828
2024-04-15 23:30:00+00:00,2.904672974709802,3.075,2.921106216311455
2024-04-16 00:30:00+00:00,2.855945736535944,3.075,2.9205352783203127
2024-04-16 01:30:00+00:00,2.970869365874689,3.075,2.918869209289551
2024-04-16 02:30:00+00:00,2.9734957142690033,3.075,2.9206869125366213
2024-04-16 03:30:00+00:00,2.6006609575922344,2.7913841840000004,2.651448899147019
2024-04-16 04:30:00+00:00,2.921276313184491,3.075,2.9266649752855303
2024-04-16 05:30:00+00:00,2.7915881693612477,2.94612336,2.8092550619462586
2024-04-16 06:30:00+00:00,2.729813697373762,2.805976536,2.6676940134408342
2024-04-16 07:30:00+00:00,2.272668232248387,2.3879776,2.2517575471616746
2024-04-16 08:30:00+00:00,2.8009261658200315,2.96963028,2.7738590477526475
2024-04-16 09:30:00+00:00,2.8568836435930134,3.0443992,2.828152654685211
2024-04-16 10:30:00+00:00,2.6929437680505166,3.0562753139999996,2.8181474714544903
2024-04-16 11:30:00+00:00,2.7017081389456172,3.075,2.8340021044015886
2024-04-16 12:30:00+00:00,2.740123715499745,3.0539681439999997,2.812715319335884
2024-04-16 13:30:00+00:00,2.8262066501258305,3.075,2.8336495727300646
2024-04-16 14:30:00+00:00,2.877474806542358,3.075,2.8440912783145906
2024-04-16 15:30:00+00:00,2.919648406880243,3.075,2.860785123705864
2024-04-16 16:30:00+00:00,2.8541153704574382,3.075,2.8782917827367784
2024-04-16 17:30:00+00:00,2.8190366764938855,3.075,2.8979309618473055
2024-04-16 18:30:00+00:00,2.8733980155580943,3.075,2.9148796766996385
2024-04-16 19:30:00+00:00,2.914982731019545,3.075,2.9204741686582567
2024-04-16 20:30:00+00:00,2.8801717588871822,3.075,2.9210481613874437
2024-04-16 21:30:00+00:00,2.922414289283771,3.075,2.9127131670713426
2024-04-16 22:30:00+00:00,2.9383291600997086,3.075,2.9157233357429506
2024-04-16 23:30:00+00:00,2.9835904408329306,3.075,2.911270734667778
2024-04-17 00:30:00+00:00,2.9415033061658438,3.075,2.919827875494957
2024-04-17 01:30:00+00:00,2.902582601812237,3.075,2.91686564385891
2024-04-17 02:30:00+00:00,2.945522486621321,3.0735848,2.919276182884979
2024-04-17 03:30:00+00:00,0.23368206897462537,0.24019999999999994,0.2282049088969826
2024-04-17 04:30:00+00:00,0.0,0.0,0.0
2024-04-17 05:30:00+00:00,0.3724733954534507,0.39459990640000003,0.37495144014075893
2024-04-17 06:30:00+00:00,2.9439499537251623,3.075,2.9184165567159654
2024-04-17 07:30:00+00:00,2.8987274234303184,3.075,2.8971388012170793
2024-04-17 08:30:00+00:00,3.0307632878263684,3.075,2.8615421026945116
2024-04-17 09:30:00+00:00,2.8104011314062363,3.075,2.861284312605858
2024-04-17 10:30:00+00:00,0.0,0.0,0.0
2024-04-17 11:30:00+00:00,0.0,0.0,0.0
2024-04-17 12:30:00+00:00,0.0,0.0,0.0
2024-04-17 13:30:00+00:00,0.0,0.0,0.0006692789029330015
2024-04-17 14:30:00+00:00,0.0,0.0,0.0
2024-04-17 15:30:00+00:00,0.0,0.0,7.565513078588992e-05
2024-04-17 16:30:00+00:00,2.8539490934692497,3.075,2.8756048500537874
2024-04-17 17:30:00+00:00,2.8886015745680784,3.075,2.8972492933273317
2024-04-17 18:30:00+00:00,3.0195914619082576,3.075,2.9217044830322267
2024-04-17 19:30:00+00:00,2.8974496487065435,3.075,2.920498561859131
2024-04-17 20:30:00+00:00,0.0,0.0,0.0
2024-04-17 21:30:00+00:00,0.0,0.0,0.0
2024-04-17 22:30:00+00:00,2.8890069416444044,3.075,2.922621247172356
2024-04-17 23:30:00+00:00,2.841724911988582,3.075,2.920931962132454
2024-04-18 00:30:00+00:00,2.8732314380803805,3.075,2.9206074446439745
2024-04-18 01:30:00+00:00,2.8854513796838086,3.075,2.9228454649448397
2024-04-18 02:30:00+00:00,2.900488747815522,3.075,2.922166016697884
2024-04-18 03:30:00+00:00,2.8678224634014877,3.075,2.9255634367465975
2024-04-18 04:30:00+00:00,0.0,0.0,7.342922617681324e-05
2024-04-18 05:30:00+00:00,0.0,0.0,0.00023511814652010798
2024-04-18 06:30:00+00:00,2.954705598884738,3.075,2.9134504318237306
2024-04-18 07:30:00+00:00,2.852409502815531,3.075,2.901100304722786
2024-04-18 08:30:00+00:00,2.9799840910524886,3.075,2.8700479090213777
2024-04-18 09:30:00+00:00,2.8621043255409724,3.075,2.846558314561844
2024-04-18 10:30:00+00:00,0.0,0.0,0.0
2024-04-18 11:30:00+00:00,0.0,0.0,0.00045093795051798224
2024-04-18 12:30:00+00:00,0.0,0.0,8.839821020956151e-06
2024-04-18 13:30:00+00:00,0.0,0.0,0.00015858362894505262
2024-04-18 14:30:00+00:00,0.0,0.0,0.0
2024-04-18 15:30:00+00:00,0.0,0.0,0.0
2024-04-18 16:30:00+00:00,0.0,0.0,0.0
2024-04-18 17:30:00+00:00,3.079006433891338,3.075,2.8994604617357256
2024-04-18 18:30:00+00:00,2.828309180161345,3.075,2.921526995301247
2024-04-18 19:30:00+00:00,0.0,0.0,0.0
2024-04-18 20:30:00+00:00,0.0,0.0,0.0
2024-04-18 21:30:00+00:00,0.0,0.0,0.0
2024-04-18 22:30:00+00:00,0.0,0.0,0.0
2024-04-18 23:30:00+00:00,0.0,0.0,0.0
2024-04-19 00:30:00+00:00,2.8606897043188435,3.075,2.920608547329903
2024-04-19 01:30:00+00:00,2.8906348119331122,3.075,2.922416773438454
2024-04-19 02:30:00+00:00,2.8701798019187215,3.075,2.921517696976662
2024-04-19 03:30:00+00:00,2.7097693843500705,3.075,2.9200884073972704
2024-04-19 04:30:00+00:00,3.0192918267954556,3.075,2.920884993672371
2024-04-19 05:30:00+00:00,0.0,0.0,6.78692595101893e-05
2024-04-19 06:30:00+00:00,0.0,0.0,2.7572597900871187e-05
2024-04-19 07:30:00+00:00,0.0,0.0,0.0004999344237148762
2024-04-19 08:30:00+00:00,0.0,0.0,0.0004313373356126249
2024-04-19 09:30:00+00:00,0.0,0.0,0.0004313373356126249
2024-04-19 10:30:00+00:00,0.0,0.0,0.0
2024-04-19 11:30:00+00:00,0.0,0.0,0.0
2024-04-19 12:30:00+00:00,0.0,0.0,0.0
2024-04-19 13:30:00+00:00,0.0,0.0,0.0
2024-04-19 14:30:00+00:00,0.0,0.0,0.0
2024-04-19 15:30:00+00:00,0.0,0.0,0.0
2024-04-19 16:30:00+00:00,0.0,0.0,0.0
2024-04-19 17:30:00+00:00,0.0,0.0,0.0
2024-04-19 18:30:00+00:00,0.0,0.0,5.680494723492302e-05
2024-04-19 19:30:00+00:00,0.0,0.0,5.680494723492302e-05
2024-04-19 20:30:00+00:00,0.0,0.0,5.680494723492302e-05
2024-04-19 21:30:00+00:00,2.909945172365322,3.075,2.9203486114740373
2024-04-19 22:30:00+00:00,2.9418607931735745,3.075,2.9129215747118
2024-04-19 23:30:00+00:00,2.975399332978308,3.075,2.9198890298604967
2024-04-20 00:30:00+00:00,2.8936374642412397,3.075,2.922161963582039
2024-04-20 01:30:00+00:00,2.7985958808181444,3.075,2.9231010645627977
2024-04-20 02:30:00+00:00,2.8671016340422737,3.075,2.919908490777016
2024-04-20 03:30:00+00:00,3.013810364203598,3.075,2.922141653299332
2024-04-20 04:30:00+00:00,3.0457623867778123,3.075,2.922826272249222
2024-04-20 05:30:00+00:00,2.9664595957901705,3.075,2.9210662066936495
2024-04-20 06:30:00+00:00,3.015791332745843,3.075,2.921102848649025
2024-04-20 07:30:00+00:00,2.9763872501503856,3.075,2.8968982219696047
2024-04-20 08:30:00+00:00,3.0212193595784833,3.075,2.8742750555276873
2024-04-20 09:30:00+00:00,2.841682563134498,3.075,2.856054258346558
2024-04-20 10:30:00+00:00,0.0,0.0,0.0
2024-04-20 11:30:00+00:00,2.903983008806868,3.075,2.8339340806007387
2024-04-20 12:30:00+00:00,0.0,0.0,0.0
2024-04-20 13:30:00+00:00,0.0,0.0,8.839821020956151e-06
2024-04-20 14:30:00+00:00,0.0,0.0,0.0
2024-04-20 15:30:00+00:00,0.0,0.0,0.0
2024-04-20 16:30:00+00:00,0.0,0.0,2.2068721591494977e-05
2024-04-20 17:30:00+00:00,0.0,0.0,0.0
2024-04-20 18:30:00+00:00,0.0,0.0,0.0
2024-04-20 19:30:00+00:00,0.0,0.0,0.0
2024-04-20 20:30:00+00:00,2.855171288973823,3.075,2.9198743224143984
2024-04-20 21:30:00+00:00,2.891200113378878,3.075,2.917076197266579
2024-04-20 22:30:00+00:00,2.9095408045372313,3.075,2.921019744873047
2024-04-20 23:30:00+00:00,2.859860368025382,3.075,2.920445364713669
2024-04-21 00:30:00+00:00,3.023984493249185,3.075,2.9246046364307405
2024-04-21 01:30:00+00:00,2.90931867215204,3.075,2.92083580493927
2024-04-21 02:30:00+00:00,2.962417305589741,3.075,2.922789287567139
2024-04-21 03:30:00+00:00,2.96592163363774,3.075,2.9241620272397997
2024-04-21 04:30:00+00:00,2.8721009055332534,3.075,2.9214309424161913
2024-04-21 05:30:00+00:00,2.8368813653239946,3.075,2.92462797164917
2024-04-21 06:30:00+00:00,2.8429962538964837,3.075,2.9275996804237367
2024-04-21 07:30:00+00:00,2.8969574616425526,3.075,2.8995206475257875
2024-04-21 08:30:00+00:00,2.8950371598242737,3.075,2.878885042667389
2024-04-21 09:30:00+00:00,2.779705571255646,3.075,2.856595811247826
2024-04-21 10:30:00+00:00,0.0,0.0,0.00046290032332763076
2024-04-21 11:30:00+00:00,0.0,0.0,0.0
2024-04-21 12:30:00+00:00,0.0,0.0,0.0007601657998748124
2024-04-21 13:30:00+00:00,0.0,0.0,0.0
2024-04-21 14:30:00+00:00,0.0,0.0,0.0
2024-04-21 15:30:00+00:00,0.0,0.0,0.0
2024-04-21 16:30:00+00:00,0.0,0.0,0.0
2024-04-21 17:30:00+00:00,0.0,0.0,0.0
2024-04-21 18:30:00+00:00,0.0,0.0,0.0
2024-04-21 19:30:00+00:00,0.0,0.0,0.0
2024-04-21 20:30:00+00:00,3.074336995097039,3.075,2.9253338247537615
2024-04-21 21:30:00+00:00,0.0,0.0,0.0
2024-04-21 22:30:00+00:00,0.0,0.0,0.0
2024-04-21 23:30:00+00:00,0.0,0.0,0.00015586249355692416
2024-04-22 00:30:00+00:00,2.9594756405575233,3.075,2.924393650889397
2024-04-22 01:30:00+00:00,2.931804737178539,3.075,2.9248710095882418
2024-04-22 02:30:00+00:00,2.8803707787704163,3.075,2.926937934756279
2024-04-22 03:30:00+00:00,2.8922037417896176,3.075,2.923093718290329
2024-04-22 04:30:00+00:00,0.0,0.0,0.000545649672858417
2024-04-22 05:30:00+00:00,0.0,0.0,0.0
2024-04-22 06:30:00+00:00,2.9456402615237733,3.075,2.9252748608589174
2024-04-22 07:30:00+00:00,2.786370684568779,3.075,2.901654300093651
2024-04-22 08:30:00+00:00,2.9122755665361977,3.075,2.876100164651871
2024-04-22 09:30:00+00:00,2.791028000977,3.075,2.8568882167339327
2024-04-22 10:30:00+00:00,0.0,0.0,0.000531497411429882
2024-04-22 11:30:00+00:00,0.0,0.0,0.00032640850986354053
2024-04-22 12:30:00+00:00,2.7928592213819563,3.075,2.8272846013307573
2024-04-22 13:30:00+00:00,0.0,0.0,8.839821020956151e-06
2024-04-22 14:30:00+00:00,0.0,0.0,0.0
2024-04-22 15:30:00+00:00,0.0,0.0,0.0
2024-04-22 16:30:00+00:00,0.0,0.0,2.2068721591494977e-05
2024-04-22 17:30:00+00:00,0.0,0.0,0.0
2024-04-22 18:30:00+00:00,0.0,0.0,0.0
2024-04-22 19:30:00+00:00,0.0,0.0,0.0
2024-04-22 20:30:00+00:00,2.91877191256349,3.075,2.9164318561553957
2024-04-22 21:30:00+00:00,2.910178317344924,3.075,2.923780632019043
2024-04-22 22:30:00+00:00,2.9271270615558387,3.075,2.924234864115715
2024-04-22 23:30:00+00:00,0.0,0.0,0.00015586249355692416
2024-04-23 00:30:00+00:00,2.927415884342322,3.075,2.923733887076378
2024-04-23 01:30:00+00:00,2.858359468365158,3.075,2.9201856374740602
2024-04-23 02:30:00+00:00,2.90135496740188,3.075,2.9233210653066637
2024-04-23 03:30:00+00:00,2.9899993087927474,3.075,2.9235689759254457
2024-04-23 04:30:00+00:00,2.9113048172062257,3.075,2.920076382160187
2024-04-23 05:30:00+00:00,2.92607255547894,3.075,2.9203351855278017
2024-04-23 06:30:00+00:00,2.9625219014671957,3.075,2.923968401551247
2024-04-23 07:30:00+00:00,2.990685715914873,3.075,2.8985296458005907
2024-04-23 08:30:00+00:00,2.946231133908216,3.073482216,2.871427938937584
2024-04-23 09:30:00+00:00,2.907594395379505,3.0743981120000003,2.8514237967143177
2024-04-23 10:30:00+00:00,2.776245261552334,3.075,2.8362877041101457
2024-04-23 11:30:00+00:00,2.8521215763036083,3.075,2.8357917189598085
2024-04-23 12:30:00+00:00,0.0,0.0,0.0006455081165768206
2024-04-23 13:30:00+00:00,0.0,0.0,0.00040439850999973714
2024-04-23 14:30:00+00:00,0.0,0.0,7.440273475367576e-05
2024-04-23 15:30:00+00:00,0.0,0.0,0.0
2024-04-23 16:30:00+00:00,0.0,0.0,0.0
2024-04-23 17:30:00+00:00,0.0,0.0,0.0
2024-04-23 18:30:00+00:00,0.0,0.0,0.0
2024-04-23 19:30:00+00:00,2.8440253159204714,3.075,2.9224306613206865
2024-04-23 20:30:00+00:00,0.0,0.0,0.0
2024-04-23 21:30:00+00:00,0.0,0.0,0.00021141495381016284
2024-04-23 22:30:00+00:00,0.0,0.0,0.001684144837781787
2024-04-23 23:30:00+00:00,0.0,0.0,0.0003490850795060396
2024-04-24 00:30:00+00:00,0.0,0.0,0.00018230496789328754
2024-04-24 01:30:00+00:00,0.0,0.0,0.0
2024-04-24 02:30:00+00:00,2.852340730866529,3.075,2.9182715237140657
2024-04-24 03:30:00+00:00,2.8586531953961005,3.075,2.9236332148313524
2024-04-24 04:30:00+00:00,2.8956022847759977,3.075,2.930101376771927
2024-04-24 05:30:00+00:00,2.8751139329722584,3.075,2.9234891802072527
2024-04-24 06:30:00+00:00,2.9973825846877595,3.075,2.9240928411483766
2024-04-24 07:30:00+00:00,1.5025396616433093,1.5709764519999996,1.4854454035233036
2024-04-24 08:30:00+00:00,0.5722743530503241,0.599568754,0.5635562907283821
2024-04-24 09:30:00+00:00,0.13060331204903594,0.13378820480000006,0.12454280168901907
2024-04-24 10:30:00+00:00,0.0,0.0,0.0
2024-04-24 11:30:00+00:00,0.48798219876559096,0.5181843611999999,0.4797304357990275
2024-04-24 12:30:00+00:00,0.04016785600956639,0.04279442,0.038511807180775404
2024-04-24 13:30:00+00:00,2.7910849786713756,3.075,2.8306698471307756
2024-04-24 14:30:00+00:00,0.0,0.0,0.0
2024-04-24 15:30:00+00:00,0.0,0.0,0.00033327052369713783
2024-04-24 16:30:00+00:00,2.971517505461039,3.075,2.8765149384737017
2024-04-24 17:30:00+00:00,2.9375591360958975,3.075,2.898818251490593
2024-04-24 18:30:00+00:00,2.945262253723569,3.075,2.924819079041481
2024-04-24 19:30:00+00:00,0.0,0.0,0.00015586249355692416
2024-04-24 20:30:00+00:00,0.0,0.0,0.00015586249355692416
2024-04-24 21:30:00+00:00,0.0,0.0,0.00015586249355692416
2024-04-24 22:30:00+00:00,0.0,0.0,0.00015586249355692416
2024-04-24 23:30:00+00:00,2.868884480351869,3.075,2.9196832150220873
2024-04-25 00:30:00+00:00,2.924869937447323,3.075,2.922639784216881
2024-04-25 01:30:00+00:00,3.0290860348660757,3.075,2.9233628779649736
2024-04-25 02:30:00+00:00,2.8781646215577337,3.075,2.922845792770386
2024-04-25 03:30:00+00:00,2.903310973949506,3.075,2.920538601279259
2024-04-25 04:30:00+00:00,2.9424041693247163,3.075,2.922029119729996
2024-04-25 05:30:00+00:00,2.942469008998956,3.075,2.9216336578130724
2024-04-25 06:30:00+00:00,2.9870802168085357,3.075,2.9232915461063387
2024-04-25 07:30:00+00:00,2.822393698176997,3.07094632,2.8940631887343597
2024-04-25 08:30:00+00:00,2.8304123746452583,3.075,2.8733758449554445
2024-04-25 09:30:00+00:00,2.921111141160763,3.075,2.85181502699852
2024-04-25 10:30:00+00:00,2.8382465028215185,3.075,2.836231005191803
2024-04-25 11:30:00+00:00,2.8757608135643506,3.075,2.832845371961594
2024-04-25 12:30:00+00:00,2.9074395892427773,3.075,2.835306641459465
2024-04-25 13:30:00+00:00,0.0,0.0,0.0
2024-04-25 14:30:00+00:00,0.0,0.0,0.0
2024-04-25 15:30:00+00:00,0.0,0.0,0.0
2024-04-25 16:30:00+00:00,0.0,0.0,0.0
2024-04-25 17:30:00+00:00,0.0,0.0,0.0
2024-04-25 18:30:00+00:00,0.0,0.0,0.0
2024-04-25 19:30:00+00:00,0.0,0.0,0.0
2024-04-25 20:30:00+00:00,0.0,0.0,0.00015586249355692416
2024-04-25 21:30:00+00:00,0.0,0.0,0.00015586249355692416
2024-04-25 22:30:00+00:00,0.0,0.0,0.00015586249355692416
2024-04-25 23:30:00+00:00,0.0,0.0,0.00015586249355692416
2024-04-26 00:30:00+00:00,0.0,0.0,0.0005286905216053128
2024-04-26 01:30:00+00:00,0.0,0.0,0.0005286905216053128
2024-04-26 02:30:00+00:00,0.0,0.0,0.000545649672858417
2024-04-26 03:30:00+00:00,0.0,0.0,0.000545649672858417
2024-04-26 04:30:00+00:00,2.918793838590767,3.075,2.921877530217171
2024-04-26 05:30:00+00:00,0.0,0.0,0.0008474956848658621
2024-04-26 06:30:00+00:00,0.0,0.0,0.0013581909006461501
2024-04-26 07:30:00+00:00,0.0,0.0,0.0013581909006461501
2024-04-26 08:30:00+00:00,0.0,0.0,0.0006619410123676062
2024-04-26 09:30:00+00:00,0.0,0.0,5.373575913836248e-05
2024-04-26 10:30:00+00:00,0.0,0.0,0.0012828233884647489
2024-04-26 11:30:00+00:00,0.0,0.0,0.000837103754747659
2024-04-26 12:30:00+00:00,0.0,0.0,0.0007601657998748124
2024-04-26 13:30:00+00:00,0.0,0.0,8.839821020956151e-06
2024-04-26 14:30:00+00:00,0.0,0.0,0.0
2024-04-26 15:30:00+00:00,0.0,0.0,0.0
2024-04-26 16:30:00+00:00,0.0,0.0,0.0
2024-04-26 17:30:00+00:00,0.0,0.0,0.0
2024-04-26 18:30:00+00:00,0.0,0.0,0.0
2024-04-26 19:30:00+00:00,0.0,0.0,0.00015586249355692416
2024-04-26 20:30:00+00:00,0.0,0.0,0.00015586249355692416
2024-04-26 21:30:00+00:00,2.9657794458185998,3.075,2.9213580906391146
2024-04-26 22:30:00+00:00,2.8888608183153037,3.075,2.9213580906391146
2024-04-26 23:30:00+00:00,2.8313495240938806,3.075,2.9213580906391146
2024-04-27 00:30:00+00:00,2.971140859395796,3.075,2.9222820520401003
2024-04-27 01:30:00+00:00,2.8385511510347428,3.075,2.9261499017477037
2024-04-27 02:30:00+00:00,2.991903555589566,3.075,2.9235049903392794
2024-04-27 03:30:00+00:00,2.8300426262066662,3.075,2.9208916246891024
2024-04-27 04:30:00+00:00,2.8092764217196513,3.075,2.9214798331260683
2024-04-27 05:30:00+00:00,2.8659146245350873,3.075,2.920622718334198
2024-04-27 06:30:00+00:00,2.8942853552844285,3.075,2.922509950399399
2024-04-27 07:30:00+00:00,2.8426100131902343,3.075,2.892923963069916
2024-04-27 08:30:00+00:00,0.0,0.0,0.0007157950312830508
2024-04-27 09:30:00+00:00,0.0,0.0,0.00027291078004054725
2024-04-27 10:30:00+00:00,0.0,0.0,0.0005381940864026546
2024-04-27 11:30:00+00:00,0.0,0.0,0.0012863816227763891
2024-04-27 12:30:00+00:00,0.0,0.0,0.0
2024-04-27 13:30:00+00:00,0.0,0.0,0.0009431279613636434
2024-04-27 14:30:00+00:00,0.0,0.0,0.0
2024-04-27 15:30:00+00:00,0.0,0.0,0.0
2024-04-27 16:30:00+00:00,0.0,0.0,0.0
2024-04-27 17:30:00+00:00,0.0,0.0,0.0
2024-04-27 18:30:00+00:00,0.0,0.0,0.0
2024-04-27 19:30:00+00:00,0.0,0.0,0.00015586249355692416
2024-04-27 20:30:00+00:00,2.934107357193532,3.075,2.921223533153534
2024-04-27 21:30:00+00:00,2.8921282537982163,3.075,2.9199024707078935
2024-04-27 22:30:00+00:00,2.877921315800838,3.075,2.9236851304769518
2024-04-27 23:30:00+00:00,2.9410714162816705,3.075,2.9205526381731035
2024-04-28 00:30:00+00:00,2.8909887416585245,3.075,2.920703959465027
2024-04-28 01:30:00+00:00,2.8518789576238364,3.075,2.924326550960541
2024-04-28 02:30:00+00:00,2.8731226512100623,3.075,2.9219630479812624
2024-04-28 03:30:00+00:00,2.9140578775394474,3.075,2.9208916246891024
2024-04-28 04:30:00+00:00,3.098575006807809,3.075,2.9190343588590624
2024-04-28 05:30:00+00:00,0.0,0.0,0.0
2024-04-28 06:30:00+00:00,0.0,0.0,0.00039415768696926534
2024-04-28 07:30:00+00:00,0.0,0.0,0.0024612846318632364
2024-04-28 08:30:00+00:00,0.0,0.0,0.00016066621174104512
2024-04-28 09:30:00+00:00,0.0,0.0,0.0007303322781808674
2024-04-28 10:30:00+00:00,0.0,0.0,0.0005381940864026546
2024-04-28 11:30:00+00:00,0.0,0.0,0.0005977012915536761
2024-04-28 12:30:00+00:00,0.0,0.0,0.0013549787690863013
2024-04-28 13:30:00+00:00,0.0,0.0,9.320264507550746e-05
2024-04-28 14:30:00+00:00,0.0,0.0,0.0
2024-04-28 15:30:00+00:00,0.0,0.0,0.0
2024-04-28 16:30:00+00:00,0.0,0.0,0.0
2024-04-28 17:30:00+00:00,0.0,0.0,0.0
2024-04-28 18:30:00+00:00,0.0,0.0,0.0
2024-04-28 19:30:00+00:00,0.0,0.0,0.0
2024-04-28 20:30:00+00:00,0.0,0.0,0.0
2024-04-28 21:30:00+00:00,0.0,0.0,0.00015586249355692416
2024-04-28 22:30:00+00:00,0.0,0.0,0.00015586249355692416
2024-04-28 23:30:00+00:00,0.0,0.0,0.00015586249355692416
2024-04-29 00:30:00+00:00,0.0,0.0,0.0
2024-04-29 01:30:00+00:00,0.0,0.0,0.0
2024-04-29 02:30:00+00:00,0.0,0.0,3.3176373108290136e-05
2024-04-29 03:30:00+00:00,2.94540747901978,3.075,2.9225831747055055
2024-04-29 04:30:00+00:00,2.9834680780966005,3.075,2.928066697716713
2024-04-29 05:30:00+00:00,2.9486148262217613,3.075,2.9230321615934374
2024-04-29 06:30:00+00:00,2.780577775114828,3.075,2.927947399020195
2024-04-29 07:30:00+00:00,2.959646926381955,3.075,2.898790803551674
2024-04-29 08:30:00+00:00,2.9149043108964845,3.075,2.873424705862999
2024-04-29 09:30:00+00:00,2.799835518384294,3.075,2.8549616008996965
2024-04-29 10:30:00+00:00,2.823257152808275,3.075,2.835504022240639
2024-04-29 11:30:00+00:00,0.0,0.0,0.0
2024-04-29 12:30:00+00:00,2.7786513714741847,3.075,2.8347553282976152
2024-04-29 13:30:00+00:00,0.0,0.0,0.00019754035747610033
2024-04-29 14:30:00+00:00,0.0,0.0,0.00019582042295951396
2024-04-29 15:30:00+00:00,0.0,0.0,0.0019364223117008805
2024-04-29 16:30:00+00:00,0.0,0.0,7.364839257206768e-05
2024-04-29 17:30:00+00:00,0.0,0.0,0.0
2024-04-29 18:30:00+00:00,0.0,0.0,0.0008536359528079629
2024-04-29 19:30:00+00:00,0.0,0.0,0.0
2024-04-29 20:30:00+00:00,0.0,0.0,0.0
2024-04-29 21:30:00+00:00,0.0,0.0,0.0
2024-04-29 22:30:00+00:00,0.0,0.0,0.001197975710965693
2024-04-29 23:30:00+00:00,0.0,0.0,0.0
2024-04-30 00:30:00+00:00,0.0,0.0,0.0
2024-04-30 01:30:00+00:00,2.854695397608594,3.075,2.918940541148186
2024-04-30 02:30:00+00:00,2.963004537059116,3.075,2.9222560793161394
2024-04-30 03:30:00+00:00,2.953953319782119,3.075,2.926682111620903
2024-04-30 04:30:00+00:00,3.027033984140105,3.075,2.9260966151952745
2024-04-30 05:30:00+00:00,2.9071089840643936,3.075,2.9203089445829393
2024-04-30 06:30:00+00:00,2.8277733959967843,3.075,2.91947018802166
2024-04-30 07:30:00+00:00,2.9126314045614365,3.075,2.889512297511101
2024-04-30 08:30:00+00:00,2.7665793453407073,3.075,2.8654199957847597
2024-04-30 09:30:00+00:00,2.923066951281245,3.075,2.853531163930893
2024-04-30 10:30:00+00:00,0.0,0.0,0.0
2024-04-30 11:30:00+00:00,0.0,0.0,0.0002506568853277713
2024-04-30 12:30:00+00:00,0.0,0.0,0.000837103754747659
2024-04-30 13:30:00+00:00,0.0,0.0,0.00022055757290218025
2024-04-30 14:30:00+00:00,0.0,0.0,0.00020301005861256272
2024-04-30 15:30:00+00:00,0.0,0.0,0.0012936588609591126
2024-04-30 16:30:00+00:00,2.81699261123594,3.075,2.875316631793976
2024-04-30 17:30:00+00:00,0.0,0.0,0.0
2024-04-30 18:30:00+00:00,0.0,0.0,0.00036746691330336034
2024-04-30 19:30:00+00:00,0.0,0.0,0.0
2024-04-30 20:30:00+00:00,0.0,0.0,0.000982346711680293
2024-04-30 21:30:00+00:00,0.0,0.0,0.00040736611117608845
2024-04-30 22:30:00+00:00,0.0,0.0,0.0005927152815274894
2024-04-30 23:30:00+00:00,0.0,0.0,0.0005927152815274894
2024-05-01 00:30:00+00:00,0.0,0.0,0.0
2024-05-01 01:30:00+00:00,0.0,0.0,0.000332049501594156
2024-05-01 02:30:00+00:00,2.962389868772398,3.075,2.9174935191869737
2024-05-01 03:30:00+00:00,2.9712744046426534,3.075,2.907598552107811
2024-05-01 04:30:00+00:00,2.8803513905883986,3.075,2.928069141507149
2024-05-01 05:30:00+00:00,3.0612962957069576,3.075,2.924141001701355
2024-05-01 06:30:00+00:00,2.956097479855589,3.075,2.9275186479091646
2024-05-01 07:30:00+00:00,2.8610477704585136,3.075,2.9023084312677385
2024-05-01 08:30:00+00:00,2.8534316999647533,3.075,2.87834447324276
2024-05-01 09:30:00+00:00,2.843584665121593,3.075,2.854078707098961
2024-05-01 10:30:00+00:00,2.942228445868573,3.075,2.8343406438827516
2024-05-01 11:30:00+00:00,2.9105700545055133,3.075,2.8314298659563066
2024-05-01 12:30:00+00:00,2.746425744287087,3.075,2.8369470208883287
2024-05-01 13:30:00+00:00,0.0,0.0,0.00025062175700441003
2024-05-01 14:30:00+00:00,0.0,0.0,7.440273475367576e-05
2024-05-01 15:30:00+00:00,2.904578343609748,3.075,2.8515348553657534
2024-05-01 16:30:00+00:00,0.0,0.0,0.0
2024-05-01 17:30:00+00:00,0.0,0.0,0.0
2024-05-01 18:30:00+00:00,0.0,0.0,3.68004766642116e-05
2024-05-01 19:30:00+00:00,0.0,0.0,0.0
2024-05-01 20:30:00+00:00,2.8699075232001343,3.075,2.920229595899582
2024-05-01 21:30:00+00:00,2.820121706066002,3.075,2.9199242413043978
2024-05-01 22:30:00+00:00,2.883252551764938,3.075,2.920076233148575
2024-05-01 23:30:00+00:00,2.997142188574503,3.075,2.92084379196167
2024-05-02 00:30:00+00:00,2.870749358569761,3.075,2.9221395373344423
2024-05-02 01:30:00+00:00,2.9513620379821988,3.075,2.9244144529104235
2024-05-02 02:30:00+00:00,2.9534339809760657,3.075,2.9210263311862947
2024-05-02 03:30:00+00:00,1.768504944412602,1.8668974000000003,1.779409791805649
2024-05-02 04:30:00+00:00,0.5725550757595944,0.599568754,0.5727362945055284
2024-05-02 05:30:00+00:00,0.4028304773683192,0.4199295980000001,0.3982508634292585
2024-05-02 06:30:00+00:00,0.2248946555833108,0.24020005699999994,0.22918686766930288
2024-05-02 07:30:00+00:00,0.0,0.0,0.0
2024-05-02 08:30:00+00:00,0.4030225569186965,0.41410542100000003,0.3873488885097466
2024-05-02 09:30:00+00:00,2.0808851818463325,2.2909029999999997,2.1330398002891537
2024-05-02 10:30:00+00:00,2.7676184110147535,3.075,2.8328995376825334
2024-05-02 11:30:00+00:00,2.7951542884490554,3.075,2.8033969521522524
2024-05-02 12:30:00+00:00,2.7803962721318456,3.066196256,2.8155064514460144
2024-05-02 13:30:00+00:00,1.381662064502325,1.4929317020000001,1.3788663230956575
2024-05-02 14:30:00+00:00,2.914935235970055,3.075,2.8428827196359636
2024-05-02 15:30:00+00:00,0.0,0.0,0.0
2024-05-02 16:30:00+00:00,0.0,0.0,8.413080649916083e-05
2024-05-02 17:30:00+00:00,0.0,0.0,0.0
2024-05-02 18:30:00+00:00,0.0,0.0,0.0
2024-05-02 19:30:00+00:00,0.0,0.0,5.680494723492302e-05
2024-05-02 20:30:00+00:00,0.0,0.0,0.0
2024-05-02 21:30:00+00:00,0.0,0.0,0.0
2024-05-02 22:30:00+00:00,0.0,0.0,0.0
2024-05-02 23:30:00+00:00,0.0,0.0,0.0
2024-05-03 00:30:00+00:00,2.9811486356592822,3.075,2.9236607521772386
2024-05-03 01:30:00+00:00,2.887003822729718,3.075,2.9229207009077074
2024-05-03 02:30:00+00:00,2.8624099060571186,3.075,2.9230202704668047
2024-05-03 03:30:00+00:00,3.0350594054119813,3.075,2.9234778851270677
2024-05-03 04:30:00+00:00,2.8115248720774466,3.075,2.924550619721413
2024-05-03 05:30:00+00:00,2.9537236339987447,3.075,2.9216448336839678
2024-05-03 06:30:00+00:00,2.939411319209393,3.075,2.922156256437302
2024-05-03 07:30:00+00:00,2.878443413649457,3.075,2.8946579813957216
2024-05-03 08:30:00+00:00,2.926690113596724,3.075,2.8749878227710726
2024-05-03 09:30:00+00:00,2.892357543243413,3.075,2.8521628946065904
2024-05-03 10:30:00+00:00,0.0,0.0,8.529872866347432e-05
2024-05-03 11:30:00+00:00,0.0,0.0,0.000731252774130553
2024-05-03 12:30:00+00:00,0.0,0.0,0.0005353007582016289
2024-05-03 13:30:00+00:00,0.0,0.0,0.0
2024-05-03 14:30:00+00:00,0.0,0.0,0.0
2024-05-03 15:30:00+00:00,0.0,0.0,0.0
2024-05-03 16:30:00+00:00,0.0,0.0,0.0
2024-05-03 17:30:00+00:00,0.0,0.0,0.0
2024-05-03 18:30:00+00:00,0.0,0.0,0.0
2024-05-03 19:30:00+00:00,0.0,0.0,0.0
2024-05-03 20:30:00+00:00,0.0,0.0,0.0
2024-05-03 21:30:00+00:00,3.081786622035037,3.075,2.9209302186965944
2024-05-03 22:30:00+00:00,0.0,0.0,7.376405119430274e-05
2024-05-03 23:30:00+00:00,0.0,0.0,0.0
2024-05-04 00:30:00+00:00,0.0,0.0,0.0
2024-05-04 01:30:00+00:00,2.8252678741754607,3.075,2.924193409085274
2024-05-04 02:30:00+00:00,0.0,0.0,0.000545649672858417
2024-05-04 03:30:00+00:00,0.0,0.0,0.0
2024-05-04 04:30:00+00:00,0.0,0.0,0.0
2024-05-04 05:30:00+00:00,0.0,0.0,0.0006925397319719195
2024-05-04 06:30:00+00:00,0.0,0.0,0.0
2024-05-04 07:30:00+00:00,0.0,0.0,0.0008185826009139419
2024-05-04 08:30:00+00:00,0.0,0.0,0.0008185826009139419
2024-05-04 09:30:00+00:00,0.0,0.0,0.00012233290181029588
2024-05-04 10:30:00+00:00,0.0,0.0,0.0
2024-05-04 11:30:00+00:00,0.0,0.0,0.000731252774130553
2024-05-04 12:30:00+00:00,0.0,0.0,0.0007998499204404652
2024-05-04 13:30:00+00:00,0.0,0.0,8.839821020956151e-06
2024-05-04 14:30:00+00:00,0.0,0.0,0.0
2024-05-04 15:30:00+00:00,0.0,0.0,0.0
2024-05-04 16:30:00+00:00,0.0,0.0,0.0
2024-05-04 17:30:00+00:00,0.0,0.0,0.0
2024-05-04 18:30:00+00:00,0.0,0.0,0.0
2024-05-04 19:30:00+00:00,0.0,0.0,0.0
2024-05-04 20:30:00+00:00,0.0,0.0,0.0
2024-05-04 21:30:00+00:00,0.0,0.0,0.0
2024-05-04 22:30:00+00:00,0.0,0.0,0.00015586249355692416
2024-05-04 23:30:00+00:00,0.0,0.0,0.00015586249355692416
2024-05-05 00:30:00+00:00,2.9167946134600635,3.075,2.9178366631269457
2024-05-05 01:30:00+00:00,0.0,0.0,0.0
2024-05-05 02:30:00+00:00,0.0,0.0,0.00011189244105480611
2024-05-05 03:30:00+00:00,0.0,0.0,6.041480446583591e-06
2024-05-05 04:30:00+00:00,0.0,0.0,7.342922617681324e-05
2024-05-05 05:30:00+00:00,0.0,0.0,0.00030788747244514525
2024-05-05 06:30:00+00:00,0.0,0.0,0.00030788747244514525
2024-05-05 07:30:00+00:00,0.0,0.0,0.0016014737775549293
2024-05-05 08:30:00+00:00,0.0,0.0,0.0012667810078710318
2024-05-05 09:30:00+00:00,0.0,0.0,5.373575913836248e-05
2024-05-05 10:30:00+00:00,0.0,0.0,8.529872866347432e-05
2024-05-05 11:30:00+00:00,0.0,0.0,0.000837103754747659
2024-05-05 12:30:00+00:00,0.0,0.0,0.0
2024-05-05 13:30:00+00:00,0.0,0.0,0.0
2024-05-05 14:30:00+00:00,0.0,0.0,0.0
2024-05-05 15:30:00+00:00,0.0,0.0,0.0
2024-05-05 16:30:00+00:00,0.0,0.0,0.0
2024-05-05 17:30:00+00:00,0.0,0.0,0.0
2024-05-05 18:30:00+00:00,0.0,0.0,0.0
2024-05-05 19:30:00+00:00,0.0,0.0,0.0
2024-05-05 20:30:00+00:00,0.0,0.0,4.697643089457415e-05
2024-05-05 21:30:00+00:00,0.0,0.0,0.0
2024-05-05 22:30:00+00:00,0.0,0.0,0.00015586249355692416
2024-05-05 23:30:00+00:00,0.0,0.0,0.00015586249355692416
2024-05-06 00:30:00+00:00,2.8448788461894554,3.075,2.9197621166706087
2024-05-06 01:30:00+00:00,2.976858066164122,3.075,2.921555158495903
2024-05-06 02:30:00+00:00,2.9159078338312194,3.075,2.925988492369652
2024-05-06 03:30:00+00:00,2.8542648442546428,3.075,2.9208923399448397
2024-05-06 04:30:00+00:00,0.0,0.0,0.00011193544196430594
2024-05-06 05:30:00+00:00,0.0,0.0,0.0006880116416141391
2024-05-06 06:30:00+00:00,0.0,0.0,0.0005842973478138447
2024-05-06 07:30:00+00:00,2.9230633767668595,3.075,2.894936200976372
2024-05-06 08:30:00+00:00,2.7971413058788523,3.075,2.8720819771289827
2024-05-06 09:30:00+00:00,2.8652213453242,3.075,2.853931483626366
2024-05-06 10:30:00+00:00,0.0,0.0,0.0
2024-05-06 11:30:00+00:00,0.0,0.0,0.00045093795051798224
2024-05-06 12:30:00+00:00,0.0,0.0,0.0012708610156551003
2024-05-06 13:30:00+00:00,0.0,0.0,0.0
2024-05-06 14:30:00+00:00,0.0,0.0,0.0
2024-05-06 15:30:00+00:00,0.0,0.0,0.0
2024-05-06 16:30:00+00:00,0.0,0.0,0.0
2024-05-06 17:30:00+00:00,2.915869790426709,3.075,2.8979311853647234
2024-05-06 18:30:00+00:00,2.827109947218245,3.075,2.9190738022327425
2024-05-06 19:30:00+00:00,2.8225379247672775,3.075,2.921507251262665
2024-05-06 20:30:00+00:00,2.954757575818642,3.075,2.9178084999322893
2024-05-06 21:30:00+00:00,0.0,0.0,0.0
2024-05-06 22:30:00+00:00,0.0,0.0,0.0
2024-05-06 23:30:00+00:00,0.0,0.0,0.0
2024-05-07 00:30:00+00:00,0.0,0.0,0.001534583861939609
2024-05-07 01:30:00+00:00,0.0,0.0,0.0
2024-05-07 02:30:00+00:00,2.9846789433264864,3.075,2.924515810608864
2024-05-07 03:30:00+00:00,2.857178399499769,3.075,2.917367619276047
2024-05-07 04:30:00+00:00,2.9655257638674386,3.075,2.9222210913896562
2024-05-07 05:30:00+00:00,2.8729495693047005,3.075,2.9243386059999468
2024-05-07 06:30:00+00:00,2.898405823527397,3.075,2.913963091373444
2024-05-07 07:30:00+00:00,2.94119181076398,3.075,2.8933855414390566
2024-05-07 08:30:00+00:00,2.884650833118655,3.075,2.8803855150938036
2024-05-07 09:30:00+00:00,2.8680982710674576,3.046973674,2.8400664612657778
2024-05-07 10:30:00+00:00,1.689916028906367,1.8139437999999997,1.6797410961664196
2024-05-07 11:30:00+00:00,2.769082353799177,2.89433952,2.672848853729744
2024-05-07 12:30:00+00:00,2.8360685539429555,3.075,2.844611865282059
2024-05-07 13:30:00+00:00,0.0,0.0,0.0008235841523855925
2024-05-07 14:30:00+00:00,0.0,0.0,6.851732905488461e-07
2024-05-07 15:30:00+00:00,0.0,0.0,0.0
2024-05-07 16:30:00+00:00,0.0,0.0,0.0
2024-05-07 17:30:00+00:00,0.0,0.0,0.0
2024-05-07 18:30:00+00:00,0.0,0.0,0.0
2024-05-07 19:30:00+00:00,0.0,0.0,0.0
2024-05-07 20:30:00+00:00,0.0,0.0,0.0
2024-05-07 21:30:00+00:00,0.0,0.0,0.0
2024-05-07 22:30:00+00:00,0.0,0.0,0.00015586249355692416
2024-05-07 23:30:00+00:00,0.0,0.0,0.00015586249355692416
2024-05-08 00:30:00+00:00,0.0,0.0,6.041480446583591e-06
2024-05-08 01:30:00+00:00,0.0,0.0,0.00011189244105480611
2024-05-08 02:30:00+00:00,0.0,0.0,4.454769077710807e-05
2024-05-08 03:30:00+00:00,2.970256857208355,3.075,2.9224711030721666
2024-05-08 04:30:00+00:00,2.8801016582358923,3.075,2.9206884026527407
2024-05-08 05:30:00+00:00,2.9123942741315494,3.075,2.924990859627724
2024-05-08 06:30:00+00:00,2.962408411935045,3.075,2.9128049284219744
2024-05-08 07:30:00+00:00,2.862052039563651,3.075,2.8943845301866533
2024-05-08 08:30:00+00:00,2.811473962537761,3.075,2.8760320961475374
2024-05-08 09:30:00+00:00,2.8125662946409493,3.071615616,2.8601715063217314
2024-05-08 10:30:00+00:00,2.766306570531868,3.0072333799999997,2.787880210797195
2024-05-08 11:30:00+00:00,2.728989911896941,3.075,2.838764351606369
2024-05-08 12:30:00+00:00,0.0,0.0,0.0016754380194470286
2024-05-08 13:30:00+00:00,0.0,0.0,0.00045093795051798224
2024-05-08 14:30:00+00:00,0.0,0.0,0.0
2024-05-08 15:30:00+00:00,0.0,0.0,0.0
2024-05-08 16:30:00+00:00,0.0,0.0,0.0
2024-05-08 17:30:00+00:00,0.0,0.0,0.0
2024-05-08 18:30:00+00:00,0.0,0.0,0.0
2024-05-08 19:30:00+00:00,0.0,0.0,0.0
2024-05-08 20:30:00+00:00,0.0,0.0,0.0
2024-05-08 21:30:00+00:00,0.0,0.0,3.467360511422157e-05
2024-05-08 22:30:00+00:00,0.0,0.0,0.00011235741840209812
2024-05-08 23:30:00+00:00,0.0,0.0,0.0
2024-05-09 00:30:00+00:00,0.0,0.0,0.0
2024-05-09 01:30:00+00:00,2.9413014381173905,3.075,2.919987839460373
2024-05-09 02:30:00+00:00,3.0754923016398785,3.075,2.922114145755768
2024-05-09 03:30:00+00:00,2.8966381935531573,3.075,2.925988492369652
2024-05-09 04:30:00+00:00,2.857925053753803,3.075,2.9227047681808473
2024-05-09 05:30:00+00:00,2.8198251689228875,3.075,2.922658768296242
2024-05-09 06:30:00+00:00,2.934476135673827,3.075,2.92218032181263
2024-05-09 07:30:00+00:00,2.8764694182943207,3.0679059840000003,2.8949650294339984
2024-05-09 08:30:00+00:00,2.8737805331672073,3.0726153760000003,2.8765929250760807
2024-05-09 09:30:00+00:00,2.7447936181028334,3.075,2.855068874359131
2024-05-09 10:30:00+00:00,2.8209507288910407,3.075,2.841347333788872
2024-05-09 11:30:00+00:00,2.7009869950204908,3.055647326,2.810420004017616
2024-05-09 12:30:00+00:00,0.0,0.0,0.0023035332560539246
2024-05-09 13:30:00+00:00,0.0,0.0,0.0
2024-05-09 14:30:00+00:00,0.0,0.0,0.0
2024-05-09 15:30:00+00:00,0.0,0.0,0.0
2024-05-09 16:30:00+00:00,0.0,0.0,0.0
2024-05-09 17:30:00+00:00,0.0,0.0,0.0
2024-05-09 18:30:00+00:00,0.0,0.0,0.0
2024-05-09 19:30:00+00:00,2.8546739246978783,3.075,2.920452219247818
2024-05-09 20:30:00+00:00,0.0,0.0,0.0
2024-05-09 21:30:00+00:00,0.0,0.0,0.0
2024-05-09 22:30:00+00:00,0.0,0.0,0.0
2024-05-09 23:30:00+00:00,0.0,0.0,0.0
2024-05-10 00:30:00+00:00,3.0493421819481634,3.075,2.9294050306081774
2024-05-10 01:30:00+00:00,2.9572952687243013,3.075,2.9215553224086763
2024-05-10 02:30:00+00:00,2.8148571039279675,3.075,2.926147830486298
2024-05-10 03:30:00+00:00,2.9207322589068676,3.075,2.9242801785469057
2024-05-10 04:30:00+00:00,2.932913191816469,3.075,2.923321795463562
2024-05-10 05:30:00+00:00,2.953027612900523,3.075,2.920927029848099
2024-05-10 06:30:00+00:00,2.921644237241791,3.075,2.919967603683472
2024-05-10 07:30:00+00:00,2.9324624784771163,3.075,2.896656629443169
2024-05-10 08:30:00+00:00,2.9053784507168916,3.075,2.8734919100999834
2024-05-10 09:30:00+00:00,0.0,0.0,0.0
2024-05-10 10:30:00+00:00,0.0,0.0,0.0
2024-05-10 11:30:00+00:00,0.0,0.0,0.0
2024-05-10 12:30:00+00:00,0.0,0.0,0.0
2024-05-10 13:30:00+00:00,0.0,0.0,0.0
2024-05-10 14:30:00+00:00,0.0,0.0,0.0
2024-05-10 15:30:00+00:00,0.0,0.0,0.0
2024-05-10 16:30:00+00:00,0.0,0.0,0.0
2024-05-10 17:30:00+00:00,2.928276425507951,3.075,2.8985639035701753
2024-05-10 18:30:00+00:00,2.8251553675357672,3.075,2.9235734015703203
2024-05-10 19:30:00+00:00,2.9187192098177017,3.075,2.9241289764642717
2024-05-10 20:30:00+00:00,2.9236562459107964,3.075,2.9196136564016344
2024-05-10 21:30:00+00:00,3.0491829409963365,3.070022288,2.9118399501198655
2024-05-10 22:30:00+00:00,2.8202736424477246,3.0192947119999998,2.8513336957026594
2024-05-10 23:30:00+00:00,2.8813742761204546,3.032566968,2.8733481947541883
2024-05-11 00:30:00+00:00,2.9091642341298396,3.069178512,2.922796060942566
2024-05-11 01:30:00+00:00,2.914914504113252,3.075,2.9276348024606706
2024-05-11 02:30:00+00:00,2.8634328561580165,3.075,2.9276348024606706
2024-05-11 03:30:00+00:00,3.0585541082707146,3.075,2.9288839370012285
2024-05-11 04:30:00+00:00,2.994830256524449,3.075,2.927736622095108
2024-05-11 05:30:00+00:00,2.800782178641022,3.075,2.925205019116402
2024-05-11 06:30:00+00:00,2.9966833402296644,3.075,2.923771169781685
2024-05-11 07:30:00+00:00,2.9443011890150803,3.075,2.900530514121056
2024-05-11 08:30:00+00:00,2.7981919554057266,3.075,2.876101490855217
2024-05-11 09:30:00+00:00,2.852931290888192,3.075,2.852837783098221
2024-05-11 10:30:00+00:00,2.8377074238227937,3.075,2.8436536461114885
2024-05-11 11:30:00+00:00,0.0,0.0,0.0
2024-05-11 12:30:00+00:00,0.0,0.0,0.0
2024-05-11 13:30:00+00:00,0.0,0.0,0.0
2024-05-11 14:30:00+00:00,0.0,0.0,0.0
2024-05-11 15:30:00+00:00,0.0,0.0,0.0
2024-05-11 16:30:00+00:00,0.0,0.0,0.0
2024-05-11 17:30:00+00:00,0.0,0.0,0.0
2024-05-11 18:30:00+00:00,0.0,0.0,0.0
2024-05-11 19:30:00+00:00,2.9257431439536234,3.075,2.921190318465233
2024-05-11 20:30:00+00:00,2.9453104140261774,3.075,2.921102982759476
2024-05-11 21:30:00+00:00,3.000104352445043,3.075,2.921418380737305
2024-05-11 22:30:00+00:00,2.9471247540621888,3.075,2.9211968749761583
2024-05-11 23:30:00+00:00,2.954389090918383,3.075,2.918162313103676
2024-05-12 00:30:00+00:00,2.8441905855248524,3.075,2.9230181246995928
2024-05-12 01:30:00+00:00,2.886366374052435,3.075,2.921921980381012
2024-05-12 02:30:00+00:00,2.893921609106609,3.075,2.9221356481313707
2024-05-12 03:30:00+00:00,2.9324444462408064,3.075,2.9233743220567705
2024-05-12 04:30:00+00:00,2.967995818165772,3.0666251200000003,2.9128235446969226
2024-05-12 05:30:00+00:00,1.6857268160561807,1.7828062,1.6946036117398262
2024-05-12 06:30:00+00:00,2.0118970941127343,2.1829606360000002,2.070644236187302
2024-05-12 07:30:00+00:00,2.9224602793978707,3.0461182940000002,2.874152501224846
2024-05-12 08:30:00+00:00,2.8472177341302816,3.075,2.8755319088697435
2024-05-12 09:30:00+00:00,2.883894515643825,3.075,2.85421062707901
2024-05-12 10:30:00+00:00,2.8416985490409137,3.075,2.838714358210564
2024-05-12 11:30:00+00:00,2.8417160405590396,3.075,2.831115794181824
2024-05-12 12:30:00+00:00,2.8013373390303973,3.075,2.8361473053693773
2024-05-12 13:30:00+00:00,0.0,0.0,0.0
2024-05-12 14:30:00+00:00,0.0,0.0,0.0
2024-05-12 15:30:00+00:00,0.0,0.0,0.0
2024-05-12 16:30:00+00:00,0.0,0.0,0.0
2024-05-12 17:30:00+00:00,0.0,0.0,0.0
2024-05-12 18:30:00+00:00,0.0,0.0,0.0
2024-05-12 19:30:00+00:00,2.9257318693836147,3.075,2.9191588431596758
2024-05-12 20:30:00+00:00,2.829818804659867,3.075,2.9227491289377214
2024-05-12 21:30:00+00:00,2.821561911765173,3.075,2.920668360590935
2024-05-12 22:30:00+00:00,2.855350651150617,3.075,2.9209037989377977
2024-05-12 23:30:00+00:00,2.9006638048961912,3.075,2.921478134393692
2024-05-13 00:30:00+00:00,2.9152810934930984,3.075,2.920531612634659
2024-05-13 01:30:00+00:00,2.9860420422584584,3.075,2.9221356481313707
2024-05-13 02:30:00+00:00,3.0384617978005037,3.075,2.9235744893550875
2024-05-13 03:30:00+00:00,2.8140322289487893,3.0501667379999997,2.898075309362495
2024-05-13 04:30:00+00:00,1.719108775949404,1.8139437999999997,1.7243773531592366
2024-05-13 05:30:00+00:00,0.7758675243565735,0.8795037311999999,0.8356436049132548
2024-05-13 06:30:00+00:00,1.258914834097353,1.3090840401999997,1.2407117086403416
2024-05-13 07:30:00+00:00,2.8172340766365904,3.017292204,2.8483879292979277
2024-05-13 08:30:00+00:00,2.812272134590589,3.075,2.872709941864014
2024-05-13 09:30:00+00:00,2.8961688164978767,3.075,2.856688392162323
2024-05-13 10:30:00+00:00,0.0,0.0,0.0
2024-05-13 11:30:00+00:00,2.826777646447075,3.0562753139999996,2.8114116995600353
2024-05-13 12:30:00+00:00,2.8540231506081635,3.075,2.836814057826996
2024-05-13 13:30:00+00:00,2.807611877326844,3.075,2.8356826424598696
2024-05-13 14:30:00+00:00,2.837986558348061,3.075,2.8358465403318407
2024-05-13 15:30:00+00:00,0.0,0.0,0.0
2024-05-13 16:30:00+00:00,2.868345171248335,3.075,2.877612274885178
2024-05-13 17:30:00+00:00,2.8743820995194036,3.075,2.899074923992157
2024-05-13 18:30:00+00:00,2.9237500256659397,3.075,2.921010431647301
2024-05-13 19:30:00+00:00,2.819967003559554,3.075,2.9212371528148653
2024-05-13 20:30:00+00:00,2.89985076548753,3.075,2.9214011996984484
2024-05-13 21:30:00+00:00,2.919801996398355,3.075,2.9202828377485277
2024-05-13 22:30:00+00:00,2.8653186415466902,3.075,2.920903441309929
2024-05-13 23:30:00+00:00,2.781861448116045,3.075,2.925636571645737
2024-05-14 00:30:00+00:00,2.9300648397249134,3.075,2.9245428413152696
2024-05-14 01:30:00+00:00,2.0441444322528515,2.200546036,2.0906032794067726
2024-05-14 02:30:00+00:00,2.781781895564427,3.0461182940000002,2.9236772778624003
2024-05-14 03:30:00+00:00,2.9354413435249396,3.075,2.9300810962915422
2024-05-14 04:30:00+00:00,2.9933598789468534,3.075,2.9246551364660265
2024-05-14 05:30:00+00:00,2.892961555430696,3.0735848,2.924972971315193
2024-05-14 06:30:00+00:00,2.114626132794864,2.2909029999999997,2.187329476538181
2024-05-14 07:30:00+00:00,1.240935689454599,1.3090840401999997,1.2372644293062733
2024-05-14 08:30:00+00:00,0.7058345249279925,0.773019648,0.7235348139250259
2024-05-14 09:30:00+00:00,0.030001888941391178,0.031715329999999986,0.031226964698137627
2024-05-14 10:30:00+00:00,2.1996725651092444,2.3678884000000004,2.1959086299356465
2024-05-14 11:30:00+00:00,2.5760852350981027,2.7913841840000004,2.5841878291339726
2024-05-14 12:30:00+00:00,0.16694647513368113,0.18091609359999997,0.16760831077864272
2024-05-14 13:30:00+00:00,2.885003632707131,3.075,2.834983763098717
2024-05-14 14:30:00+00:00,2.861313058110399,3.07427694,2.8403107235550307
2024-05-14 15:30:00+00:00,2.9770064472809965,3.075,2.8574229747056963
2024-05-14 16:30:00+00:00,0.0,0.0,0.0004701416182797402
2024-05-14 17:30:00+00:00,2.895152112167209,3.075,2.900417518615723
2024-05-14 18:30:00+00:00,2.8505369382949097,3.075,2.9213008999824526
2024-05-14 19:30:00+00:00,2.926756663932788,3.075,2.921909269690514
2024-05-14 20:30:00+00:00,0.0,0.0,0.0
2024-05-14 21:30:00+00:00,0.0,0.0,0.0008536359528079629
2024-05-14 22:30:00+00:00,0.0,0.0,0.0
2024-05-14 23:30:00+00:00,2.8555037183987997,3.075,2.9183485329151155
2024-05-15 00:30:00+00:00,2.9342708256279697,3.075,2.9237686067819597
2024-05-15 01:30:00+00:00,2.797315183367535,3.075,2.9212079018354418
2024-05-15 02:30:00+00:00,2.9762416569289876,3.075,2.9222403138875963
2024-05-15 03:30:00+00:00,2.8205898753103664,2.98451592,2.8432942179011538
2024-05-15 04:30:00+00:00,2.4763993293353264,2.6400067039999993,2.5081951447997124
2024-05-15 05:30:00+00:00,1.9215238924798048,2.008688368,1.9249749706163102
2024-05-15 06:30:00+00:00,0.5855746376080359,0.5995685910000002,0.569199767441908
2024-05-15 07:30:00+00:00,2.90968785209702,3.075,2.9000463753938677
2024-05-15 08:30:00+00:00,1.6926254885145624,1.7424976,1.6207726219106675
2024-05-15 09:30:00+00:00,0.3613749532964039,0.38331761979999995,0.35480538220646834
2024-05-15 10:30:00+00:00,0.2794798897276553,0.3012995200000001,0.2796967366478635
2024-05-15 11:30:00+00:00,2.133480257401932,2.3678884000000004,2.187790462416077
2024-05-15 12:30:00+00:00,0.22204276630419925,0.24282688299999994,0.22602840538011354
2024-05-15 13:30:00+00:00,1.5230412631289119,1.6392597219999998,1.5190876758750647
2024-05-15 14:30:00+00:00,2.8186259322086946,3.01996148,2.7997150606894303
2024-05-15 15:30:00+00:00,2.8899003483949146,3.075,2.8558729112148287
2024-05-15 16:30:00+00:00,2.8185704161726743,3.075,2.8750756800174715
2024-05-15 17:30:00+00:00,2.9886760693974117,3.075,2.90087069272995
2024-05-15 18:30:00+00:00,0.0,0.0,0.0
2024-05-15 19:30:00+00:00,0.0,0.0,0.0037978002801537514
2024-05-15 20:30:00+00:00,0.0,0.0,0.00432584946975112
2024-05-15 21:30:00+00:00,0.0,0.0,0.0
2024-05-15 22:30:00+00:00,0.0,0.0,0.0
2024-05-15 23:30:00+00:00,2.8815091148397425,3.075,2.9224132269620897
2024-05-16 00:30:00+00:00,0.0,0.0,0.0
2024-05-16 01:30:00+00:00,2.8912470469994513,3.075,2.923025366663933
2024-05-16 02:30:00+00:00,2.967435626603341,3.075,2.9221629172563555
2024-05-16 03:30:00+00:00,2.9566138503989134,3.075,2.9224503308534624
2024-05-16 04:30:00+00:00,2.909721679454527,3.060439962,2.904805618375885
2024-05-16 05:30:00+00:00,0.6175249526007227,0.6506043800000001,0.6211692520264436
2024-05-16 06:30:00+00:00,2.7890959863721805,3.0510143280000004,2.9102941095799717
2024-05-16 07:30:00+00:00,2.8440835941694655,3.075,2.8969351917505266
2024-05-16 08:30:00+00:00,0.0,0.0,0.00018184958025813103
2024-05-16 09:30:00+00:00,2.049437146617104,2.2909029999999997,2.1393632272510525
2024-05-16 10:30:00+00:00,2.68098331470211,3.0606472140000003,2.82627133483149
2024-05-16 11:30:00+00:00,2.8294433590185033,3.073399992,2.8355698597539827
2024-05-16 12:30:00+00:00,2.8054499461841838,3.075,2.8332524418830873
2024-05-16 13:30:00+00:00,2.9083169649264313,3.075,2.836566072702408
2024-05-16 14:30:00+00:00,2.831197083821267,3.075,2.841692578792572
2024-05-16 15:30:00+00:00,2.89772465900777,3.075,2.858840537071228
2024-05-16 16:30:00+00:00,0.0,0.0,0.0
2024-05-16 17:30:00+00:00,0.0,0.0,0.00011886357970070094
2024-05-16 18:30:00+00:00,0.0,0.0,0.0
2024-05-16 19:30:00+00:00,0.0,0.0,0.0
2024-05-16 20:30:00+00:00,0.0,0.0,0.0
2024-05-16 21:30:00+00:00,0.0,0.0,0.0
2024-05-16 22:30:00+00:00,0.0,0.0,0.0
2024-05-16 23:30:00+00:00,0.0,0.0,0.0008536359528079629
2024-05-17 00:30:00+00:00,0.0,0.0,0.000980015960521996
2024-05-17 01:30:00+00:00,2.894836156399461,3.075,2.917478707432747
2024-05-17 02:30:00+00:00,2.881803616848705,3.075,2.919581350684166
2024-05-17 03:30:00+00:00,3.0013258456903493,3.075,2.925486904382706
2024-05-17 04:30:00+00:00,3.02547692654632,3.075,2.9181695997715
2024-05-17 05:30:00+00:00,2.8588593897357315,3.075,2.917254564166069
2024-05-17 06:30:00+00:00,2.93041200518347,3.075,2.916206267476082
2024-05-17 07:30:00+00:00,2.8580360002487786,3.075,2.904034581780434
2024-05-17 08:30:00+00:00,2.8070007261334062,3.0092513160000003,2.81579745273687
2024-05-17 09:30:00+00:00,2.589360755366176,2.782609232,2.59858761005748
2024-05-17 10:30:00+00:00,2.777172484754446,3.0743981120000003,2.8426576223979114
2024-05-17 11:30:00+00:00,2.7583866749682806,3.0505907420000002,2.811395097144501
2024-05-17 12:30:00+00:00,2.786536217659895,3.054388538,2.800464525815857
2024-05-17 13:30:00+00:00,2.8042674172757223,3.075,2.8362672448158266
2024-05-17 14:30:00+00:00,0.0,0.0,0.0020489345770329237
2024-05-17 15:30:00+00:00,0.0,0.0,0.0004333903780207038
2024-05-17 16:30:00+00:00,0.0,0.0,7.565513078588992e-05
2024-05-17 17:30:00+00:00,0.0,0.0,0.0
2024-05-17 18:30:00+00:00,0.0,0.0,0.0
2024-05-17 19:30:00+00:00,0.0,0.0,0.0
2024-05-17 20:30:00+00:00,0.0,0.0,0.0
2024-05-17 21:30:00+00:00,0.0,0.0,0.0
2024-05-17 22:30:00+00:00,0.0,0.0,0.00013487869000528008
2024-05-17 23:30:00+00:00,0.0,0.0,0.0
2024-05-18 00:30:00+00:00,0.0,0.0,0.0
2024-05-18 01:30:00+00:00,0.0,0.0,0.0
2024-05-18 02:30:00+00:00,0.0,0.0,0.0
2024-05-18 03:30:00+00:00,0.0,0.0,0.003472594078630209
2024-05-18 04:30:00+00:00,0.0,0.0,0.0042897844687104225
2024-05-18 05:30:00+00:00,0.0,0.0,0.003085961565375328
2024-05-18 06:30:00+00:00,0.0,0.0,0.0017271433025598526
2024-05-18 07:30:00+00:00,0.0,0.0,0.0
2024-05-18 08:30:00+00:00,0.0,0.0,0.00020020651572849602
2024-05-18 09:30:00+00:00,0.0,0.0,0.00020020651572849602
2024-05-18 10:30:00+00:00,0.0,0.0,0.0007868983084335923
2024-05-18 11:30:00+00:00,0.0,0.0,0.0027855674270540476
2024-05-18 12:30:00+00:00,0.0,0.0,0.0
2024-05-18 13:30:00+00:00,0.0,0.0,0.0
2024-05-18 14:30:00+00:00,0.0,0.0,0.0007137052598409355
2024-05-18 15:30:00+00:00,0.0,0.0,0.0007137052598409355
2024-05-18 16:30:00+00:00,0.0,0.0,0.0
2024-05-18 17:30:00+00:00,0.0,0.0,6.187603867147118e-05
2024-05-18 18:30:00+00:00,0.0,0.0,0.0
2024-05-18 19:30:00+00:00,0.0,0.0,0.0
2024-05-18 20:30:00+00:00,0.0,0.0,0.0
2024-05-18 21:30:00+00:00,0.0,0.0,0.0
2024-05-18 22:30:00+00:00,0.0,0.0,0.0
2024-05-18 23:30:00+00:00,0.0,0.0,0.0
2024-05-19 00:30:00+00:00,0.0,0.0,0.00023847338161431253
2024-05-19 01:30:00+00:00,0.0,0.0,0.0009972351836040616
2024-05-19 02:30:00+00:00,0.0,0.0,0.0003095567808486521
2024-05-19 03:30:00+00:00,0.0,0.0,0.0008549302583560348
2024-05-19 04:30:00+00:00,0.0,0.0,0.0015398785471916199
2024-05-19 05:30:00+00:00,0.0,0.0,0.00020431359007488936
2024-05-19 06:30:00+00:00,0.0,0.0,0.0
2024-05-19 07:30:00+00:00,0.0,0.0,0.0006088645895943046
2024-05-19 08:30:00+00:00,0.0,0.0,0.00020020651572849602
2024-05-19 09:30:00+00:00,0.0,0.0,0.00020020651572849602
2024-05-19 10:30:00+00:00,0.0,0.0,0.0003376204113010317
2024-05-19 11:30:00+00:00,0.0,0.0,0.0002506568853277713
2024-05-19 12:30:00+00:00,0.0,0.0,0.00014480594836641103
2024-05-19 13:30:00+00:00,0.0,0.0,0.000731252774130553
2024-05-19 14:30:00+00:00,0.0,0.0,0.0004333903780207038
2024-05-19 15:30:00+00:00,0.0,0.0,0.0
2024-05-19 16:30:00+00:00,0.0,0.0,0.0
2024-05-19 17:30:00+00:00,0.0,0.0,0.0
2024-05-19 18:30:00+00:00,0.0,0.0,0.0
2024-05-19 19:30:00+00:00,2.9202559100415275,3.075,2.922703143954277
2024-05-19 20:30:00+00:00,0.0,0.0,0.0
2024-05-19 21:30:00+00:00,0.0,0.0,3.467360511422157e-05
2024-05-19 22:30:00+00:00,0.0,0.0,0.00022837404685560614
2024-05-19 23:30:00+00:00,0.0,0.0,0.00021141495381016284
2024-05-20 00:30:00+00:00,0.0,0.0,0.0
2024-05-20 01:30:00+00:00,2.9384881121464566,3.075,2.915593367815018
2024-05-20 02:30:00+00:00,0.0,0.0,0.0005628687795251608
2024-05-20 03:30:00+00:00,0.0,0.0,0.0
2024-05-20 04:30:00+00:00,0.0,0.0,0.00020095704530831426
2024-05-20 05:30:00+00:00,0.0,0.0,5.373575913836248e-05
2024-05-20 06:30:00+00:00,0.0,0.0,5.373575913836248e-05
2024-05-20 07:30:00+00:00,0.0,0.0,0.00015958670701365918
2024-05-20 08:30:00+00:00,0.0,0.0,0.0
2024-05-20 09:30:00+00:00,0.0,0.0,0.0
2024-05-20 10:30:00+00:00,0.0,0.0,0.0
2024-05-20 11:30:00+00:00,0.0,0.0,0.0002506568853277713
2024-05-20 12:30:00+00:00,0.0,0.0,0.00038482481613755226
2024-05-20 13:30:00+00:00,0.0,0.0,0.000837103754747659
2024-05-20 14:30:00+00:00,0.0,0.0,0.0
2024-05-20 15:30:00+00:00,0.0,0.0,0.0
2024-05-20 16:30:00+00:00,0.0,0.0,0.0
2024-05-20 17:30:00+00:00,0.0,0.0,0.0
2024-05-20 18:30:00+00:00,0.0,0.0,0.0
2024-05-20 19:30:00+00:00,0.0,0.0,0.0
2024-05-20 20:30:00+00:00,0.0,0.0,0.0
2024-05-20 21:30:00+00:00,0.0,0.0,0.0
2024-05-20 22:30:00+00:00,0.0,0.0,0.00022837404685560614
2024-05-20 23:30:00+00:00,0.0,0.0,0.00021141495381016284
2024-05-21 00:30:00+00:00,0.0,0.0,5.0395527068758383e-05
2024-05-21 01:30:00+00:00,0.0,0.0,2.326062531210482e-05
2024-05-21 02:30:00+00:00,0.0,0.0,2.326062531210482e-05
2024-05-21 03:30:00+00:00,0.0,0.0,0.00020095704530831426
2024-05-21 04:30:00+00:00,0.0,0.0,0.0007116522174328566
2024-05-21 05:30:00+00:00,0.0,0.0,0.000593343866057694
2024-05-21 06:30:00+00:00,0.0,0.0,0.00020020651572849602
2024-05-21 07:30:00+00:00,0.0,0.0,0.0007553353207185864
2024-05-21 08:30:00+00:00,0.0,0.0,0.0021323899272829294
2024-05-21 09:30:00+00:00,0.0,0.0,0.0
2024-05-21 10:30:00+00:00,0.0,0.0,0.0025795339606702328
2024-05-21 11:30:00+00:00,2.7430983696130027,3.075,2.8377223283052446
2024-05-21 12:30:00+00:00,0.0,0.0,0.00038482481613755226
2024-05-21 13:30:00+00:00,0.0,0.0,0.0
2024-05-21 14:30:00+00:00,0.0,0.0,0.0
2024-05-21 15:30:00+00:00,0.0,0.0,0.0
2024-05-21 16:30:00+00:00,0.0,0.0,0.0
2024-05-21 17:30:00+00:00,0.0,0.0,0.0
2024-05-21 18:30:00+00:00,2.8143458493138747,3.075,2.920218122005463
2024-05-21 19:30:00+00:00,0.0,0.0,0.0009091884130612016
2024-05-21 20:30:00+00:00,0.0,0.0,0.0
2024-05-21 21:30:00+00:00,0.0,0.0,3.467360511422157e-05
2024-05-21 22:30:00+00:00,0.0,0.0,0.0
2024-05-21 23:30:00+00:00,0.0,0.0,0.0
2024-05-22 00:30:00+00:00,0.0,0.0,0.0002632795076351613
2024-05-22 01:30:00+00:00,0.0,0.0,0.0001291115622734651
2024-05-22 02:30:00+00:00,0.0,0.0,0.0005628687795251608
2024-05-22 03:30:00+00:00,0.0,0.0,0.0007405652431771159
2024-05-22 04:30:00+00:00,0.0,0.0,0.0007116522174328566
2024-05-22 05:30:00+00:00,0.0,0.0,5.373575913836248e-05
2024-05-22 06:30:00+00:00,0.0,0.0,0.0007553353207185864
2024-05-22 07:30:00+00:00,0.0,0.0,0.00020020651572849602
2024-05-22 08:30:00+00:00,0.0,0.0,0.00020020651572849602
2024-05-22 09:30:00+00:00,0.0,0.0,0.0007750903605483472
2024-05-22 10:30:00+00:00,0.0,0.0,0.0008066533482633531
2024-05-22 11:30:00+00:00,0.0,0.0,0.000311031675664708
2024-05-22 12:30:00+00:00,0.0,0.0,0.00041688253986649215
2024-05-22 13:30:00+00:00,0.0,0.0,0.0
2024-05-22 14:30:00+00:00,0.0,0.0,0.0
2024-05-22 15:30:00+00:00,0.0,0.0,0.0
2024-05-22 16:30:00+00:00,0.0,0.0,0.0
2024-05-22 17:30:00+00:00,0.0,0.0,0.0
2024-05-22 18:30:00+00:00,0.0,0.0,0.0
2024-05-22 19:30:00+00:00,0.0,0.0,0.0
2024-05-22 20:30:00+00:00,0.0,0.0,0.0
2024-05-22 21:30:00+00:00,0.0,0.0,0.0
2024-05-22 22:30:00+00:00,0.0,0.0,3.467360511422157e-05
2024-05-22 23:30:00+00:00,0.0,0.0,0.0
2024-05-23 00:30:00+00:00,0.0,0.0,0.0001291115622734651
2024-05-23 01:30:00+00:00,0.0,0.0,6.176682654768229e-05
2024-05-23 02:30:00+00:00,2.8475626808776777,3.075,2.9210488319396974
2024-05-23 03:30:00+00:00,2.9092291905001146,3.075,2.9190710455179216
2024-05-23 04:30:00+00:00,2.907059664451932,3.075,2.9216633558273317
2024-05-23 05:30:00+00:00,0.0,0.0,0.004321638494729996
2024-05-23 06:30:00+00:00,0.0,0.0,0.0004402252670843154
2024-05-23 07:30:00+00:00,0.0,0.0,0.0007398146553896368
2024-05-23 08:30:00+00:00,0.0,0.0,0.0007595696952193975
2024-05-23 09:30:00+00:00,0.0,0.0,0.0007595696952193975
2024-05-23 10:30:00+00:00,0.0,0.0,0.0007911326247267425
2024-05-23 11:30:00+00:00,0.0,0.0,0.00027041189605370164
2024-05-23 12:30:00+00:00,0.0,0.0,0.0007041690987534821
2024-05-23 13:30:00+00:00,0.0,0.0,0.00047069290303625166
2024-05-23 14:30:00+00:00,0.0,0.0,0.0
2024-05-23 15:30:00+00:00,0.0,0.0,0.0
2024-05-23 16:30:00+00:00,0.0,0.0,0.0
2024-05-23 17:30:00+00:00,0.0,0.0,0.0
2024-05-23 18:30:00+00:00,0.0,0.0,0.0
2024-05-23 19:30:00+00:00,0.0,0.0,0.0
2024-05-23 20:30:00+00:00,0.0,0.0,0.0
2024-05-23 21:30:00+00:00,0.0,0.0,0.0
2024-05-23 22:30:00+00:00,0.0,0.0,0.0
2024-05-23 23:30:00+00:00,0.0,0.0,0.0
2024-05-24 00:30:00+00:00,0.0,0.0,0.0
2024-05-24 01:30:00+00:00,0.0,0.0,0.0
2024-05-24 02:30:00+00:00,0.0,0.0,0.0
2024-05-24 03:30:00+00:00,0.0,0.0,0.0
2024-05-24 04:30:00+00:00,0.0,0.0,0.0
2024-05-24 05:30:00+00:00,0.0,0.0,0.0004313373356126249
2024-05-24 06:30:00+00:00,2.9283040843001835,3.075,2.908433881402016
2024-05-24 07:30:00+00:00,2.882366484443598,3.075,2.900147315859795
2024-05-24 08:30:00+00:00,2.8511541572970356,3.075,2.8690777838230135
2024-05-24 09:30:00+00:00,2.945264352232225,3.075,2.8548654437065126
2024-05-24 10:30:00+00:00,2.828957755837998,3.075,2.840269160270691
2024-05-24 11:30:00+00:00,0.0,0.0,0.0
2024-05-24 12:30:00+00:00,0.0,0.0,0.0
2024-05-24 13:30:00+00:00,0.0,0.0,0.0
2024-05-24 14:30:00+00:00,0.0,0.0,0.0
2024-05-24 15:30:00+00:00,0.0,0.0,0.0
2024-05-24 16:30:00+00:00,0.0,0.0,0.0
2024-05-24 17:30:00+00:00,3.0274015835584596,3.075,2.8984164118766786
2024-05-24 18:30:00+00:00,2.806912105904307,3.075,2.9206645011901857
2024-05-24 19:30:00+00:00,0.0,0.0,0.0
2024-05-24 20:30:00+00:00,0.0,0.0,0.0
2024-05-24 21:30:00+00:00,0.0,0.0,0.0
2024-05-24 22:30:00+00:00,0.0,0.0,0.0
2024-05-24 23:30:00+00:00,0.0,0.0,0.0
2024-05-25 00:30:00+00:00,0.0,0.0,0.0
2024-05-25 01:30:00+00:00,0.0,0.0,0.0
2024-05-25 02:30:00+00:00,0.0,0.0,0.0
2024-05-25 03:30:00+00:00,0.0,0.0,0.0
2024-05-25 04:30:00+00:00,3.027591558939515,3.075,2.9194770574569704
2024-05-25 05:30:00+00:00,2.972159004302379,3.075,2.9184848785400392
2024-05-25 06:30:00+00:00,2.8409739217359653,3.075,2.9185310125350954
2024-05-25 07:30:00+00:00,2.941873816761526,3.075,2.89462688267231
2024-05-25 08:30:00+00:00,2.836871996966739,3.075,2.873096925020218
2024-05-25 09:30:00+00:00,2.90129202614575,3.075,2.8529870182275774
2024-05-25 10:30:00+00:00,2.826373212455627,3.075,2.839465004205704
2024-05-25 11:30:00+00:00,2.799886725350925,3.075,2.8316707879304888
2024-05-25 12:30:00+00:00,0.0,0.0,0.0007041690987534821
2024-05-25 13:30:00+00:00,0.0,0.0,0.0006204367964528501
2024-05-25 14:30:00+00:00,0.0,0.0,0.0
2024-05-25 15:30:00+00:00,0.0,0.0,0.0
2024-05-25 16:30:00+00:00,0.0,0.0,0.0
2024-05-25 17:30:00+00:00,0.0,0.0,0.0
2024-05-25 18:30:00+00:00,0.0,0.0,0.0
2024-05-25 19:30:00+00:00,0.0,0.0,0.0
2024-05-25 20:30:00+00:00,0.0,0.0,0.0
2024-05-25 21:30:00+00:00,0.0,0.0,0.0
2024-05-25 22:30:00+00:00,0.0,0.0,0.0
2024-05-25 23:30:00+00:00,0.0,0.0,0.0
2024-05-26 00:30:00+00:00,0.0,0.0,0.0
2024-05-26 01:30:00+00:00,0.0,0.0,0.0
2024-05-26 02:30:00+00:00,0.0,0.0,0.00012714781041722745
2024-05-26 03:30:00+00:00,0.0,0.0,0.0005061069969087839
2024-05-26 04:30:00+00:00,0.0,0.0,0.0
2024-05-26 05:30:00+00:00,0.0,0.0,0.0004313373356126249
2024-05-26 06:30:00+00:00,0.0,0.0,0.0
2024-05-26 07:30:00+00:00,0.0,0.0,0.0
2024-05-26 08:30:00+00:00,0.0,0.0,0.0
2024-05-26 09:30:00+00:00,0.0,0.0,0.0
2024-05-26 10:30:00+00:00,0.0,0.0,0.0
2024-05-26 11:30:00+00:00,0.0,0.0,0.0
2024-05-26 12:30:00+00:00,0.0,0.0,0.00047069290303625166
2024-05-26 13:30:00+00:00,0.0,0.0,0.0
2024-05-26 14:30:00+00:00,0.0,0.0,0.0
2024-05-26 15:30:00+00:00,0.0,0.0,0.0
2024-05-26 16:30:00+00:00,0.0,0.0,0.0
2024-05-26 17:30:00+00:00,0.0,0.0,0.0
2024-05-26 18:30:00+00:00,0.0,0.0,0.0
2024-05-26 19:30:00+00:00,0.0,0.0,0.0
2024-05-26 20:30:00+00:00,0.0,0.0,0.0
2024-05-26 21:30:00+00:00,0.0,0.0,0.0
2024-05-26 22:30:00+00:00,0.0,0.0,0.0
2024-05-26 23:30:00+00:00,0.0,0.0,3.467360511422157e-05
2024-05-27 00:30:00+00:00,0.0,0.0,0.0
2024-05-27 01:30:00+00:00,0.0,0.0,0.0
2024-05-27 02:30:00+00:00,0.0,0.0,0.0
2024-05-27 03:30:00+00:00,0.0,0.0,5.004978447686881e-06
2024-05-27 04:30:00+00:00,0.0,0.0,0.00030680798226967454
2024-05-27 05:30:00+00:00,0.0,0.0,0.00015958670701365918
2024-05-27 06:30:00+00:00,0.0,0.0,0.00017934168863575906
2024-05-27 07:30:00+00:00,0.0,0.0,0.0003258124634157866
2024-05-27 08:30:00+00:00,0.0,0.0,0.00021996154100634158
2024-05-27 09:30:00+00:00,0.0,0.0,0.0007595696952193975
2024-05-27 10:30:00+00:00,0.0,0.0,0.0
2024-05-27 11:30:00+00:00,0.0,0.0,0.0
2024-05-27 12:30:00+00:00,0.0,0.0,0.00047069290303625166
2024-05-27 13:30:00+00:00,0.0,0.0,0.0
2024-05-27 14:30:00+00:00,0.0,0.0,0.0
2024-05-27 15:30:00+00:00,0.0,0.0,0.0
2024-05-27 16:30:00+00:00,0.0,0.0,0.0
2024-05-27 17:30:00+00:00,0.0,0.0,0.0
2024-05-27 18:30:00+00:00,0.0,0.0,0.0
2024-05-27 19:30:00+00:00,0.0,0.0,5.4428604926215485e-05
2024-05-27 20:30:00+00:00,0.0,0.0,0.0
2024-05-27 21:30:00+00:00,0.0,0.0,0.0
2024-05-27 22:30:00+00:00,0.0,0.0,0.0
2024-05-27 23:30:00+00:00,0.0,0.0,0.0
2024-05-28 00:30:00+00:00,0.0,0.0,0.0
2024-05-28 01:30:00+00:00,0.0,0.0,0.0
2024-05-28 02:30:00+00:00,0.0,0.0,0.0
2024-05-28 03:30:00+00:00,0.0,0.0,0.0
2024-05-28 04:30:00+00:00,0.0,0.0,0.0004510923463385552
2024-05-28 05:30:00+00:00,0.0,0.0,0.0
2024-05-28 06:30:00+00:00,0.0,0.0,0.0
2024-05-28 07:30:00+00:00,0.0,0.0,0.0
2024-05-28 08:30:00+00:00,0.0,0.0,0.0
2024-05-28 09:30:00+00:00,0.0,0.0,0.0
2024-05-28 10:30:00+00:00,0.0,0.0,0.0
2024-05-28 11:30:00+00:00,0.0,0.0,0.0
2024-05-28 12:30:00+00:00,0.0,0.0,0.0
2024-05-28 13:30:00+00:00,0.0,0.0,0.0
2024-05-28 14:30:00+00:00,0.0,0.0,0.0
2024-05-28 15:30:00+00:00,0.0,0.0,0.0
2024-05-28 16:30:00+00:00,0.0,0.0,0.0
2024-05-28 17:30:00+00:00,0.0,0.0,0.0
2024-05-28 18:30:00+00:00,0.0,0.0,0.0
2024-05-28 19:30:00+00:00,0.0,0.0,0.0
2024-05-28 20:30:00+00:00,0.0,0.0,0.0
2024-05-28 21:30:00+00:00,0.0,0.0,0.0
2024-05-28 22:30:00+00:00,0.0,0.0,0.0
2024-05-28 23:30:00+00:00,0.0,0.0,0.0
2024-05-29 00:30:00+00:00,0.0,0.0,0.0
2024-05-29 01:30:00+00:00,0.0,0.0,0.0
2024-05-29 02:30:00+00:00,0.0,0.0,0.0
2024-05-29 03:30:00+00:00,0.0,0.0,0.0
2024-05-29 04:30:00+00:00,0.0,0.0,0.0
2024-05-29 05:30:00+00:00,0.0,0.0,0.0
2024-05-29 06:30:00+00:00,0.0,0.0,0.0
2024-05-29 07:30:00+00:00,0.0,0.0,0.0
2024-05-29 08:30:00+00:00,0.0,0.0,0.0
2024-05-29 09:30:00+00:00,0.0,0.0,0.0
2024-05-29 10:30:00+00:00,0.0,0.0,0.0
2024-05-29 11:30:00+00:00,0.0,0.0,0.0
2024-05-29 12:30:00+00:00,0.0,0.0,0.0
2024-05-29 13:30:00+00:00,0.0,0.0,0.0
2024-05-29 14:30:00+00:00,0.0,0.0,0.0
2024-05-29 15:30:00+00:00,0.0,0.0,0.0
2024-05-29 16:30:00+00:00,0.0,0.0,0.0
2024-05-29 17:30:00+00:00,0.0,0.0,0.0
2024-05-29 18:30:00+00:00,0.0,0.0,0.0
2024-05-29 19:30:00+00:00,0.0,0.0,0.0
2024-05-29 20:30:00+00:00,0.0,0.0,0.0
2024-05-29 21:30:00+00:00,0.0,0.0,0.0
2024-05-29 22:30:00+00:00,0.0,0.0,0.0
2024-05-29 23:30:00+00:00,0.0,0.0,0.0
2024-05-30 00:30:00+00:00,0.0,0.0,0.0
2024-05-30 01:30:00+00:00,0.0,0.0,0.0
2024-05-30 02:30:00+00:00,0.0,0.0,0.0
2024-05-30 03:30:00+00:00,0.0,0.0,0.0
2024-05-30 04:30:00+00:00,0.0,0.0,0.0
2024-05-30 05:30:00+00:00,0.0,0.0,0.0
2024-05-30 06:30:00+00:00,0.0,0.0,0.0
2024-05-30 07:30:00+00:00,0.0,0.0,0.0
2024-05-30 08:30:00+00:00,0.0,0.0,0.0
2024-05-30 09:30:00+00:00,0.0,0.0,0.0
2024-05-30 10:30:00+00:00,0.0,0.0,0.0
2024-05-30 11:30:00+00:00,0.0,0.0,0.0
2024-05-30 12:30:00+00:00,0.0,0.0,0.0
2024-05-30 13:30:00+00:00,0.0,0.0,0.0
2024-05-30 14:30:00+00:00,0.0,0.0,0.0
2024-05-30 15:30:00+00:00,0.0,0.0,0.0
2024-05-30 16:30:00+00:00,0.0,0.0,0.0
2024-05-30 17:30:00+00:00,0.0,0.0,0.0
2024-05-30 18:30:00+00:00,0.0,0.0,0.0
2024-05-30 19:30:00+00:00,0.0,0.0,0.0
2024-05-30 20:30:00+00:00,0.0,0.0,0.0
2024-05-30 21:30:00+00:00,2.962927623787621,3.075,2.9220689058303835
2024-05-30 22:30:00+00:00,2.906910824883529,3.075,2.920534458756447
2024-05-30 23:30:00+00:00,2.9214297982413844,3.075,2.9210356742143633
2024-05-31 00:30:00+00:00,3.0234951790654483,3.075,2.9196039706468584
2024-05-31 01:30:00+00:00,0.0,0.0,0.0
2024-05-31 02:30:00+00:00,0.0,0.0,0.0
2024-05-31 03:30:00+00:00,0.0,0.0,0.0
2024-05-31 04:30:00+00:00,0.0,0.0,0.0
2024-05-31 05:30:00+00:00,0.0,0.0,0.0
2024-05-31 06:30:00+00:00,0.0,0.0,0.0
2024-05-31 07:30:00+00:00,0.0,0.0,0.0
2024-05-31 08:30:00+00:00,0.0,0.0,0.0
2024-05-31 09:30:00+00:00,0.0,0.0,0.0
2024-05-31 10:30:00+00:00,0.0,0.0,0.0
2024-05-31 11:30:00+00:00,0.0,0.0,0.0
2024-05-31 12:30:00+00:00,0.0,0.0,0.0
2024-05-31 13:30:00+00:00,0.0,0.0,0.0
2024-05-31 14:30:00+00:00,0.0,0.0,0.0
2024-05-31 15:30:00+00:00,0.0,0.0,0.0
2024-05-31 16:30:00+00:00,0.0,0.0,0.0
2024-05-31 17:30:00+00:00,0.0,0.0,0.0
2024-05-31 18:30:00+00:00,0.0,0.0,0.0
2024-05-31 19:30:00+00:00,0.0,0.0,0.0
2024-05-31 20:30:00+00:00,0.0,0.0,0.0
2024-05-31 21:30:00+00:00,0.0,0.0,0.001749709714204073
2024-05-31 22:30:00+00:00,2.966998445431821,3.075,2.9136758714914324
2024-05-31 23:30:00+00:00,0.0,0.0,0.0002622233296278864
2024-06-01 00:30:00+00:00,2.9442390291916807,3.075,2.925731208920479
2024-06-01 01:30:00+00:00,0.0,0.0,0.0
2024-06-01 02:30:00+00:00,0.0,0.0,0.0
2024-06-01 03:30:00+00:00,0.0,0.0,0.0
2024-06-01 04:30:00+00:00,0.0,0.0,0.0
2024-06-01 05:30:00+00:00,0.0,0.0,0.0
2024-06-01 06:30:00+00:00,0.0,0.0,0.0
2024-06-01 07:30:00+00:00,0.0,0.0,0.0
2024-06-01 08:30:00+00:00,0.0,0.0,0.0
2024-06-01 09:30:00+00:00,0.0,0.0,0.0
2024-06-01 10:30:00+00:00,0.0,0.0,0.0
2024-06-01 11:30:00+00:00,0.0,0.0,0.0
2024-06-01 12:30:00+00:00,0.0,0.0,0.0
2024-06-01 13:30:00+00:00,0.0,0.0,0.0
2024-06-01 14:30:00+00:00,0.0,0.0,0.0
2024-06-01 15:30:00+00:00,0.0,0.0,0.0
2024-06-01 16:30:00+00:00,0.0,0.0,0.0
2024-06-01 17:30:00+00:00,0.0,0.0,0.0
2024-06-01 18:30:00+00:00,0.0,0.0,0.0
2024-06-01 19:30:00+00:00,0.0,0.0,0.0
2024-06-01 20:30:00+00:00,2.9640950048123584,3.075,2.920080226659775
2024-06-01 21:30:00+00:00,2.9353995764511436,3.075,2.9210356742143633
2024-06-01 22:30:00+00:00,2.8536230130840012,3.075,2.9210356742143633
2024-06-01 23:30:00+00:00,2.904801544336706,3.075,2.9207431048154833
2024-06-02 00:30:00+00:00,2.966846385877203,3.075,2.922689375281334
2024-06-02 01:30:00+00:00,2.9610342616968994,3.075,2.916705694794655
2024-06-02 02:30:00+00:00,3.0542229666764613,3.075,2.918444660305977
2024-06-02 03:30:00+00:00,2.893585306887996,3.075,2.917614158987999
2024-06-02 04:30:00+00:00,2.934148278843508,3.075,2.919354331493378
2024-06-02 05:30:00+00:00,2.909758616988337,3.075,2.920172792673111
2024-06-02 06:30:00+00:00,2.7348408303227663,3.075,2.920517382025719
2024-06-02 07:30:00+00:00,2.924881845771213,3.075,2.8952872276306154
2024-06-02 08:30:00+00:00,2.8619385645173803,3.075,2.87075788974762
2024-06-02 09:30:00+00:00,2.8948405257532244,3.075,2.8506507843732836
2024-06-02 10:30:00+00:00,2.8516428719707583,3.075,2.824134808778763
2024-06-02 11:30:00+00:00,0.0,0.0,0.0
2024-06-02 12:30:00+00:00,2.8965517537404626,3.075,2.8355403512716295
2024-06-02 13:30:00+00:00,0.0,0.0,0.0
2024-06-02 14:30:00+00:00,0.0,0.0,0.0
2024-06-02 15:30:00+00:00,0.0,0.0,0.0
2024-06-02 16:30:00+00:00,0.0,0.0,0.0
2024-06-02 17:30:00+00:00,0.0,0.0,0.0
2024-06-02 18:30:00+00:00,0.0,0.0,0.0
2024-06-02 19:30:00+00:00,2.911774934974465,3.075,2.918670517206192
2024-06-02 20:30:00+00:00,2.915549133688829,3.075,2.9207530289888384
2024-06-02 21:30:00+00:00,2.919340889412516,3.075,2.9196775227785112
2024-06-02 22:30:00+00:00,2.9412848511430068,3.075,2.9215417921543123
2024-06-02 23:30:00+00:00,2.8763807779069643,3.075,2.919194456934929
2024-06-03 00:30:00+00:00,0.0,0.0,0.0001291115622734651
2024-06-03 01:30:00+00:00,0.0,0.0,7.159533561207354e-05
2024-06-03 02:30:00+00:00,2.970324549638594,3.075,2.9240565419197084
2024-06-03 03:30:00+00:00,2.8815224366373986,3.075,2.92000652551651
2024-06-03 04:30:00+00:00,2.9543998809108154,3.075,2.92092841565609
2024-06-03 05:30:00+00:00,2.9811071563586204,3.075,2.9197975963354112
2024-06-03 06:30:00+00:00,2.910611681083982,3.075,2.916309979557991
2024-06-03 07:30:00+00:00,2.8481696728919634,3.075,2.8959088295698168
2024-06-03 08:30:00+00:00,2.8296566848030076,3.075,2.860154312849045
2024-06-03 09:30:00+00:00,0.0,0.0,0.0
2024-06-03 10:30:00+00:00,0.0,0.0,0.0
2024-06-03 11:30:00+00:00,0.0,0.0,0.0
2024-06-03 12:30:00+00:00,0.0,0.0,0.0
2024-06-03 13:30:00+00:00,0.0,0.0,0.0
2024-06-03 14:30:00+00:00,0.0,0.0,0.0
2024-06-03 15:30:00+00:00,0.0,0.0,0.0
2024-06-03 16:30:00+00:00,0.0,0.0,0.0
2024-06-03 17:30:00+00:00,0.0,0.0,0.0
2024-06-03 18:30:00+00:00,2.8064227828589297,3.075,2.9206645011901857
2024-06-03 19:30:00+00:00,2.928369617844074,3.075,2.9202987968921663
2024-06-03 20:30:00+00:00,2.9126370725230486,3.075,2.919851225614548
2024-06-03 21:30:00+00:00,2.9957978020761393,3.075,2.9195175141096117
2024-06-03 22:30:00+00:00,0.0,0.0,0.0
2024-06-03 23:30:00+00:00,0.0,0.0,0.0
2024-06-04 00:30:00+00:00,2.832034142067386,3.075,2.9219970524311067
2024-06-04 01:30:00+00:00,3.01451488247013,3.075,2.920337435603142
2024-06-04 02:30:00+00:00,2.849385645052071,3.075,2.918738853931427
2024-06-04 03:30:00+00:00,2.9206187837308693,3.075,2.919658985733986
2024-06-04 04:30:00+00:00,3.076653367181061,3.075,2.9202590703964235
2024-06-04 05:30:00+00:00,3.015955468738617,3.075,2.918008950352669
2024-06-04 06:30:00+00:00,3.036918069115761,3.075,2.9146878838539125
2024-06-04 07:30:00+00:00,0.0,0.0,0.0
2024-06-04 08:30:00+00:00,0.0,0.0,0.0
2024-06-04 09:30:00+00:00,0.0,0.0,0.0
2024-06-04 10:30:00+00:00,0.0,0.0,0.0
2024-06-04 11:30:00+00:00,0.0,0.0,0.0
2024-06-04 12:30:00+00:00,0.0,0.0,0.0
2024-06-04 13:30:00+00:00,0.0,0.0,0.0
2024-06-04 14:30:00+00:00,0.0,0.0,0.0
2024-06-04 15:30:00+00:00,0.0,0.0,0.0
2024-06-04 16:30:00+00:00,0.0,0.0,0.0
2024-06-04 17:30:00+00:00,0.0,0.0,0.0
2024-06-04 18:30:00+00:00,0.0,0.0,0.0
2024-06-04 19:30:00+00:00,0.0,0.0,0.0
2024-06-04 20:30:00+00:00,0.0,0.0,0.0
2024-06-04 21:30:00+00:00,0.0,0.0,0.0
2024-06-04 22:30:00+00:00,0.0,0.0,0.001749709714204073
2024-06-04 23:30:00+00:00,2.864930725906731,3.075,2.9195344716310503
2024-06-05 00:30:00+00:00,2.8139764581968114,3.075,2.9189721018075945
2024-06-05 01:30:00+00:00,0.0,0.0,0.0
2024-06-05 02:30:00+00:00,0.0,0.0,0.00040410348447039723
2024-06-05 03:30:00+00:00,0.0,0.0,0.000347341614542529
2024-06-05 04:30:00+00:00,0.0,0.0,0.000347341614542529
2024-06-05 05:30:00+00:00,0.0,0.0,0.0
2024-06-05 06:30:00+00:00,0.0,0.0,0.0
2024-06-05 07:30:00+00:00,0.0,0.0,0.0
2024-06-05 08:30:00+00:00,0.0,0.0,0.0
2024-06-05 09:30:00+00:00,0.0,0.0,0.0
2024-06-05 10:30:00+00:00,0.0,0.0,0.0
2024-06-05 11:30:00+00:00,0.0,0.0,0.0
2024-06-05 12:30:00+00:00,0.0,0.0,0.0
2024-06-05 13:30:00+00:00,0.0,0.0,0.0
2024-06-05 14:30:00+00:00,0.0,0.0,0.0
2024-06-05 15:30:00+00:00,0.0,0.0,0.0
2024-06-05 16:30:00+00:00,0.0,0.0,0.0
2024-06-05 17:30:00+00:00,0.0,0.0,0.0
2024-06-05 18:30:00+00:00,0.0,0.0,0.0
2024-06-05 19:30:00+00:00,0.0,0.0,0.0
2024-06-05 20:30:00+00:00,0.0,0.0,0.0
2024-06-05 21:30:00+00:00,0.0,0.0,0.0
2024-06-05 22:30:00+00:00,0.0,0.0,0.0
2024-06-05 23:30:00+00:00,0.0,0.0,0.0
2024-06-06 00:30:00+00:00,0.0,0.0,0.0
2024-06-06 01:30:00+00:00,0.0,0.0,0.00040410348447039723
2024-06-06 02:30:00+00:00,0.0,0.0,0.00040410348447039723
2024-06-06 03:30:00+00:00,0.0,0.0,0.000347341614542529
2024-06-06 04:30:00+00:00,0.0,0.0,0.000347341614542529
2024-06-06 05:30:00+00:00,0.0,0.0,0.000347341614542529
2024-06-06 06:30:00+00:00,2.90922639329112,3.075,2.916398909687996
2024-06-06 07:30:00+00:00,2.9193906167056243,3.075,2.897865888476372
2024-06-06 08:30:00+00:00,2.8621524911329095,3.075,2.8521093249320986
2024-06-06 09:30:00+00:00,0.0,0.0,0.0
2024-06-06 10:30:00+00:00,0.0,0.0,0.0
2024-06-06 11:30:00+00:00,0.0,0.0,0.0
2024-06-06 12:30:00+00:00,0.0,0.0,0.0
2024-06-06 13:30:00+00:00,0.0,0.0,0.0
2024-06-06 14:30:00+00:00,0.0,0.0,0.0
2024-06-06 15:30:00+00:00,0.0,0.0,0.0
2024-06-06 16:30:00+00:00,0.0,0.0,0.0
2024-06-06 17:30:00+00:00,0.0,0.0,0.0
2024-06-06 18:30:00+00:00,0.0,0.0,0.0
2024-06-06 19:30:00+00:00,2.9370614301725753,3.075,2.9186880111694338
2024-06-06 20:30:00+00:00,2.910383139024558,3.075,2.9198061347007753
2024-06-06 21:30:00+00:00,2.95922832002973,3.075,2.9198061347007753
2024-06-06 22:30:00+00:00,2.9131300695083304,3.075,2.9198061347007753
2024-06-06 23:30:00+00:00,2.8140641287134316,3.075,2.91998231112957
2024-06-07 00:30:00+00:00,2.956355279315814,3.075,2.920673680305481
2024-06-07 01:30:00+00:00,2.9709797456065425,3.075,2.9239544689655306
2024-06-07 02:30:00+00:00,2.863535997987979,3.075,2.9203723192214968
2024-06-07 03:30:00+00:00,2.997449943317076,3.075,2.920188930630684
2024-06-07 04:30:00+00:00,2.9204563982355602,3.075,2.9193442136049272
2024-06-07 05:30:00+00:00,2.953460423070473,3.075,2.9202933579683306
2024-06-07 06:30:00+00:00,3.0229307448401306,3.075,2.921246510744095
2024-06-07 07:30:00+00:00,2.906156174733495,3.075,2.8968507766723635
2024-06-07 08:30:00+00:00,2.9137280647545634,3.075,2.873283636569977
2024-06-07 09:30:00+00:00,2.8248611790379083,3.075,2.854089704155922
2024-06-07 10:30:00+00:00,2.8290665131433537,3.075,2.8390911489725115
2024-06-07 11:30:00+00:00,0.0,0.0,0.0
2024-06-07 12:30:00+00:00,0.0,0.0,0.0
2024-06-07 13:30:00+00:00,0.0,0.0,0.0
2024-06-07 14:30:00+00:00,0.0,0.0,0.0
2024-06-07 15:30:00+00:00,0.0,0.0,0.000131164604681544
2024-06-07 16:30:00+00:00,0.0,0.0,6.381985440384597e-05
2024-06-07 17:30:00+00:00,0.0,0.0,0.0
2024-06-07 18:30:00+00:00,0.0,0.0,0.0
2024-06-07 19:30:00+00:00,2.9544847748934315,3.075,2.917110946774483
2024-06-07 20:30:00+00:00,2.945356780385878,3.075,2.918670517206192
2024-06-07 21:30:00+00:00,2.9091811289001357,3.075,2.9198061347007753
2024-06-07 22:30:00+00:00,2.9663070610093785,3.075,2.9198061347007753
2024-06-07 23:30:00+00:00,3.006310498853881,3.075,2.919691962003708
2024-06-08 00:30:00+00:00,2.899511279984291,3.075,2.920043569803238
2024-06-08 01:30:00+00:00,0.0,0.0,0.0001291115622734651
2024-06-08 02:30:00+00:00,0.0,0.0,0.0
2024-06-08 03:30:00+00:00,2.956446086281114,3.075,2.9214816063642504
2024-06-08 04:30:00+00:00,2.915878963198194,3.075,2.9216240465641024
2024-06-08 05:30:00+00:00,3.032199708385311,3.075,2.9206775546073915
2024-06-08 06:30:00+00:00,2.883872221552941,3.075,2.922283646464348
2024-06-08 07:30:00+00:00,2.930384643334586,3.075,2.8964384466409685
2024-06-08 08:30:00+00:00,2.883687251178164,3.075,2.8738339811563494
2024-06-08 09:30:00+00:00,2.8654055195137462,3.075,2.8555570363998415
2024-06-08 10:30:00+00:00,0.0,0.0,0.0
2024-06-08 11:30:00+00:00,0.0,0.0,0.0
2024-06-08 12:30:00+00:00,0.0,0.0,0.0008568587945774198
2024-06-08 13:30:00+00:00,0.0,0.0,0.0007601657998748124
2024-06-08 14:30:00+00:00,0.0,0.0,0.0005081600393168628
2024-06-08 15:30:00+00:00,0.0,0.0,0.0
2024-06-08 16:30:00+00:00,0.0,0.0,0.0
2024-06-08 17:30:00+00:00,0.0,0.0,0.0
2024-06-08 18:30:00+00:00,0.0,0.0,0.0
2024-06-08 19:30:00+00:00,0.0,0.0,0.0
2024-06-08 20:30:00+00:00,0.0,0.0,6.393552757799625e-05
2024-06-08 21:30:00+00:00,0.0,0.0,0.0
2024-06-08 22:30:00+00:00,0.0,0.0,3.467360511422157e-05
2024-06-08 23:30:00+00:00,0.0,0.0,0.0
2024-06-09 00:30:00+00:00,2.94537698693865,3.075,2.9187378853559496
2024-06-09 01:30:00+00:00,2.931228303343427,3.075,2.9222101986408235
2024-06-09 02:30:00+00:00,3.021872718583111,3.075,2.9164714187383654
2024-06-09 03:30:00+00:00,2.919407639706381,3.075,2.91971033513546
2024-06-09 04:30:00+00:00,2.974917048421779,3.075,2.9190747261047365
2024-06-09 05:30:00+00:00,2.830494537043764,3.075,2.9210005819797518
2024-06-09 06:30:00+00:00,2.9278215573588473,3.075,2.9163351178169252
2024-06-09 07:30:00+00:00,2.853161132874314,3.075,2.8890936344861986
2024-06-09 08:30:00+00:00,0.0,0.0,0.0
2024-06-09 09:30:00+00:00,0.0,0.0,0.0
2024-06-09 10:30:00+00:00,0.0,0.0,0.0001911496656248346
2024-06-09 11:30:00+00:00,0.0,0.0,0.000837103754747659
2024-06-09 12:30:00+00:00,0.0,0.0,0.000837103754747659
2024-06-09 13:30:00+00:00,0.0,0.0,0.000731252774130553
2024-06-09 14:30:00+00:00,0.0,0.0,0.0
2024-06-09 15:30:00+00:00,0.0,0.0,0.0
2024-06-09 16:30:00+00:00,0.0,0.0,0.0
2024-06-09 17:30:00+00:00,0.0,0.0,0.0
2024-06-09 18:30:00+00:00,0.0,0.0,0.0
2024-06-09 19:30:00+00:00,0.0,0.0,0.0
2024-06-09 20:30:00+00:00,0.0,0.0,0.0
2024-06-09 21:30:00+00:00,0.0,0.0,0.0
2024-06-09 22:30:00+00:00,0.0,0.0,0.0
2024-06-09 23:30:00+00:00,0.0,0.0,6.393552757799625e-05
2024-06-10 00:30:00+00:00,2.8301387718355495,3.075,2.9190450429916384
2024-06-10 01:30:00+00:00,2.840748278727873,3.075,2.9179682701826097
2024-06-10 02:30:00+00:00,0.0,0.0,0.0
2024-06-10 03:30:00+00:00,0.0,0.0,0.0
2024-06-10 04:30:00+00:00,0.0,0.0,0.0
2024-06-10 05:30:00+00:00,0.0,0.0,0.0005157001432962716
2024-06-10 06:30:00+00:00,0.0,0.0,0.0005157001432962716
2024-06-10 07:30:00+00:00,0.0,0.0,0.0
2024-06-10 08:30:00+00:00,0.0,0.0,0.0
2024-06-10 09:30:00+00:00,0.0,0.0,0.0
2024-06-10 10:30:00+00:00,0.0,0.0,0.0001911496656248346
2024-06-10 11:30:00+00:00,0.0,0.0,0.000731252774130553
2024-06-10 12:30:00+00:00,0.0,0.0,0.000837103754747659
2024-06-10 13:30:00+00:00,0.0,0.0,0.0
2024-06-10 14:30:00+00:00,0.0,0.0,0.0
2024-06-10 15:30:00+00:00,0.0,0.0,0.0
2024-06-10 16:30:00+00:00,0.0,0.0,0.0
2024-06-10 17:30:00+00:00,0.0,0.0,0.0
2024-06-10 18:30:00+00:00,0.0,0.0,0.0
2024-06-10 19:30:00+00:00,0.0,0.0,0.0
2024-06-10 20:30:00+00:00,0.0,0.0,0.0
2024-06-10 21:30:00+00:00,0.0,0.0,0.0
2024-06-10 22:30:00+00:00,0.0,0.0,0.0
2024-06-10 23:30:00+00:00,0.0,0.0,3.467360511422157e-05
2024-06-11 00:30:00+00:00,0.0,0.0,0.0
2024-06-11 01:30:00+00:00,0.0,0.0,0.0
2024-06-11 02:30:00+00:00,0.0,0.0,0.0
2024-06-11 03:30:00+00:00,2.80353625312353,3.075,2.9166789621114733
2024-06-11 04:30:00+00:00,2.9714061492142547,3.075,2.9203717529773714
2024-06-11 05:30:00+00:00,0.0,0.0,0.0
2024-06-11 06:30:00+00:00,0.0,0.0,0.0004313373356126249
2024-06-11 07:30:00+00:00,0.0,0.0,0.0
2024-06-11 08:30:00+00:00,2.8071451488296066,3.075,2.855319929122925
2024-06-11 09:30:00+00:00,0.0,0.0,0.0
2024-06-11 10:30:00+00:00,0.0,0.0,0.0
2024-06-11 11:30:00+00:00,0.0,0.0,0.0
2024-06-11 12:30:00+00:00,0.0,0.0,0.0
2024-06-11 13:30:00+00:00,0.0,0.0,0.0
2024-06-11 14:30:00+00:00,0.0,0.0,0.0
2024-06-11 15:30:00+00:00,0.0,0.0,0.0
2024-06-11 16:30:00+00:00,0.0,0.0,0.0
2024-06-11 17:30:00+00:00,0.0,0.0,0.0
2024-06-11 18:30:00+00:00,0.0,0.0,0.0
2024-06-11 19:30:00+00:00,0.0,0.0,0.0
2024-06-11 20:30:00+00:00,0.0,0.0,0.0
2024-06-11 21:30:00+00:00,0.0,0.0,0.0
2024-06-11 22:30:00+00:00,2.911399176058188,3.075,2.918670517206192
2024-06-11 23:30:00+00:00,0.0,0.0,0.0
2024-06-12 00:30:00+00:00,0.0,0.0,0.0
2024-06-12 01:30:00+00:00,0.0,0.0,0.0
2024-06-12 02:30:00+00:00,0.0,0.0,0.0
2024-06-12 03:30:00+00:00,0.0,0.0,0.0
2024-06-12 04:30:00+00:00,0.0,0.0,0.0
2024-06-12 05:30:00+00:00,0.0,0.0,0.0
2024-06-12 06:30:00+00:00,0.0,0.0,0.0
2024-06-12 07:30:00+00:00,0.0,0.0,0.0
2024-06-12 08:30:00+00:00,0.0,0.0,0.0
2024-06-12 09:30:00+00:00,0.0,0.0,0.0
2024-06-12 10:30:00+00:00,0.0,0.0,0.0
2024-06-12 11:30:00+00:00,0.0,0.0,0.0
2024-06-12 12:30:00+00:00,0.0,0.0,0.0
2024-06-12 13:30:00+00:00,0.0,0.0,0.0
2024-06-12 14:30:00+00:00,0.0,0.0,0.0
2024-06-12 15:30:00+00:00,0.0,0.0,0.0
2024-06-12 16:30:00+00:00,0.0,0.0,0.0
2024-06-12 17:30:00+00:00,0.0,0.0,0.0
2024-06-12 18:30:00+00:00,2.8726285432487773,3.075,2.918287602066994
2024-06-12 19:30:00+00:00,0.0,0.0,0.0
2024-06-12 20:30:00+00:00,0.0,0.0,0.0
2024-06-12 21:30:00+00:00,0.0,0.0,0.0
2024-06-12 22:30:00+00:00,0.0,0.0,0.0
2024-06-12 23:30:00+00:00,0.0,0.0,0.0
2024-06-13 00:30:00+00:00,0.0,0.0,0.0
2024-06-13 01:30:00+00:00,0.0,0.0,0.0
2024-06-13 02:30:00+00:00,0.0,0.0,0.0
2024-06-13 03:30:00+00:00,0.0,0.0,0.0
2024-06-13 04:30:00+00:00,0.0,0.0,0.0
2024-06-13 05:30:00+00:00,0.0,0.0,0.0
2024-06-13 06:30:00+00:00,0.0,0.0,0.0
2024-06-13 07:30:00+00:00,0.0,0.0,0.0
2024-06-13 08:30:00+00:00,0.0,0.0,0.0
2024-06-13 09:30:00+00:00,0.0,0.0,0.0
2024-06-13 10:30:00+00:00,0.0,0.0,0.0
2024-06-13 11:30:00+00:00,0.0,0.0,0.0
2024-06-13 12:30:00+00:00,0.0,0.0,0.0
2024-06-13 13:30:00+00:00,0.0,0.0,0.0
2024-06-13 14:30:00+00:00,0.0,0.0,0.0
2024-06-13 15:30:00+00:00,0.0,0.0,0.0
2024-06-13 16:30:00+00:00,0.0,0.0,0.0
2024-06-13 17:30:00+00:00,0.0,0.0,0.0
2024-06-13 18:30:00+00:00,0.0,0.0,0.0
2024-06-13 19:30:00+00:00,0.0,0.0,0.0
2024-06-13 20:30:00+00:00,0.0,0.0,0.0
2024-06-13 21:30:00+00:00,2.926633246400902,3.075,2.9127140015363695
2024-06-13 22:30:00+00:00,2.836240348656504,3.075,2.9181361466646196
2024-06-13 23:30:00+00:00,2.792307725161048,3.075,2.924401503801346
2024-06-14 00:30:00+00:00,0.0,0.0,0.0
2024-06-14 01:30:00+00:00,0.0,0.0,0.0
2024-06-14 02:30:00+00:00,0.0,0.0,0.0
2024-06-14 03:30:00+00:00,0.0,0.0,0.0
2024-06-14 04:30:00+00:00,0.0,0.0,0.0
2024-06-14 05:30:00+00:00,0.0,0.0,0.0
2024-06-14 06:30:00+00:00,0.0,0.0,0.0
2024-06-14 07:30:00+00:00,0.0,0.0,0.0
2024-06-14 08:30:00+00:00,0.0,0.0,0.0
2024-06-14 09:30:00+00:00,0.0,0.0,0.0
2024-06-14 10:30:00+00:00,0.0,0.0,0.0
2024-06-14 11:30:00+00:00,0.0,0.0,0.0
2024-06-14 12:30:00+00:00,0.0,0.0,0.0
2024-06-14 13:30:00+00:00,0.0,0.0,0.0
2024-06-14 14:30:00+00:00,0.0,0.0,0.0
2024-06-14 15:30:00+00:00,0.0,0.0,0.0
2024-06-14 16:30:00+00:00,0.0,0.0,0.0
2024-06-14 17:30:00+00:00,0.0,0.0,0.0
2024-06-14 18:30:00+00:00,0.0,0.0,0.0
2024-06-14 19:30:00+00:00,0.0,0.0,0.0
2024-06-14 20:30:00+00:00,3.04228371738214,3.075,2.924958822131157
2024-06-14 21:30:00+00:00,2.9371052431658815,3.075,2.9206166684627535
2024-06-14 22:30:00+00:00,2.934405447151174,3.075,2.9237529903650286
2024-06-14 23:30:00+00:00,2.849155387923343,3.075,2.9195776253938677
2024-06-15 00:30:00+00:00,2.903617367032021,3.075,2.9232730686664583
2024-06-15 01:30:00+00:00,2.9690497432517335,3.075,2.9181364446878435
2024-06-15 02:30:00+00:00,0.0,0.0,0.0
2024-06-15 03:30:00+00:00,0.0,0.0,0.0
2024-06-15 04:30:00+00:00,2.9882628386124908,3.075,2.9177692949771883
2024-06-15 05:30:00+00:00,2.7897870031171115,3.075,2.90246596634388
2024-06-15 06:30:00+00:00,2.8953912974812317,3.075,2.9125148326158525
2024-06-15 07:30:00+00:00,2.977080197894541,3.075,2.8946897059679033
2024-06-15 08:30:00+00:00,0.0,0.0,0.0
2024-06-15 09:30:00+00:00,0.0,0.0,0.0
2024-06-15 10:30:00+00:00,0.0,0.0,0.0
2024-06-15 11:30:00+00:00,0.0,0.0,0.0
2024-06-15 12:30:00+00:00,2.8218904787771426,3.075,2.8350384801626207
2024-06-15 13:30:00+00:00,2.8385484801019167,3.075,2.836671856045723
2024-06-15 14:30:00+00:00,0.0,0.0,0.0
2024-06-15 15:30:00+00:00,0.0,0.0,0.0
2024-06-15 16:30:00+00:00,0.0,0.0,0.0
2024-06-15 17:30:00+00:00,0.0,0.0,0.0
2024-06-15 18:30:00+00:00,0.0,0.0,0.0
2024-06-15 19:30:00+00:00,2.8581446037221747,3.075,2.920581442117691
2024-06-15 20:30:00+00:00,2.9532908053982134,3.075,2.9210356742143633
2024-06-15 21:30:00+00:00,2.8959150012111214,3.075,2.9196775227785112
2024-06-15 22:30:00+00:00,2.8720670462578703,3.075,2.9195676863193514
2024-06-15 23:30:00+00:00,2.9664049587339947,3.075,2.922053796052933
2024-06-16 00:30:00+00:00,3.000277550483137,3.074135208,2.922085100282486
2024-06-16 01:30:00+00:00,2.9351776880672498,3.075,2.9215565592050554
2024-06-16 02:30:00+00:00,2.86716755236157,3.073399992,2.923874692331688
2024-06-16 03:30:00+00:00,3.0115718473290745,3.075,2.9204263359308245
2024-06-16 04:30:00+00:00,2.906355657349202,3.075,2.923854660987854
2024-06-16 05:30:00+00:00,2.9326840623327155,3.075,2.9213627845048906
2024-06-16 06:30:00+00:00,2.935004484880249,3.075,2.9220609337091448
2024-06-16 07:30:00+00:00,2.878829142878829,3.075,2.901198369264603
2024-06-16 08:30:00+00:00,2.979433289623317,3.075,2.8724319458007814
2024-06-16 09:30:00+00:00,2.7827699906962757,3.075,2.852514085173607
2024-06-16 10:30:00+00:00,2.8961473594081966,3.075,2.8387413740158083
2024-06-16 11:30:00+00:00,0.0,0.0,0.0
2024-06-16 12:30:00+00:00,2.7857893450792957,3.075,2.8314292252063753
2024-06-16 13:30:00+00:00,2.742291245619326,3.075,2.8321475952863695
2024-06-16 14:30:00+00:00,0.0,0.0,0.0
2024-06-16 15:30:00+00:00,0.0,0.0,0.0
2024-06-16 16:30:00+00:00,0.0,0.0,0.0
2024-06-16 17:30:00+00:00,0.0,0.0,0.0
2024-06-16 18:30:00+00:00,2.9556462617541364,3.075,2.9195288836956026
2024-06-16 19:30:00+00:00,2.9444776314134593,3.075,2.919851225614548
2024-06-16 20:30:00+00:00,2.9906746902315584,3.075,2.919851225614548
2024-06-16 21:30:00+00:00,0.0,0.0,0.0
2024-06-16 22:30:00+00:00,2.8140039711379607,3.075,2.9201525866985323
2024-06-16 23:30:00+00:00,2.919247499538391,3.075,2.918647509813309
2024-06-17 00:30:00+00:00,2.9709308984391685,3.075,2.9280922532081606
2024-06-17 01:30:00+00:00,2.856745100420505,3.075,2.922050413489342
2024-06-17 02:30:00+00:00,3.068479303940489,3.068924688,2.9152831660693055
2024-06-17 03:30:00+00:00,2.920847135034112,3.073952396,2.918743510330292
2024-06-17 04:30:00+00:00,2.94314703428688,3.075,2.9202063351869585
2024-06-17 05:30:00+00:00,2.938186611104184,3.075,2.9222651690244676
2024-06-17 06:30:00+00:00,3.009646921646517,3.075,2.919159632921219
2024-06-17 07:30:00+00:00,2.9063919451980373,3.075,2.895972710847855
2024-06-17 08:30:00+00:00,2.899698936312189,3.075,2.875768867135048
2024-06-17 09:30:00+00:00,2.91482238836278,3.075,2.853620928525925
2024-06-17 10:30:00+00:00,0.0,0.0,0.0
2024-06-17 11:30:00+00:00,0.0,0.0,0.0
2024-06-17 12:30:00+00:00,2.695178267631385,3.075,2.835324224829674
2024-06-17 13:30:00+00:00,0.0,0.0,0.0
2024-06-17 14:30:00+00:00,0.0,0.0,0.0
2024-06-17 15:30:00+00:00,0.0,0.0,0.0
2024-06-17 16:30:00+00:00,0.0,0.0,0.0
2024-06-17 17:30:00+00:00,0.0,0.0,0.0
2024-06-17 18:30:00+00:00,0.0,0.0,0.0
2024-06-17 19:30:00+00:00,0.0,0.0,0.0
2024-06-17 20:30:00+00:00,0.0,0.0,0.0
2024-06-17 21:30:00+00:00,0.0,0.0,0.0
2024-06-17 22:30:00+00:00,0.0,0.0,0.0
2024-06-17 23:30:00+00:00,2.9751292922955392,3.075,2.918590393662453
2024-06-18 00:30:00+00:00,2.9544916694687906,3.075,2.9213844358921053
2024-06-18 01:30:00+00:00,2.9156076503565105,3.075,2.924177032709122
2024-06-18 02:30:00+00:00,2.841838998784366,3.075,2.918719556927681
2024-06-18 03:30:00+00:00,0.0,0.0,0.0
2024-06-18 04:30:00+00:00,0.0,0.0,0.0
2024-06-18 05:30:00+00:00,0.0,0.0,0.0
2024-06-18 06:30:00+00:00,0.0,0.0,0.0
2024-06-18 07:30:00+00:00,0.0,0.0,0.0
2024-06-18 08:30:00+00:00,0.0,0.0,0.0
2024-06-18 09:30:00+00:00,0.0,0.0,0.0
2024-06-18 10:30:00+00:00,0.0,0.0,0.0
2024-06-18 11:30:00+00:00,0.0,0.0,0.0
2024-06-18 12:30:00+00:00,0.0,0.0,0.0
2024-06-18 13:30:00+00:00,0.0,0.0,0.0
2024-06-18 14:30:00+00:00,0.0,0.0,0.0
2024-06-18 15:30:00+00:00,0.0,0.0,0.0
2024-06-18 16:30:00+00:00,0.0,0.0,0.0
2024-06-18 17:30:00+00:00,0.0,0.0,0.0
2024-06-18 18:30:00+00:00,0.0,0.0,0.0
2024-06-18 19:30:00+00:00,0.0,0.0,0.0
2024-06-18 20:30:00+00:00,0.0,0.0,0.0
2024-06-18 21:30:00+00:00,0.0,0.0,0.0
2024-06-18 22:30:00+00:00,0.0,0.0,0.0
2024-06-18 23:30:00+00:00,2.9462345635375993,3.075,2.913479667901993
2024-06-19 00:30:00+00:00,2.943788081734739,3.075,2.9259760797023775
2024-06-19 01:30:00+00:00,3.0842795913052257,3.075,2.9163177579641344
2024-06-19 02:30:00+00:00,0.0,0.0,0.0
2024-06-19 03:30:00+00:00,0.0,0.0,0.0
2024-06-19 04:30:00+00:00,0.0,0.0,0.0
2024-06-19 05:30:00+00:00,0.0,0.0,0.0
2024-06-19 06:30:00+00:00,0.0,0.0,0.0
2024-06-19 07:30:00+00:00,0.0,0.0,0.0
2024-06-19 08:30:00+00:00,0.0,0.0,0.0
2024-06-19 09:30:00+00:00,0.0,0.0,0.0
2024-06-19 10:30:00+00:00,0.0,0.0,0.0
2024-06-19 11:30:00+00:00,0.0,0.0,0.0
2024-06-19 12:30:00+00:00,0.0,0.0,0.0
2024-06-19 13:30:00+00:00,0.0,0.0,0.0
2024-06-19 14:30:00+00:00,0.0,0.0,0.0
2024-06-19 15:30:00+00:00,0.0,0.0,0.0
2024-06-19 16:30:00+00:00,0.0,0.0,0.0
2024-06-19 17:30:00+00:00,0.0,0.0,0.0
2024-06-19 18:30:00+00:00,0.0,0.0,0.0
2024-06-19 19:30:00+00:00,0.0,0.0,0.0
2024-06-19 20:30:00+00:00,0.0,0.0,0.0
2024-06-19 21:30:00+00:00,0.0,0.0,0.0
2024-06-19 22:30:00+00:00,0.0,0.0,0.0
2024-06-19 23:30:00+00:00,0.0,0.0,0.0
2024-06-20 00:30:00+00:00,0.0,0.0,0.0
2024-06-20 01:30:00+00:00,0.0,0.0,0.0065581314265728
2024-06-20 02:30:00+00:00,0.0,0.0,0.0
2024-06-20 03:30:00+00:00,0.0,0.0,0.0
2024-06-20 04:30:00+00:00,0.0,0.0,0.0
2024-06-20 05:30:00+00:00,0.0,0.0,0.0
2024-06-20 06:30:00+00:00,0.0,0.0,0.0
2024-06-20 07:30:00+00:00,0.0,0.0,0.0
2024-06-20 08:30:00+00:00,0.0,0.0,0.0
2024-06-20 09:30:00+00:00,0.0,0.0,0.0
2024-06-20 10:30:00+00:00,0.0,0.0,0.0
2024-06-20 11:30:00+00:00,0.0,0.0,0.0
2024-06-20 12:30:00+00:00,0.0,0.0,0.0
2024-06-20 13:30:00+00:00,0.0,0.0,0.0
2024-06-20 14:30:00+00:00,0.0,0.0,0.0
2024-06-20 15:30:00+00:00,0.0,0.0,0.0
2024-06-20 16:30:00+00:00,0.0,0.0,0.0
2024-06-20 17:30:00+00:00,0.0,0.0,0.0
2024-06-20 18:30:00+00:00,0.0,0.0,0.0
2024-06-20 19:30:00+00:00,0.0,0.0,0.0
2024-06-20 20:30:00+00:00,0.0,0.0,0.0
2024-06-20 21:30:00+00:00,0.0,0.0,0.00028197834035381675
2024-06-20 22:30:00+00:00,0.0,0.0,0.00028197834035381675
2024-06-20 23:30:00+00:00,3.0001549113369617,3.075,2.9189310491085054
2024-06-21 00:30:00+00:00,0.0,0.0,5.1395119953667745e-05
2024-06-21 01:30:00+00:00,0.0,0.0,0.0
2024-06-21 02:30:00+00:00,0.0,0.0,0.0
2024-06-21 03:30:00+00:00,0.0,0.0,0.0
2024-06-21 04:30:00+00:00,0.0,0.0,0.0
2024-06-21 05:30:00+00:00,0.0,0.0,0.0
2024-06-21 06:30:00+00:00,0.0,0.0,0.0
2024-06-21 07:30:00+00:00,0.0,0.0,0.0
2024-06-21 08:30:00+00:00,0.0,0.0,0.0
2024-06-21 09:30:00+00:00,0.0,0.0,0.0
2024-06-21 10:30:00+00:00,0.0,0.0,0.0
2024-06-21 11:30:00+00:00,0.0,0.0,0.0
2024-06-21 12:30:00+00:00,0.0,0.0,0.0
2024-06-21 13:30:00+00:00,0.0,0.0,0.0
2024-06-21 14:30:00+00:00,0.0,0.0,0.0
2024-06-21 15:30:00+00:00,0.0,0.0,0.0
2024-06-21 16:30:00+00:00,0.0,0.0,0.0
2024-06-21 17:30:00+00:00,0.0,0.0,0.0
2024-06-21 18:30:00+00:00,0.0,0.0,0.0
2024-06-21 19:30:00+00:00,0.0,0.0,0.0
2024-06-21 20:30:00+00:00,0.0,0.0,0.0
2024-06-21 21:30:00+00:00,0.0,0.0,0.0
2024-06-21 22:30:00+00:00,0.0,0.0,0.0
2024-06-21 23:30:00+00:00,2.9309711487607957,3.075,2.922076952457428
2024-06-22 00:30:00+00:00,2.9320619299756445,3.075,2.9202662080526354
2024-06-22 01:30:00+00:00,2.9823449021230264,3.075,2.9205155789852144
2024-06-22 02:30:00+00:00,2.917199127174178,3.075,2.920562666654587
2024-06-22 03:30:00+00:00,2.891056757374181,3.075,2.9176639288663866
2024-06-22 04:30:00+00:00,2.898984607650381,3.075,2.9207299619913103
2024-06-22 05:30:00+00:00,2.8716853558419473,3.062301582,2.930194309255821
2024-06-22 06:30:00+00:00,2.854797517508911,3.073646256,2.9239807066025314
2024-06-22 07:30:00+00:00,2.8990048243099085,3.073646256,2.904350557595688
2024-06-22 08:30:00+00:00,2.6775958690078565,3.047614164,2.8482162424378052
2024-06-22 09:30:00+00:00,2.8246965660734293,3.07094632,2.8588999351885986
2024-06-22 10:30:00+00:00,2.8168726725837727,3.075,2.8392379701137545
2024-06-22 11:30:00+00:00,2.8081055071492704,3.075,2.8358695030212404
2024-06-22 12:30:00+00:00,2.804110056600253,3.075,2.8373536586761476
2024-06-22 13:30:00+00:00,2.8076000739312286,3.075,2.8385672986507418
2024-06-22 14:30:00+00:00,2.777049707473478,3.075,2.834635239839554
2024-06-22 15:30:00+00:00,0.0,0.0,0.0
2024-06-22 16:30:00+00:00,0.0,0.0,0.0
2024-06-22 17:30:00+00:00,0.0,0.0,0.0
2024-06-22 18:30:00+00:00,0.0,0.0,0.0
2024-06-22 19:30:00+00:00,3.0079221394513813,3.075,2.920941334962845
2024-06-22 20:30:00+00:00,2.9698639482092877,3.075,2.9211132645606996
2024-06-22 21:30:00+00:00,2.9621833739873153,3.075,2.9205300480127336
2024-06-22 22:30:00+00:00,2.9957896385258143,3.075,2.921028506755829
2024-06-22 23:30:00+00:00,2.9399694756230588,3.075,2.9217539846897127
2024-06-23 00:30:00+00:00,3.0502146102340935,3.075,2.91372464299202
2024-06-23 01:30:00+00:00,2.8273759225924007,3.075,2.918370646238327
2024-06-23 02:30:00+00:00,2.8952895835524486,3.075,2.9196975946426393
2024-06-23 03:30:00+00:00,2.9681016877868363,3.075,2.9222099602222444
2024-06-23 04:30:00+00:00,2.8860123708224545,3.075,2.921122145652771
2024-06-23 05:30:00+00:00,2.9013041476986574,3.075,2.920764979720116
2024-06-23 06:30:00+00:00,2.979186395529767,3.075,2.922351357340813
2024-06-23 07:30:00+00:00,2.853916303038255,3.075,2.89642274081707
2024-06-23 08:30:00+00:00,2.8882046587428767,3.075,2.875927430391312
2024-06-23 09:30:00+00:00,2.7855251446404266,3.074135208,2.8565692840707855
2024-06-23 10:30:00+00:00,2.87121169494451,3.075,2.852497485280037
2024-06-23 11:30:00+00:00,2.915257807011979,3.075,2.832118791341782
2024-06-23 12:30:00+00:00,2.76895754060902,3.075,2.8453807502985002
2024-06-23 13:30:00+00:00,2.845802602997011,3.074458596,2.83418640185289
2024-06-23 14:30:00+00:00,0.07433066296678931,0.08040000000000001,0.06970377978831531
2024-06-23 15:30:00+00:00,0.0,0.0,0.0
2024-06-23 16:30:00+00:00,0.0,0.0,0.0
2024-06-23 17:30:00+00:00,0.0,0.0,2.044016946456395e-05
2024-06-23 18:30:00+00:00,0.0,0.0,0.0
2024-06-23 19:30:00+00:00,0.0,0.0,0.0
2024-06-23 20:30:00+00:00,2.8443940577801015,3.075,2.9189275324344637
2024-06-23 21:30:00+00:00,0.0,0.0,0.0
2024-06-23 22:30:00+00:00,0.0,0.0,0.0
2024-06-23 23:30:00+00:00,0.0,0.0,0.0
2024-06-24 00:30:00+00:00,0.0,0.0,0.0
2024-06-24 01:30:00+00:00,0.0,0.0,0.0005826238193549216
2024-06-24 02:30:00+00:00,2.8791458954884233,3.075,2.923766252398491
2024-06-24 03:30:00+00:00,2.879542471293026,3.075,2.9193686664104463
2024-06-24 04:30:00+00:00,3.00766416301034,3.075,2.930310916900635
2024-06-24 05:30:00+00:00,2.657812705448461,2.756186672,2.628973253516266
2024-06-24 06:30:00+00:00,2.5733133363301337,2.612793544,2.4862415582593385
2024-06-24 07:30:00+00:00,2.7308243756852932,2.95040754,2.779090692794838
2024-06-24 08:30:00+00:00,2.74374900827531,3.001836596,2.809314249026581
2024-06-24 09:30:00+00:00,2.794094286027166,3.075,2.8528224349021913
2024-06-24 10:30:00+00:00,2.0181793727382984,2.1829606360000002,2.022789142112099
2024-06-24 11:30:00+00:00,2.8359612340680234,3.063744214,2.840570699991478
2024-06-24 12:30:00+00:00,2.863581094155178,3.075,2.840383780002594
2024-06-24 13:30:00+00:00,0.0,0.0,3.982658017775975e-05
2024-06-24 14:30:00+00:00,0.0,0.0,0.0
2024-06-24 15:30:00+00:00,0.0,0.0,0.0
2024-06-24 16:30:00+00:00,0.0,0.0,0.0
2024-06-24 17:30:00+00:00,0.0,0.0,0.0
2024-06-24 18:30:00+00:00,0.0,0.0,0.0
2024-06-24 19:30:00+00:00,2.906258095399499,3.075,2.920276489853859
2024-06-24 20:30:00+00:00,2.9301401305591668,3.075,2.9200395315885546
2024-06-24 21:30:00+00:00,2.851602513427038,3.075,2.920463335514069
2024-06-24 22:30:00+00:00,3.011755133669327,3.075,2.921476510167122
2024-06-24 23:30:00+00:00,2.874328031108549,3.075,2.9210320830345156
2024-06-25 00:30:00+00:00,2.924132019777049,3.075,2.924879875779152
2024-06-25 01:30:00+00:00,2.8932992268498534,3.075,2.926822316646576
2024-06-25 02:30:00+00:00,2.9461290065166468,3.075,2.9272232323884966
2024-06-25 03:30:00+00:00,2.274840475650894,2.3759326,2.2659380544210435
2024-06-25 04:30:00+00:00,2.856849478030265,3.066539424,2.920341449318146
2024-06-25 05:30:00+00:00,2.967330743097168,3.075,2.936325427889824
2024-06-25 06:30:00+00:00,2.9526464605018568,3.073952396,2.931172464573952
2024-06-25 07:30:00+00:00,2.9122722700142374,3.075,2.894885239005089
2024-06-25 08:30:00+00:00,2.9642249906397673,3.075,2.8717927753925325
2024-06-25 09:30:00+00:00,2.8725410520414942,3.075,2.856382665038109
2024-06-25 10:30:00+00:00,2.854101251007069,3.075,2.844575119018555
2024-06-25 11:30:00+00:00,2.789918887497412,3.075,2.835656014084816
2024-06-25 12:30:00+00:00,2.861403663921695,3.075,2.836638715863228
2024-06-25 13:30:00+00:00,2.9283009083692972,3.054388538,2.81288665532769
2024-06-25 14:30:00+00:00,2.83943393690997,3.075,2.8448585689067842
2024-06-25 15:30:00+00:00,2.885320004396113,3.075,2.8646238118410112
2024-06-25 16:30:00+00:00,2.94810332716778,3.075,2.880854380130768
2024-06-25 17:30:00+00:00,2.877508814732456,3.075,2.894822058081627
2024-06-25 18:30:00+00:00,2.898989505558145,3.075,2.914114472270012
2024-06-25 19:30:00+00:00,2.8837165257920723,3.075,2.921455365419388
2024-06-25 20:30:00+00:00,2.898053824684006,3.075,2.91223084628582
2024-06-25 21:30:00+00:00,2.862608840628498,3.0606472140000003,2.901530767028107
2024-06-25 22:30:00+00:00,2.9006360072248407,3.075,2.921210241317749
2024-06-25 23:30:00+00:00,2.796853992752052,3.075,2.921240282058716
2024-06-26 00:30:00+00:00,2.830667116241333,3.075,2.9201043218374254
2024-06-26 01:30:00+00:00,2.9066575788706257,3.075,2.9200724333524706
2024-06-26 02:30:00+00:00,3.0274093370592197,3.075,2.9248794287443163
2024-06-26 03:30:00+00:00,2.6075022302156623,2.8572357599999996,2.718740329649696
2024-06-26 04:30:00+00:00,1.426258685309927,1.4929317020000001,1.4124066390217325
2024-06-26 05:30:00+00:00,2.8721714911561818,3.063744214,2.9265103010552065
2024-06-26 06:30:00+00:00,0.7200030089322923,0.765511296,0.7266219251413307
2024-06-26 07:30:00+00:00,2.3308737995085766,2.4676528,2.332417699015427
2024-06-26 08:30:00+00:00,0.9438503373105378,0.9992000000000001,0.9321318404197694
2024-06-26 09:30:00+00:00,0.30160131321478906,0.3223334056,0.29949600143830835
2024-06-26 10:30:00+00:00,0.8350899813707512,0.8541953279999999,0.787028798404148
2024-06-26 11:30:00+00:00,1.2516283742555232,1.3253356522,1.2246068349158927
2024-06-26 12:30:00+00:00,0.0,0.0,0.0
2024-06-26 13:30:00+00:00,0.5705384722919051,0.6201377239999999,0.5734783549783458
2024-06-26 14:30:00+00:00,2.250921192165168,2.4676528,2.2848935746315004
2024-06-26 15:30:00+00:00,0.0,0.0,0.004758754745125771
2024-06-26 16:30:00+00:00,2.833179149515515,3.075,2.883106303215027
2024-06-26 17:30:00+00:00,2.9114325894051283,3.075,2.9019054740667345
2024-06-26 18:30:00+00:00,2.9434463097483947,3.075,2.9208745628595354
2024-06-26 19:30:00+00:00,2.918058493164598,3.075,2.918401074409485
2024-06-26 20:30:00+00:00,2.876113511628603,3.075,2.9280521392822267
2024-06-26 21:30:00+00:00,2.9356559997040117,3.075,2.9258757799863817
2024-06-26 22:30:00+00:00,2.898804408282563,3.075,2.919259560108185
2024-06-26 23:30:00+00:00,2.8753923880299803,3.075,2.9211304157972338
2024-06-27 00:30:00+00:00,2.887742024436637,3.075,2.926156920194626
2024-06-27 01:30:00+00:00,2.8690096544849357,2.9781432,2.8460627195436476
2024-06-27 02:30:00+00:00,1.9405641475718032,2.0222803240000005,1.9346182753621335
2024-06-27 03:30:00+00:00,0.05664985829823565,0.06037336400000001,0.05745075757836546
2024-06-27 04:30:00+00:00,0.2870500619366648,0.3012995200000001,0.2885505102343155
2024-06-27 05:30:00+00:00,2.3057972582624378,2.3879776,2.278959683976269
2024-06-27 06:30:00+00:00,2.9185186993645007,3.075,2.9236150801181795
2024-06-27 07:30:00+00:00,2.8495371116922645,3.075,2.887962993979454
2024-06-27 08:30:00+00:00,2.8053735109543783,3.0602326719999997,2.862617778682777
2024-06-27 09:30:00+00:00,2.788317285308354,3.06960088,2.845162540528183
2024-06-27 10:30:00+00:00,2.692582513381567,2.9159996399999994,2.688238222372665
2024-06-27 11:30:00+00:00,2.8086492130096468,3.075,2.824370485544205
2024-06-27 12:30:00+00:00,2.761055633895895,3.075,2.842284467816353
2024-06-27 13:30:00+00:00,2.8714044036835125,3.075,2.8307612210512163
2024-06-27 14:30:00+00:00,2.781239987649161,3.075,2.843863305449486
2024-06-27 15:30:00+00:00,2.813092441362301,3.075,2.8579516381025316
2024-06-27 16:30:00+00:00,2.8319466049529334,3.075,2.8749384701251985
2024-06-27 17:30:00+00:00,3.0012568485321656,3.075,2.8955474317073824
2024-06-27 18:30:00+00:00,2.9550348854477297,3.075,2.9193127274513246
2024-06-27 19:30:00+00:00,2.9591671113041955,3.075,2.9193127274513246
2024-06-27 20:30:00+00:00,2.83371899939939,3.075,2.9208069860935213
2024-06-27 21:30:00+00:00,2.9756261886294104,3.075,2.9210081070661547
2024-06-27 22:30:00+00:00,2.986829085181557,3.075,2.9114227861166
2024-06-27 23:30:00+00:00,0.0,0.0,0.0
2024-06-28 00:30:00+00:00,2.94423528017568,3.075,2.9260236591100695
2024-06-28 01:30:00+00:00,2.8964558723127416,3.075,2.934307587146759
2024-06-28 02:30:00+00:00,2.8083267201965096,3.075,2.921812427043915
2024-06-28 03:30:00+00:00,0.0,0.0,5.375342516344972e-05
2024-06-28 04:30:00+00:00,0.0,0.0,5.375342516344972e-05
2024-06-28 05:30:00+00:00,0.0,0.0,0.0
2024-06-28 06:30:00+00:00,0.0,0.0,0.0
2024-06-28 07:30:00+00:00,0.0,0.0,0.0
2024-06-28 08:30:00+00:00,2.906956299962053,3.075,2.8685341000556948
2024-06-28 09:30:00+00:00,2.842736554852435,3.075,2.855971884727478
2024-06-28 10:30:00+00:00,0.0,0.0,0.0
2024-06-28 11:30:00+00:00,2.6958709993794687,3.075,2.830230486392975
2024-06-28 12:30:00+00:00,2.8628933253150355,3.075,2.824637097120285
2024-06-28 13:30:00+00:00,0.0,0.0,0.0
2024-06-28 14:30:00+00:00,0.0,0.0,0.0
2024-06-28 15:30:00+00:00,0.0,0.0,0.001649202429689467
2024-06-28 16:30:00+00:00,2.875942215928739,3.075,2.873817202448845
2024-06-28 17:30:00+00:00,0.0,0.0,9.820741252042353e-05
2024-06-28 18:30:00+00:00,0.0,0.0,3.7359710404416546e-05
2024-06-28 19:30:00+00:00,2.962955075113643,3.075,2.9007729411125185
2024-06-28 20:30:00+00:00,2.8681877250273837,3.075,2.916460943222046
2024-06-28 21:30:00+00:00,2.84729413772841,3.075,2.9126029878854753
2024-06-28 22:30:00+00:00,2.831562259578012,3.075,2.920204830169678
2024-06-28 23:30:00+00:00,3.0075617907312635,3.075,2.9113713622093202
2024-06-29 00:30:00+00:00,2.9039881045609484,3.075,2.915101569890976
2024-06-29 01:30:00+00:00,2.9898122798343616,3.075,2.928475719690323
2024-06-29 02:30:00+00:00,2.9394237959010625,3.075,2.9214043587446215
2024-06-29 03:30:00+00:00,2.935611848345255,3.075,2.928856310248375
2024-06-29 04:30:00+00:00,2.9039185820873703,3.075,2.928212729096413
2024-06-29 05:30:00+00:00,2.8916993067269643,3.075,2.928212729096413
2024-06-29 06:30:00+00:00,2.9583765058967484,3.075,2.9037961781024935
2024-06-29 07:30:00+00:00,2.8224771231552634,3.075,2.8995766013860704
2024-06-29 08:30:00+00:00,2.7931138430323665,3.075,2.874790978431702
2024-06-29 09:30:00+00:00,2.844553806549136,3.075,2.854046893119812
2024-06-29 10:30:00+00:00,2.735257083374086,3.075,2.8390572488307955
2024-06-29 11:30:00+00:00,2.8370117038285647,3.075,2.8322754323482515
2024-06-29 12:30:00+00:00,2.9428025563754234,3.075,2.8294050216674806
2024-06-29 13:30:00+00:00,2.8888280821425165,3.075,2.8256789565086367
2024-06-29 14:30:00+00:00,2.8686647414356905,3.075,2.8399587094783785
2024-06-29 15:30:00+00:00,2.799420366886651,3.075,2.859451186656952
2024-06-29 16:30:00+00:00,2.935485277827329,3.075,2.8763718575239183
2024-06-29 17:30:00+00:00,2.9011317568939683,3.075,2.899759736657143
2024-06-29 18:30:00+00:00,2.768803844173333,3.075,2.9205996662378313
2024-06-29 19:30:00+00:00,2.9069787178135225,3.075,2.9203873842954637
2024-06-29 20:30:00+00:00,2.8223693334661966,3.075,2.9203873842954637
2024-06-29 21:30:00+00:00,2.994950623170689,3.075,2.921611961722374
2024-06-29 22:30:00+00:00,3.0455861531984896,3.075,2.920598787069321
2024-06-29 23:30:00+00:00,3.020208353762378,3.075,2.9203873842954637
2024-06-30 00:30:00+00:00,2.854614603519218,3.075,2.932866242527962
2024-06-30 01:30:00+00:00,2.9355846338553264,3.075,2.920357179641724
2024-06-30 02:30:00+00:00,2.9414148548278116,3.075,2.925289821624756
2024-06-30 03:30:00+00:00,2.8103568380176935,3.06960088,2.9167077241867827
2024-06-30 04:30:00+00:00,2.8543204862187013,3.075,2.9238683104515077
2024-06-30 05:30:00+00:00,2.8925706373693747,3.075,2.9275844514369966
2024-06-30 06:30:00+00:00,0.0,0.0,0.00021902656590100378
2024-06-30 07:30:00+00:00,2.9067983467575296,3.075,2.8957206875085832
2024-06-30 08:30:00+00:00,0.0,0.0,0.0
2024-06-30 09:30:00+00:00,0.0,0.0,0.0
2024-06-30 10:30:00+00:00,2.8883589216972108,3.075,2.832657140493393
2024-06-30 11:30:00+00:00,0.0,0.0,0.00019699623226188123
2024-06-30 12:30:00+00:00,2.83060713632928,3.075,2.829693865776062
2024-06-30 13:30:00+00:00,2.771450677189057,3.075,2.8272378712892534
2024-06-30 14:30:00+00:00,2.7652052815570727,3.075,2.8440978646278383
2024-06-30 15:30:00+00:00,2.6801728244901843,3.075,2.8568310111761095
2024-06-30 16:30:00+00:00,2.733637301849256,3.075,2.8745099127292635
2024-06-30 17:30:00+00:00,2.818811359422232,3.0661104,2.8994153416542052
2024-06-30 18:30:00+00:00,3.012760430331872,3.075,2.915813383460045
2024-06-30 19:30:00+00:00,2.833182400319079,3.075,2.9144780308008196
2024-06-30 20:30:00+00:00,2.64014219704722,2.8943398800000004,2.7513442691668324
2024-06-30 21:30:00+00:00,2.9006113454553297,3.062301582,2.924110239646179
2024-06-30 22:30:00+00:00,0.7052004096711652,0.716737392,0.677935084900896
2024-06-30 23:30:00+00:00,1.6140353771298668,1.7064028000000004,1.6115120341542248
2024-07-01 00:30:00+00:00,0.206547096308598,0.22158984200000006,0.21044184931456286
2024-07-01 01:30:00+00:00,0.0,0.0,0.0005639443988911808
2024-07-01 02:30:00+00:00,0.179834121291939,0.18769752800000003,0.17795881449711612
2024-07-01 03:30:00+00:00,2.321566885976753,2.4398902,2.333463297884655
2024-07-01 04:30:00+00:00,2.750325714806263,2.9760166800000003,2.8563675454236797
2024-07-01 05:30:00+00:00,2.886569398368517,3.069178512,2.9212855302323457
2024-07-01 06:30:00+00:00,2.830654178388847,3.075,2.9323610931634905
2024-07-01 07:30:00+00:00,2.817767222270856,3.061268324,2.8695881757560957
2024-07-01 08:30:00+00:00,2.8870442654508315,3.075,2.8676860600709917
2024-07-01 09:30:00+00:00,2.80436005527495,3.075,2.8734990775585176
2024-07-01 10:30:00+00:00,2.690107821867173,3.0092513160000003,2.78760782342054
2024-07-01 11:30:00+00:00,0.24665294163212215,0.2686823300000001,0.24829467487593182
2024-07-01 12:30:00+00:00,2.211855379995042,2.4398902,2.2463483900835035
2024-07-01 13:30:00+00:00,1.8764789210421562,1.9722875439999996,1.8196585410712658
2024-07-01 14:30:00+00:00,2.843958548077318,3.04867957,2.8149390316413117
2024-07-01 15:30:00+00:00,2.8650893265186013,3.075,2.862325277924538
2024-07-01 16:30:00+00:00,2.9380408349354807,3.075,2.8819047778844835
2024-07-01 17:30:00+00:00,2.889282467050022,3.075,2.8978966891765596
2024-07-01 18:30:00+00:00,2.816930381138534,3.075,2.9176166325807573
2024-07-01 19:30:00+00:00,0.0,0.0,0.0037785631138831377
2024-07-01 20:30:00+00:00,0.0,0.0,0.0
2024-07-01 21:30:00+00:00,0.0,0.0,0.0
2024-07-01 22:30:00+00:00,0.0,0.0,0.0
2024-07-01 23:30:00+00:00,0.0,0.0,0.0
2024-07-02 00:30:00+00:00,0.0,0.0,0.0
2024-07-02 01:30:00+00:00,0.0,0.0,0.0
2024-07-02 02:30:00+00:00,0.0,0.0,0.0
2024-07-02 03:30:00+00:00,0.0,0.0,0.0
2024-07-02 04:30:00+00:00,0.0,0.0,0.0
2024-07-02 05:30:00+00:00,0.0,0.0,0.0
2024-07-02 06:30:00+00:00,0.0,0.0,0.0
2024-07-02 07:30:00+00:00,0.0,0.0,0.0
2024-07-02 08:30:00+00:00,0.0,0.0,0.0
2024-07-02 09:30:00+00:00,0.0,0.0,0.0
2024-07-02 10:30:00+00:00,0.0,0.0,0.0
2024-07-02 11:30:00+00:00,0.0,0.0,0.0
2024-07-02 12:30:00+00:00,0.0,0.0,0.0
2024-07-02 13:30:00+00:00,0.0,0.0,0.0
2024-07-02 14:30:00+00:00,0.0,0.0,0.0
2024-07-02 15:30:00+00:00,0.0,0.0,0.00017944874707609415
2024-07-02 16:30:00+00:00,0.0,0.0,0.0
2024-07-02 17:30:00+00:00,0.0,0.0,0.0
2024-07-02 18:30:00+00:00,0.0,0.0,0.00028197834035381675
2024-07-02 19:30:00+00:00,0.0,0.0,0.0
2024-07-02 20:30:00+00:00,0.0,0.0,0.0
2024-07-02 21:30:00+00:00,0.0,0.0,0.0015894327079877257
2024-07-02 22:30:00+00:00,0.0,0.0,3.718856896739453e-05
2024-07-02 23:30:00+00:00,0.0,0.0,0.0
2024-07-03 00:30:00+00:00,2.9582829283246976,3.075,2.9254299819469454
2024-07-03 01:30:00+00:00,0.0,0.0,0.0005524561274796724
2024-07-03 02:30:00+00:00,0.0,0.0,0.0
2024-07-03 03:30:00+00:00,0.0,0.0,0.0
2024-07-03 04:30:00+00:00,0.0,0.0,0.0
2024-07-03 05:30:00+00:00,0.0,0.0,0.0
2024-07-03 06:30:00+00:00,0.0,0.0,0.0
2024-07-03 07:30:00+00:00,0.0,0.0,0.0
2024-07-03 08:30:00+00:00,0.0,0.0,0.0
2024-07-03 09:30:00+00:00,0.0,0.0,0.0
2024-07-03 10:30:00+00:00,0.0,0.0,0.0
2024-07-03 11:30:00+00:00,0.0,0.0,0.0
2024-07-03 12:30:00+00:00,0.0,0.0,0.0
2024-07-03 13:30:00+00:00,0.0,0.0,1.6759544450906105e-05
2024-07-03 14:30:00+00:00,0.0,0.0,0.0
2024-07-03 15:30:00+00:00,0.0,0.0,0.0
2024-07-03 16:30:00+00:00,0.0,0.0,0.0
2024-07-03 17:30:00+00:00,0.0,0.0,0.0
2024-07-03 18:30:00+00:00,0.0,0.0,0.0
2024-07-03 19:30:00+00:00,0.0,0.0,0.0
2024-07-03 20:30:00+00:00,0.0,0.0,0.0
2024-07-03 21:30:00+00:00,2.9543605440277108,3.075,2.919728782773018
2024-07-03 22:30:00+00:00,2.8274896872478967,3.075,2.919571724534035
2024-07-03 23:30:00+00:00,2.887079451703064,3.075,2.9200635969638826
2024-07-04 00:30:00+00:00,2.8299724725581386,3.075,2.923648235201836
2024-07-04 01:30:00+00:00,2.9233553603719007,3.075,2.9209994196891786
2024-07-04 02:30:00+00:00,2.923600732702999,3.075,2.921492812037468
2024-07-04 03:30:00+00:00,3.086944061664006,3.075,2.9152237445116045
2024-07-04 04:30:00+00:00,3.0389428659567717,3.075,2.9188462018966677
2024-07-04 05:30:00+00:00,2.892927831738624,3.075,2.9201343178749086
2024-07-04 06:30:00+00:00,2.9094786315405003,3.075,2.9164581269025804
2024-07-04 07:30:00+00:00,0.0,0.0,0.0
2024-07-04 08:30:00+00:00,0.0,0.0,0.0
2024-07-04 09:30:00+00:00,0.0,0.0,0.0
2024-07-04 10:30:00+00:00,0.0,0.0,0.0
2024-07-04 11:30:00+00:00,0.0,0.0,0.0
2024-07-04 12:30:00+00:00,2.9821349168410056,3.075,2.8318989247083666
2024-07-04 13:30:00+00:00,0.0,0.0,0.0
2024-07-04 14:30:00+00:00,0.0,0.0,0.0
2024-07-04 15:30:00+00:00,2.8245840875336343,3.075,2.859656882286072
2024-07-04 16:30:00+00:00,2.8321833562921808,3.075,2.877198350429535
2024-07-04 17:30:00+00:00,2.840744879834488,3.075,2.887853440642357
2024-07-04 18:30:00+00:00,2.897812647592356,3.075,2.922783833742142
2024-07-04 19:30:00+00:00,2.942537961721015,3.075,2.919545990228653
2024-07-04 20:30:00+00:00,2.8852179201770842,3.075,2.912105855345726
2024-07-04 21:30:00+00:00,2.9836360878760364,3.075,2.923244071006775
2024-07-04 22:30:00+00:00,2.84003408429973,3.075,2.922226604819298
2024-07-04 23:30:00+00:00,2.9632194005473593,3.075,2.9223710715770723
2024-07-05 00:30:00+00:00,2.8098253617967326,3.075,2.92361721098423
2024-07-05 01:30:00+00:00,2.9365647475950225,3.075,2.924059030413628
2024-07-05 02:30:00+00:00,2.890830058250107,3.075,2.9295804768800737
2024-07-05 03:30:00+00:00,2.913516199348126,3.075,2.9223826795816423
2024-07-05 04:30:00+00:00,3.0320162911244246,3.075,2.924969819188118
2024-07-05 05:30:00+00:00,2.8882631271225514,3.075,2.9238086611032488
2024-07-05 06:30:00+00:00,2.968554289215244,3.075,2.925273981690407
2024-07-05 07:30:00+00:00,2.9047642693462943,3.075,2.8921602040529253
2024-07-05 08:30:00+00:00,0.0,0.0,0.0
2024-07-05 09:30:00+00:00,2.9193209379501566,3.075,2.8522337645292284
2024-07-05 10:30:00+00:00,0.0,0.0,0.0
2024-07-05 11:30:00+00:00,0.0,0.0,0.0
2024-07-05 12:30:00+00:00,0.0,0.0,0.0
2024-07-05 13:30:00+00:00,0.0,0.0,0.0
2024-07-05 14:30:00+00:00,0.0,0.0,0.0
2024-07-05 15:30:00+00:00,2.794548640517029,3.075,2.8631937325000765
2024-07-05 16:30:00+00:00,2.8317028378410836,3.075,2.881426227092743
2024-07-05 17:30:00+00:00,2.94009506548713,3.075,2.903940749168396
2024-07-05 18:30:00+00:00,2.8791353172172744,3.075,2.921683979034424
2024-07-05 19:30:00+00:00,0.0,0.0,0.0
2024-07-05 20:30:00+00:00,0.0,0.0,0.0
2024-07-05 21:30:00+00:00,0.0,0.0,0.0
2024-07-05 22:30:00+00:00,0.0,0.0,3.718856896739453e-05
2024-07-05 23:30:00+00:00,0.0,0.0,0.0
2024-07-06 00:30:00+00:00,2.9431164934120453,3.075,2.925008472800255
2024-07-06 01:30:00+00:00,2.9392926991810024,3.075,2.9202465236186983
2024-07-06 02:30:00+00:00,0.0,0.0,0.0
2024-07-06 03:30:00+00:00,0.0,0.0,0.0
2024-07-06 04:30:00+00:00,0.0,0.0,0.0
2024-07-06 05:30:00+00:00,0.0,0.0,0.0
2024-07-06 06:30:00+00:00,0.0,0.0,0.0
2024-07-06 07:30:00+00:00,0.0,0.0,0.0
2024-07-06 08:30:00+00:00,0.0,0.0,0.0
2024-07-06 09:30:00+00:00,0.0,0.0,0.0
2024-07-06 10:30:00+00:00,0.0,0.0,0.0
2024-07-06 11:30:00+00:00,0.0,0.0,0.0
2024-07-06 12:30:00+00:00,0.0,0.0,0.0
2024-07-06 13:30:00+00:00,0.0,0.0,0.0
2024-07-06 14:30:00+00:00,0.0,0.0,0.0
2024-07-06 15:30:00+00:00,0.0,0.0,0.0
2024-07-06 16:30:00+00:00,0.0,0.0,0.0
2024-07-06 17:30:00+00:00,0.0,0.0,0.0
2024-07-06 18:30:00+00:00,0.0,0.0,0.0
2024-07-06 19:30:00+00:00,0.0,0.0,0.0
2024-07-06 20:30:00+00:00,0.0,0.0,0.0
2024-07-06 21:30:00+00:00,0.0,0.0,0.0
2024-07-06 22:30:00+00:00,0.0,0.0,0.0017694646958261728
2024-07-06 23:30:00+00:00,0.0,0.0,0.00021722057135775685
2024-07-07 00:30:00+00:00,0.0,0.0,0.0
2024-07-07 01:30:00+00:00,0.0,0.0,0.0
2024-07-07 02:30:00+00:00,0.0,0.0,0.0
2024-07-07 03:30:00+00:00,0.0,0.0,0.0
2024-07-07 04:30:00+00:00,0.0,0.0,0.0
2024-07-07 05:30:00+00:00,0.0,0.0,0.0
2024-07-07 06:30:00+00:00,0.0,0.0,0.0
2024-07-07 07:30:00+00:00,0.0,0.0,0.0
2024-07-07 08:30:00+00:00,0.0,0.0,0.0
2024-07-07 09:30:00+00:00,0.0,0.0,0.0
2024-07-07 10:30:00+00:00,0.0,0.0,0.0
2024-07-07 11:30:00+00:00,0.0,0.0,0.0
2024-07-07 12:30:00+00:00,0.0,0.0,0.0
2024-07-07 13:30:00+00:00,0.0,0.0,1.6759544450906105e-05
2024-07-07 14:30:00+00:00,0.0,0.0,0.0
2024-07-07 15:30:00+00:00,0.0,0.0,0.0
2024-07-07 16:30:00+00:00,0.0,0.0,0.0
2024-07-07 17:30:00+00:00,0.0,0.0,0.0
2024-07-07 18:30:00+00:00,0.0,0.0,0.0
2024-07-07 19:30:00+00:00,0.0,0.0,0.0
2024-07-07 20:30:00+00:00,3.004413038197476,3.075,2.9195852994918825
2024-07-07 21:30:00+00:00,2.9626514624005766,3.075,2.9167055010795595
2024-07-07 22:30:00+00:00,2.9753496043470182,3.075,2.931323912739754
2024-07-07 23:30:00+00:00,2.8520456892846546,3.075,2.9202533930540087
2024-07-08 00:30:00+00:00,2.7429821553186176,3.06884,2.915927651491165
2024-07-08 01:30:00+00:00,2.9966418129141843,3.075,2.923755419254303
2024-07-08 02:30:00+00:00,2.921063558125087,3.0305846439999997,2.883039544741577
2024-07-08 03:30:00+00:00,2.930148173318813,3.075,2.929229107499123
2024-07-08 04:30:00+00:00,0.3472518392070525,0.3575528157999999,0.3364321055015809
2024-07-08 05:30:00+00:00,0.3704602657032723,0.39459990640000003,0.37495547090486187
2024-07-08 06:30:00+00:00,0.17688401689449754,0.18091609359999997,0.17112875574549538
2024-07-08 07:30:00+00:00,0.0,0.0,0.000713473535142839
2024-07-08 08:30:00+00:00,0.0,0.0,0.000326731416862458
2024-07-08 09:30:00+00:00,0.0,0.0,0.00024236863828264177
2024-07-08 10:30:00+00:00,0.28962706178911934,0.31336472379999997,0.29019127237635495
2024-07-08 11:30:00+00:00,1.1456830712751669,1.264037514,1.1677734124351158
2024-07-08 12:30:00+00:00,0.0731134664951304,0.08040000000000001,0.07501596971377732
2024-07-08 13:30:00+00:00,0.0,0.0,0.0
2024-07-08 14:30:00+00:00,1.477023597398464,1.6180282260000003,1.497570062678982
2024-07-08 15:30:00+00:00,2.768420589170433,3.075,2.849377062916756
2024-07-08 16:30:00+00:00,0.0,0.0,0.0
2024-07-08 17:30:00+00:00,3.022169411189375,3.075,2.902428936958313
2024-07-08 18:30:00+00:00,2.8414032907310833,3.075,2.9197391986846926
2024-07-08 19:30:00+00:00,2.8659322720131826,3.075,2.9188367396593096
2024-07-08 20:30:00+00:00,2.833328992011594,3.075,2.915739279985428
2024-07-08 21:30:00+00:00,2.927909993513867,3.075,2.917282682657242
2024-07-08 22:30:00+00:00,2.8133958669181554,3.075,2.919103515148163
2024-07-08 23:30:00+00:00,2.743311146481381,3.075,2.9227734178304674
2024-07-09 00:30:00+00:00,2.8503369415406183,3.075,2.916985642910004
2024-07-09 01:30:00+00:00,2.885473256190774,3.075,2.921443459391594
2024-07-09 02:30:00+00:00,2.876079360502868,3.075,2.9207916975021364
2024-07-09 03:30:00+00:00,2.9108852215991647,3.075,2.9199577987194063
2024-07-09 04:30:00+00:00,2.4881799837500322,2.636990388,2.500793357455719
2024-07-09 05:30:00+00:00,0.7589706285486756,0.8065359360000001,0.7674826821705208
2024-07-09 06:30:00+00:00,0.6581794099943233,0.727632768,0.6908391746827297
2024-07-09 07:30:00+00:00,0.5806439094867472,0.606448658,0.5764341188625174
2024-07-09 08:30:00+00:00,0.0,0.0,0.011245884001255035
2024-07-09 09:30:00+00:00,2.843850283076797,3.062095166,2.8636642105899965
2024-07-09 10:30:00+00:00,2.80279124819389,3.075,2.8420052349567415
2024-07-09 11:30:00+00:00,2.7696543558700326,3.023290564,2.7917588843697203
2024-07-09 12:30:00+00:00,2.906206665119091,3.072947504,2.833354981617264
2024-07-09 13:30:00+00:00,2.8276026286242835,3.075,2.833381947875023
2024-07-09 14:30:00+00:00,0.0,0.0,0.0
2024-07-09 15:30:00+00:00,0.8170222029557955,0.8795037311999999,0.8157036421387397
2024-07-09 16:30:00+00:00,2.8234649935234497,3.075,2.8829869449138643
2024-07-09 17:30:00+00:00,2.823829006395843,3.075,2.9023008167743685
2024-07-09 18:30:00+00:00,2.9728900188017766,3.075,2.926077347993851
2024-07-09 19:30:00+00:00,2.8026356592776622,3.075,2.9224018424749376
2024-07-09 20:30:00+00:00,3.0133016333442817,3.075,2.9217273712158205
2024-07-09 21:30:00+00:00,2.9649733220379875,3.075,2.914952439069748
2024-07-09 22:30:00+00:00,2.9349016627999793,3.075,2.917099100351334
2024-07-09 23:30:00+00:00,2.8779581584553173,3.075,2.9182774990797045
2024-07-10 00:30:00+00:00,1.4440069413513121,1.466617256,1.3868111889504966
2024-07-10 01:30:00+00:00,0.592285891278846,0.6539615280000001,0.6167019753721982
2024-07-10 02:30:00+00:00,0.0,0.0,0.0
2024-07-10 03:30:00+00:00,0.6346027814279785,0.6905352724,0.6544381407304787
2024-07-10 04:30:00+00:00,2.1796815614420857,2.2745632000000002,2.1606509230763438
2024-07-10 05:30:00+00:00,2.692299512621492,2.83965048,2.7052552680649566
2024-07-10 06:30:00+00:00,2.999804891111432,3.0166240440000003,2.8699896441091006
2024-07-10 07:30:00+00:00,2.8321899932023733,3.0539681439999997,2.8706644153003156
2024-07-10 08:30:00+00:00,2.866457597476285,3.0556472880000003,2.8400086951607593
2024-07-10 09:30:00+00:00,1.5284237361407995,1.6882612000000001,1.5564544091712953
2024-07-10 10:30:00+00:00,1.6927022773024092,1.7783428000000001,1.6382060365465165
2024-07-10 11:30:00+00:00,1.8888558021263542,2.116543156,1.948065516444069
2024-07-10 12:30:00+00:00,0.6208878443955297,0.6506043800000001,0.5982671544734288
2024-07-10 13:30:00+00:00,2.2166209562685126,2.4199786000000008,2.2335034273611076
2024-07-10 14:30:00+00:00,2.9311132487846714,3.075,2.841731292009354
2024-07-10 15:30:00+00:00,0.0,0.0,0.0
2024-07-10 16:30:00+00:00,0.0,0.0,0.0
2024-07-10 17:30:00+00:00,0.0,0.0,0.0006429000059142709
2024-07-10 18:30:00+00:00,2.937475830429981,3.075,2.917238083481789
2024-07-10 19:30:00+00:00,2.940452710462296,3.075,2.919250783324242
2024-07-10 20:30:00+00:00,2.923748002184645,3.075,2.919250783324242
2024-07-10 21:30:00+00:00,2.929645570229258,3.075,2.9201525866985323
2024-07-10 22:30:00+00:00,2.9454985463438264,3.075,2.9210675030946733
2024-07-10 23:30:00+00:00,2.934432665226555,3.075,2.9212882041931154
2024-07-11 00:30:00+00:00,2.848977177825688,3.075,2.9233503460884096
2024-07-11 01:30:00+00:00,0.0,0.0,0.0
2024-07-11 02:30:00+00:00,0.0,0.0,0.0
2024-07-11 03:30:00+00:00,0.0,0.0,0.0
2024-07-11 04:30:00+00:00,3.0072330723676073,3.075,2.9204367071390154
2024-07-11 05:30:00+00:00,2.829506639748229,3.075,2.9210692763328554
2024-07-11 06:30:00+00:00,2.9798935880835855,3.075,2.9210692763328554
2024-07-11 07:30:00+00:00,2.8485152105300005,3.075,2.8993095576763155
2024-07-11 08:30:00+00:00,0.0,0.0,0.0
2024-07-11 09:30:00+00:00,0.0,0.0,0.0
2024-07-11 10:30:00+00:00,0.0,0.0,0.0
2024-07-11 11:30:00+00:00,0.0,0.0,0.0
2024-07-11 12:30:00+00:00,0.0,0.0,0.0
2024-07-11 13:30:00+00:00,0.0,0.0,1.6759544450906105e-05
2024-07-11 14:30:00+00:00,0.0,0.0,0.0
2024-07-11 15:30:00+00:00,0.0,0.0,0.0
2024-07-11 16:30:00+00:00,0.0,0.0,0.0
2024-07-11 17:30:00+00:00,0.0,0.0,0.0
2024-07-11 18:30:00+00:00,0.0,0.0,0.0
2024-07-11 19:30:00+00:00,0.0,0.0,0.0
2024-07-11 20:30:00+00:00,0.0,0.0,0.0
2024-07-11 21:30:00+00:00,0.0,0.0,0.0
2024-07-11 22:30:00+00:00,0.0,0.0,0.0
2024-07-11 23:30:00+00:00,0.0,0.0,0.0
2024-07-12 00:30:00+00:00,0.0,0.0,0.0
2024-07-12 01:30:00+00:00,0.0,0.0,0.0
2024-07-12 02:30:00+00:00,0.0,0.0,0.0
2024-07-12 03:30:00+00:00,0.0,0.0,0.0
2024-07-12 04:30:00+00:00,0.0,0.0,0.0
2024-07-12 05:30:00+00:00,0.0,0.0,0.0
2024-07-12 06:30:00+00:00,0.0,0.0,0.0
2024-07-12 07:30:00+00:00,0.0,0.0,0.0
2024-07-12 08:30:00+00:00,0.0,0.0,0.0
2024-07-12 09:30:00+00:00,0.0,0.0,0.0
2024-07-12 10:30:00+00:00,0.0,0.0,0.0
2024-07-12 11:30:00+00:00,0.0,0.0,0.0
2024-07-12 12:30:00+00:00,0.0,0.0,1.6759544450906105e-05
2024-07-12 13:30:00+00:00,0.0,0.0,1.6759544450906105e-05
2024-07-12 14:30:00+00:00,0.0,0.0,0.0
2024-07-12 15:30:00+00:00,0.0,0.0,0.0
2024-07-12 16:30:00+00:00,0.0,0.0,0.0
2024-07-12 17:30:00+00:00,0.0,0.0,0.0
2024-07-12 18:30:00+00:00,0.0,0.0,0.0
2024-07-12 19:30:00+00:00,0.0,0.0,0.0
2024-07-12 20:30:00+00:00,0.0,0.0,0.0
2024-07-12 21:30:00+00:00,0.0,0.0,0.0
2024-07-12 22:30:00+00:00,0.0,0.0,0.0
2024-07-12 23:30:00+00:00,0.0,0.0,0.0
2024-07-13 00:30:00+00:00,2.8231112631191895,3.075,2.9283297032117845
2024-07-13 01:30:00+00:00,2.9345796962286954,3.075,2.924080801010132
2024-07-13 02:30:00+00:00,0.0,0.0,0.0004831066762562841
2024-07-13 03:30:00+00:00,0.0,0.0,0.0
2024-07-13 04:30:00+00:00,0.0,0.0,0.0
2024-07-13 05:30:00+00:00,0.0,0.0,0.0
2024-07-13 06:30:00+00:00,0.0,0.0,0.0
2024-07-13 07:30:00+00:00,0.0,0.0,0.0
2024-07-13 08:30:00+00:00,0.0,0.0,0.0
2024-07-13 09:30:00+00:00,0.0,0.0,0.0
2024-07-13 10:30:00+00:00,0.0,0.0,0.0
2024-07-13 11:30:00+00:00,0.0,0.0,0.0
2024-07-13 12:30:00+00:00,0.0,0.0,0.0
2024-07-13 13:30:00+00:00,0.0,0.0,1.6759544450906105e-05
2024-07-13 14:30:00+00:00,0.0,0.0,0.0
2024-07-13 15:30:00+00:00,0.0,0.0,0.0
2024-07-13 16:30:00+00:00,0.0,0.0,0.0
2024-07-13 17:30:00+00:00,0.0,0.0,0.0
2024-07-13 18:30:00+00:00,0.0,0.0,0.0
2024-07-13 19:30:00+00:00,0.0,0.0,0.0
2024-07-13 20:30:00+00:00,0.0,0.0,0.0
2024-07-13 21:30:00+00:00,0.0,0.0,0.0
2024-07-13 22:30:00+00:00,0.0,0.0,0.0
2024-07-13 23:30:00+00:00,2.8173128199246324,3.075,2.922076952457428
2024-07-14 00:30:00+00:00,2.8843469884427377,3.075,2.9251207381486894
2024-07-14 01:30:00+00:00,3.0237165151052396,3.075,2.91899151802063
2024-07-14 02:30:00+00:00,2.889049504735189,3.075,2.9193900644779207
2024-07-14 03:30:00+00:00,0.0,0.0,0.0
2024-07-14 04:30:00+00:00,2.920847648581301,3.075,2.9157808095216753
2024-07-14 05:30:00+00:00,2.8787781333534963,3.075,2.9243428081274034
2024-07-14 06:30:00+00:00,2.956190642985905,3.075,2.9241366356611254
2024-07-14 07:30:00+00:00,2.924993567427563,3.075,2.8940469890832903
2024-07-14 08:30:00+00:00,0.0,0.0,0.0
2024-07-14 09:30:00+00:00,0.0,0.0,0.0
2024-07-14 10:30:00+00:00,0.0,0.0,0.0
2024-07-14 11:30:00+00:00,0.0,0.0,0.0
2024-07-14 12:30:00+00:00,2.8011867916852973,3.075,2.833637681603432
2024-07-14 13:30:00+00:00,2.8368510413409735,3.075,2.8337609589099886
2024-07-14 14:30:00+00:00,0.0,0.0,0.0
2024-07-14 15:30:00+00:00,0.0,0.0,0.0
2024-07-14 16:30:00+00:00,0.0,0.0,0.0
2024-07-14 17:30:00+00:00,2.911903880990866,3.075,2.8995413154363634
2024-07-14 18:30:00+00:00,2.8950715374773335,3.075,2.9219497859478
2024-07-14 19:30:00+00:00,3.0319826913245764,3.075,2.916111958026886
2024-07-14 20:30:00+00:00,2.848003100745729,3.075,2.9179103046655657
2024-07-14 21:30:00+00:00,2.9934691910801963,3.075,2.920371425151825
2024-07-14 22:30:00+00:00,2.9609962144003643,3.075,2.916218948364258
2024-07-14 23:30:00+00:00,2.99738976182714,3.075,2.916794937849045
2024-07-15 00:30:00+00:00,3.00887606822736,3.075,2.9185580879449846
2024-07-15 01:30:00+00:00,2.8614674879501716,3.075,2.9214108109474184
2024-07-15 02:30:00+00:00,2.9698589820182937,3.075,2.9230661362409593
2024-07-15 03:30:00+00:00,3.0093236628304973,3.07329704,2.9222159249925994
2024-07-15 04:30:00+00:00,1.5190501116860495,1.5494297299999997,1.4670213912148282
2024-07-15 05:30:00+00:00,0.31280367981545687,0.33713311000000007,0.3224299973456121
2024-07-15 06:30:00+00:00,0.07696375308351747,0.08040000000000001,0.07635206324011089
2024-07-15 07:30:00+00:00,0.07793557592794889,0.0826264448,0.07897607171925466
2024-07-15 08:30:00+00:00,0.2872172523090506,0.31336472379999997,0.2938308269812429
2024-07-15 09:30:00+00:00,0.8097645029078782,0.8830993919999999,0.8223980701895159
2024-07-15 10:30:00+00:00,0.24957545725501154,0.271227874,0.25318701951615713
2024-07-15 11:30:00+00:00,0.236054640263605,0.26356980999999996,0.2518040822266912
2024-07-15 12:30:00+00:00,0.3731867511949426,0.39459990640000003,0.3623492487223496
2024-07-15 13:30:00+00:00,0.24911556766946666,0.2686823300000001,0.24723392640312203
2024-07-15 14:30:00+00:00,0.0,0.0,0.0054304832592606544
2024-07-15 15:30:00+00:00,0.0,0.0,0.002674862975254655
2024-07-15 16:30:00+00:00,2.75488603419687,3.075,2.876199704408646
2024-07-15 17:30:00+00:00,2.970941123487571,3.075,2.900001955032349
2024-07-15 18:30:00+00:00,2.9166717747301125,3.075,2.9183994799852373
2024-07-15 19:30:00+00:00,2.8909637339406937,3.075,2.9208309024572374
2024-07-15 20:30:00+00:00,2.931306799904756,3.075,2.9192934900522234
2024-07-15 21:30:00+00:00,2.8785068431176004,3.075,2.9202982753515245
2024-07-15 22:30:00+00:00,2.7822899053014023,3.075,2.9228940278291704
2024-07-15 23:30:00+00:00,2.976594899465327,3.075,2.9217539846897127
2024-07-16 00:30:00+00:00,2.9984135834309487,3.075,2.9225162833929064
2024-07-16 01:30:00+00:00,2.882075121457421,3.075,2.923503902554512
2024-07-16 02:30:00+00:00,2.9498211741416567,3.075,2.921146419644356
2024-07-16 03:30:00+00:00,2.87967375105096,3.075,2.916344013810158
2024-07-16 04:30:00+00:00,2.9093011439602283,3.075,2.918553647398949
2024-07-16 05:30:00+00:00,2.9327070904053008,3.075,2.925517213344574
2024-07-16 06:30:00+00:00,2.946477565185502,3.057111352,2.9116225533816835
2024-07-16 07:30:00+00:00,2.7742914924102826,2.95040754,2.7748338184719468
2024-07-16 08:30:00+00:00,2.3600282819325695,2.503157200000001,2.3560446069452294
2024-07-16 09:30:00+00:00,2.376632245439332,2.6218814320000003,2.4426440215738605
2024-07-16 10:30:00+00:00,0.1345130370144915,0.14590397279999995,0.13510402374259972
2024-07-16 11:30:00+00:00,2.91052778134671,3.075,2.8427919119596483
2024-07-16 12:30:00+00:00,2.7429280865240635,3.075,2.8289592534303667
2024-07-16 13:30:00+00:00,0.0,0.0,0.0
2024-07-16 14:30:00+00:00,2.713119340144105,3.075,2.856068041920662
2024-07-16 15:30:00+00:00,2.872613384222875,3.075,2.856794831156731
2024-07-16 16:30:00+00:00,2.9242498257983844,3.075,2.8816123425960543
2024-07-16 17:30:00+00:00,2.156768798467229,2.2745637999999997,2.1517334165204045
2024-07-16 18:30:00+00:00,2.927459352765618,3.075,2.915140163898468
2024-07-16 19:30:00+00:00,2.9370519100369434,3.075,2.9180314958095552
2024-07-16 20:30:00+00:00,2.960160912011661,3.075,2.9184128761291506
2024-07-16 21:30:00+00:00,2.947974584169748,3.073646256,2.9132033970655975
2024-07-16 22:30:00+00:00,0.025605381337349645,0.027923117000000004,0.02764991448316296
2024-07-16 23:30:00+00:00,1.8038790353353613,1.8888058000000005,1.797183261135388
2024-07-17 00:30:00+00:00,2.789288843573381,3.075,2.9516057640314104
2024-07-17 01:30:00+00:00,2.849861581489732,3.067309296,2.918174987900253
2024-07-17 02:30:00+00:00,2.92512684512296,3.075,2.921492126584053
2024-07-17 03:30:00+00:00,2.880774368008124,3.075,2.9248003482818605
2024-07-17 04:30:00+00:00,2.953856718443853,3.075,2.925779473781586
2024-07-17 05:30:00+00:00,2.855668207705683,3.075,2.9277374267578127
2024-07-17 06:30:00+00:00,2.8394848662362024,3.075,2.9219512909650804
2024-07-17 07:30:00+00:00,2.860688847852692,3.075,2.8956890225410463
2024-07-17 08:30:00+00:00,2.906230321517994,3.075,2.878578153252602
2024-07-17 09:30:00+00:00,2.819418727855823,3.075,2.8523193269968035
2024-07-17 10:30:00+00:00,2.8841492447977135,3.075,2.8343879699707033
2024-07-17 11:30:00+00:00,2.917348742499803,3.075,2.8314051002264025
2024-07-17 12:30:00+00:00,2.812955931064581,3.075,2.825387474894524
2024-07-17 13:30:00+00:00,2.9323850155511417,3.075,2.8350447535514833
2024-07-17 14:30:00+00:00,2.866899614191142,3.075,2.8410503536462786
2024-07-17 15:30:00+00:00,2.8333893495714775,3.075,2.860704478621483
2024-07-17 16:30:00+00:00,2.7789334251680806,3.075,2.877835136651993
2024-07-17 17:30:00+00:00,2.9366900994515825,3.075,2.8966333836317064
2024-07-17 18:30:00+00:00,2.9835112742752905,3.075,2.920021188259125
2024-07-17 19:30:00+00:00,2.8727215486771023,3.075,2.920140352845192
2024-07-17 20:30:00+00:00,2.9078769530131106,3.075,2.9203965783119203
2024-07-17 21:30:00+00:00,2.916652929690831,3.075,2.924474757909775
2024-07-17 22:30:00+00:00,3.012733016039615,3.075,2.9087895125150682
2024-07-17 23:30:00+00:00,2.8544339902683493,3.075,2.919907507300377
2024-07-18 00:30:00+00:00,3.0499103779715484,3.07389132,2.9269074133732986
2024-07-18 01:30:00+00:00,1.5972590386989463,1.6882612000000001,1.5989236424457551
2024-07-18 02:30:00+00:00,1.0000270994064462,1.0805497519999998,1.030687613073017
2024-07-18 03:30:00+00:00,0.6792621237239577,0.716737392,0.6790171140945358
2024-07-18 04:30:00+00:00,0.17923831267303958,0.18769752800000003,0.17686709582341006
2024-07-18 05:30:00+00:00,0.0,0.0,0.0005282556521706283
2024-07-18 06:30:00+00:00,0.1761193956592542,0.18318425280000009,0.1733088220744852
2024-07-18 07:30:00+00:00,0.07422947343753153,0.0826264448,0.07803678005019885
2024-07-18 08:30:00+00:00,0.5930668320875848,0.6269476684,0.5865691984261975
2024-07-18 09:30:00+00:00,2.6357821337225786,2.86599852,2.6711018965077593
2024-07-18 10:30:00+00:00,2.2463524790279386,2.3879772999999997,2.2268452176568982
2024-07-18 11:30:00+00:00,2.850747398280054,3.075,2.833378177881241
2024-07-18 12:30:00+00:00,0.577688473321667,0.606448658,0.5588869715139942
2024-07-18 13:30:00+00:00,2.372535209785358,2.5732083200000004,2.3640918909095006
2024-07-18 14:30:00+00:00,1.9252396964483038,2.0673574600000006,1.9206156227368933
2024-07-18 15:30:00+00:00,2.763405123834091,3.064361144,2.8656510004338682
2024-07-18 16:30:00+00:00,2.9270945016155214,3.075,2.877358165383339
2024-07-18 17:30:00+00:00,2.9237299271119874,3.075,2.8991091668605806
2024-07-18 18:30:00+00:00,2.865623102801498,3.075,2.9195796072483065
2024-07-18 19:30:00+00:00,2.923304369104547,3.075,2.9223224341869356
2024-07-18 20:30:00+00:00,2.931313185848028,3.075,2.9221770733594896
2024-07-18 21:30:00+00:00,2.9319071320759225,3.075,2.924154368042946
2024-07-18 22:30:00+00:00,2.9821524922527454,3.075,2.925260928273201
2024-07-18 23:30:00+00:00,2.947892557814633,3.075,2.9153635025024416
2024-07-19 00:30:00+00:00,2.9163264288891324,3.075,2.919097599387169
2024-07-19 01:30:00+00:00,2.992737198384375,3.075,2.922893372178078
2024-07-19 02:30:00+00:00,2.986618467307575,3.075,2.9175699919462206
2024-07-19 03:30:00+00:00,2.846473416968542,3.075,2.917560887336731
2024-07-19 04:30:00+00:00,2.8904556740339378,3.075,2.917768043279648
2024-07-19 05:30:00+00:00,2.9026778408398792,3.075,2.922862482070923
2024-07-19 06:30:00+00:00,2.9546898327424014,3.075,2.927247476577759
2024-07-19 07:30:00+00:00,2.8837924574646494,3.075,2.8888091266155245
2024-07-19 08:30:00+00:00,3.0229209473222065,3.075,2.8748570054769518
2024-07-19 09:30:00+00:00,2.5841822612965615,2.711830472,2.5314967533425063
2024-07-19 10:30:00+00:00,2.249300818598565,2.4676528,2.2913474910619738
2024-07-19 11:30:00+00:00,2.847457734828013,3.046973674,2.807915626466965
2024-07-19 12:30:00+00:00,0.35426096823661934,0.38331761979999995,0.35270076268854594
2024-07-19 13:30:00+00:00,2.810094408232263,3.075,2.833184298872948
2024-07-19 14:30:00+00:00,2.877055010369705,3.063744252,2.8503975918628233
2024-07-19 15:30:00+00:00,2.8398144456339725,3.017292204,2.809043707944397
2024-07-19 16:30:00+00:00,1.018074410287286,1.0805497519999998,1.0122046299606817
2024-07-19 17:30:00+00:00,2.8797184125032564,3.0661104,2.884293062129402
2024-07-19 18:30:00+00:00,1.98709914635592,2.0222803240000005,1.9154643674670453
2024-07-19 19:30:00+00:00,1.2009778312479102,1.2722673564,1.2076351864976753
2024-07-19 20:30:00+00:00,2.032834113275983,2.1387649960000004,2.0314790195900883
2024-07-19 21:30:00+00:00,2.9038477325053447,3.063744214,2.908224072875275
2024-07-19 22:30:00+00:00,2.9397527262773813,3.046973674,2.891147761047577
2024-07-19 23:30:00+00:00,2.843820801545913,2.990292624,2.8414147648843993
2024-07-20 00:30:00+00:00,2.8624448066148642,3.075,2.9311011105775835
2024-07-20 01:30:00+00:00,2.879370995381462,3.075,2.9296556979417803
2024-07-20 02:30:00+00:00,2.8457883675426396,3.075,2.9316297292709352
2024-07-20 03:30:00+00:00,2.976617804741695,3.075,2.934117329120636
2024-07-20 04:30:00+00:00,2.8792513645043494,3.075,2.922798138856888
2024-07-20 05:30:00+00:00,2.9596185187628774,3.075,2.9187545448541643
2024-07-20 06:30:00+00:00,3.0607776091738015,3.075,2.92040131688118
2024-07-20 07:30:00+00:00,2.8400426402891417,3.075,2.8871350258588793
2024-07-20 08:30:00+00:00,0.0,0.0,0.0
2024-07-20 09:30:00+00:00,2.7647025487310204,3.075,2.855183792114258
2024-07-20 10:30:00+00:00,2.9313486546551295,3.075,2.8314980536699297
2024-07-20 11:30:00+00:00,2.822053721606319,3.075,2.83002322614193
2024-07-20 12:30:00+00:00,2.84271887436527,3.075,2.827900630235672
2024-07-20 13:30:00+00:00,2.76179217139898,3.075,2.829704475402832
2024-07-20 14:30:00+00:00,2.9267994190281574,3.075,2.8427460312843325
2024-07-20 15:30:00+00:00,2.8715981542023514,3.075,2.8587342470884325
2024-07-20 16:30:00+00:00,2.869353989008978,3.075,2.873537001013756
2024-07-20 17:30:00+00:00,1.7516857589842272,1.8888064000000002,1.7826439636935236
2024-07-20 18:30:00+00:00,2.8957491878275423,3.075,2.9056000828742983
2024-07-20 19:30:00+00:00,2.923236399934812,3.075,2.9154024094343187
2024-07-20 20:30:00+00:00,2.940369596728376,3.075,2.9183119356632234
2024-07-20 21:30:00+00:00,1.9247646144784516,2.0222803240000005,1.9044314955650563
2024-07-20 22:30:00+00:00,2.7958035285723493,2.990292624,2.849086642626213
2024-07-20 23:30:00+00:00,2.9449398315352933,3.046973674,2.8913529500372164
2024-07-21 00:30:00+00:00,2.935595118993848,3.0749399,2.9372407877038955
2024-07-21 01:30:00+00:00,2.9231226096809086,3.06188856,2.9212183349757765
2024-07-21 02:30:00+00:00,2.953508851172084,2.9781432,2.8472435322601317
2024-07-21 03:30:00+00:00,3.041551501881197,3.075,2.9266416996717455
2024-07-21 04:30:00+00:00,3.0129699704189483,3.075,2.9223267108201982
2024-07-21 05:30:00+00:00,2.9343613753732924,3.075,2.9246410101652147
2024-07-21 06:30:00+00:00,2.8904452942076655,3.075,2.9312125563621523
2024-07-21 07:30:00+00:00,2.935330418672424,3.075,2.890884903073311
2024-07-21 08:30:00+00:00,2.9750467629383532,3.075,2.8768494695425035
2024-07-21 09:30:00+00:00,2.7979687779180074,3.075,2.85667924284935
2024-07-21 10:30:00+00:00,2.824116063391315,3.075,2.839891192317009
2024-07-21 11:30:00+00:00,2.845974611965379,3.075,2.8272236704826357
2024-07-21 12:30:00+00:00,2.814029639146036,3.075,2.8329333484172823
2024-07-21 13:30:00+00:00,2.8970201288842357,3.075,2.8327532380819322
2024-07-21 14:30:00+00:00,0.0,0.0,0.0
2024-07-21 15:30:00+00:00,2.8364133720099693,3.075,2.855055567622185
2024-07-21 16:30:00+00:00,2.8842034254687348,3.075,2.882726174592972
2024-07-21 17:30:00+00:00,2.918300780662832,3.075,2.9026944905519487
2024-07-21 18:30:00+00:00,2.9168644788966422,3.075,2.9162520587444307
2024-07-21 19:30:00+00:00,2.8915750463588488,3.075,2.917379078269005
2024-07-21 20:30:00+00:00,3.028424964443253,3.075,2.9165248692035677
2024-07-21 21:30:00+00:00,2.9693772381560026,3.075,2.91845717728138
2024-07-21 22:30:00+00:00,2.9416034923884418,3.075,2.9206669300794603
2024-07-21 23:30:00+00:00,2.9440700246551033,3.075,2.9203892767429354
2024-07-22 00:30:00+00:00,2.9650361026857017,3.075,2.926490765810013
2024-07-22 01:30:00+00:00,1.0239813742145385,1.09581324,1.04108242977499
2024-07-22 02:30:00+00:00,0.5878073424805641,0.6098794820000002,0.5787499988664457
2024-07-22 03:30:00+00:00,0.1417294539058805,0.14590397279999995,0.13775205508164906
2024-07-22 04:30:00+00:00,0.32343319317753205,0.33713325040000003,0.3204329304541878
2024-07-22 05:30:00+00:00,2.092310203099227,2.2745637999999997,2.1641714455712315
2024-07-22 06:30:00+00:00,2.8509439741418925,3.001836596,2.866983501183792
2024-07-22 07:30:00+00:00,2.552972872812103,2.6820340560000004,2.5322021351378026
2024-07-22 08:30:00+00:00,1.8072516205261082,1.9193284,1.7848057533344268
2024-07-22 09:30:00+00:00,2.4126240607390668,2.503157200000001,2.334762142679406
2024-07-22 10:30:00+00:00,1.8804038119026067,2.026803556,1.87641755035997
2024-07-22 11:30:00+00:00,2.5576954825649247,2.791384656,2.5859545953749237
2024-07-22 12:30:00+00:00,2.8020694204261636,3.075,2.834322836995125
2024-07-22 13:30:00+00:00,0.9809143575451448,1.0613683680000001,0.984442039758175
2024-07-22 14:30:00+00:00,0.12562175689484442,0.13378820480000006,0.123360066722741
2024-07-22 15:30:00+00:00,0.997953764504593,1.09581324,1.0203526197755242
2024-07-22 16:30:00+00:00,2.8981452082626213,3.075,2.876819145679474
2024-07-22 17:30:00+00:00,2.9577110585419852,3.075,2.895751026272774
2024-07-22 18:30:00+00:00,2.9685496171711554,3.075,2.913405713438988
2024-07-22 19:30:00+00:00,2.94196742208009,3.075,2.918080967664719
2024-07-22 20:30:00+00:00,2.939403679801893,3.075,2.9132439464330675
2024-07-22 21:30:00+00:00,2.954550466860822,3.075,2.917458561062813
2024-07-22 22:30:00+00:00,2.9020902083466535,3.075,2.925266605615616
2024-07-22 23:30:00+00:00,2.926634473347765,3.075,2.9185685932636263
2024-07-23 00:30:00+00:00,2.86690851143094,3.075,2.9291268557310106
2024-07-23 01:30:00+00:00,2.5124297503102424,2.6490431439999993,2.5174577397231515
2024-07-23 02:30:00+00:00,2.943163104256892,3.075,2.9243136167526247
2024-07-23 03:30:00+00:00,2.9523818993365487,3.075,2.9241483926773073
2024-07-23 04:30:00+00:00,2.9457857576648516,3.075,2.921929639577866
2024-07-23 05:30:00+00:00,2.431908313190121,2.503157200000001,2.380255790135575
2024-07-23 06:30:00+00:00,2.9327983391322707,3.071866032,2.934614580388481
2024-07-23 07:30:00+00:00,2.841763413025815,3.046973674,2.8782685235149614
2024-07-23 08:30:00+00:00,1.4246148141331383,1.5494297299999997,1.4451241124887273
2024-07-23 09:30:00+00:00,0.2899278987470474,0.31336472379999997,0.2902216521187389
2024-07-23 10:30:00+00:00,2.6332593047869883,3.075,2.8472471803426744
2024-07-23 11:30:00+00:00,2.8122338312494244,3.075,2.831440594792366
2024-07-23 12:30:00+00:00,2.9356369060861267,3.075,2.8378375291824343
2024-07-23 13:30:00+00:00,2.806656038854791,3.075,2.8402121633291246
2024-07-23 14:30:00+00:00,2.771832738150045,3.075,2.843587037920952
2024-07-23 15:30:00+00:00,2.8723511511955353,3.075,2.8558255404233934
2024-07-23 16:30:00+00:00,2.962882743436673,3.0726153760000003,2.8725132553621067
2024-07-23 17:30:00+00:00,3.008687276393679,3.075,2.8977733224630358
2024-07-23 18:30:00+00:00,0.0,0.0,0.0
2024-07-23 19:30:00+00:00,0.0,0.0,0.0
2024-07-23 20:30:00+00:00,0.0,0.0,0.0
2024-07-23 21:30:00+00:00,0.0,0.0,0.0
2024-07-23 22:30:00+00:00,0.0,0.0,0.0
2024-07-23 23:30:00+00:00,0.0,0.0,0.0
2024-07-24 00:30:00+00:00,0.0,0.0,0.0
2024-07-24 01:30:00+00:00,0.0,0.0,0.0
2024-07-24 02:30:00+00:00,0.0,0.0,0.0
2024-07-24 03:30:00+00:00,0.0,0.0,0.0
2024-07-24 04:30:00+00:00,0.0,0.0,0.0
2024-07-24 05:30:00+00:00,0.0,0.0,0.0
2024-07-24 06:30:00+00:00,0.0,0.0,0.0
2024-07-24 07:30:00+00:00,0.0,0.0,0.0
2024-07-24 08:30:00+00:00,0.0,0.0,0.0
2024-07-24 09:30:00+00:00,0.0,0.0,0.0
2024-07-24 10:30:00+00:00,0.0,0.0,0.0
2024-07-24 11:30:00+00:00,0.0,0.0,0.0
2024-07-24 12:30:00+00:00,0.0,0.0,0.0
2024-07-24 13:30:00+00:00,0.0,0.0,0.0
2024-07-24 14:30:00+00:00,0.0,0.0,0.0
2024-07-24 15:30:00+00:00,0.0,0.0,0.0
2024-07-24 16:30:00+00:00,0.0,0.0,0.0
2024-07-24 17:30:00+00:00,0.0,0.0,0.0
2024-07-24 18:30:00+00:00,0.0,0.0,0.0
2024-07-24 19:30:00+00:00,0.0,0.0,0.0
2024-07-24 20:30:00+00:00,0.0,0.0,0.0
2024-07-24 21:30:00+00:00,0.0,0.0,0.0
2024-07-24 22:30:00+00:00,0.0,0.0,0.0
2024-07-24 23:30:00+00:00,0.0,0.0,0.0
2024-07-25 00:30:00+00:00,0.0,0.0,0.0
2024-07-25 01:30:00+00:00,0.0,0.0,0.0
2024-07-25 02:30:00+00:00,0.0,0.0,0.0
2024-07-25 03:30:00+00:00,0.0,0.0,0.0
2024-07-25 04:30:00+00:00,0.0,0.0,0.0
2024-07-25 05:30:00+00:00,0.0,0.0,0.0
2024-07-25 06:30:00+00:00,0.0,0.0,0.0
2024-07-25 07:30:00+00:00,0.0,0.0,0.0
2024-07-25 08:30:00+00:00,0.0,0.0,0.0
2024-07-25 09:30:00+00:00,0.0,0.0,0.0
2024-07-25 10:30:00+00:00,0.0,0.0,0.0
2024-07-25 11:30:00+00:00,0.0,0.0,0.0
2024-07-25 12:30:00+00:00,0.0,0.0,0.0
2024-07-25 13:30:00+00:00,0.0,0.0,0.0
2024-07-25 14:30:00+00:00,0.0,0.0,0.0
2024-07-25 15:30:00+00:00,0.0,0.0,0.0
2024-07-25 16:30:00+00:00,0.0,0.0,0.0
2024-07-25 17:30:00+00:00,0.0,0.0,0.0
2024-07-25 18:30:00+00:00,0.0,0.0,0.0
2024-07-25 19:30:00+00:00,0.0,0.0,0.0
2024-07-25 20:30:00+00:00,0.0,0.0,0.0
2024-07-25 21:30:00+00:00,0.0,0.0,0.0
2024-07-25 22:30:00+00:00,0.0,0.0,0.0
2024-07-25 23:30:00+00:00,0.0,0.0,0.0
2024-07-26 00:30:00+00:00,2.952583763319247,3.075,2.925565239787102
2024-07-26 01:30:00+00:00,0.0,0.0,0.0
2024-07-26 02:30:00+00:00,0.0,0.0,0.0
2024-07-26 03:30:00+00:00,0.0,0.0,0.0
2024-07-26 04:30:00+00:00,0.0,0.0,0.0
2024-07-26 05:30:00+00:00,0.0,0.0,0.0
2024-07-26 06:30:00+00:00,0.0,0.0,0.0
2024-07-26 07:30:00+00:00,0.0,0.0,0.0
2024-07-26 08:30:00+00:00,0.0,0.0,0.0
2024-07-26 09:30:00+00:00,0.0,0.0,0.0
2024-07-26 10:30:00+00:00,0.0,0.0,0.0
2024-07-26 11:30:00+00:00,0.0,0.0,0.0
2024-07-26 12:30:00+00:00,0.0,0.0,1.6759544450906105e-05
2024-07-26 13:30:00+00:00,0.0,0.0,1.6759544450906105e-05
2024-07-26 14:30:00+00:00,0.0,0.0,0.0
2024-07-26 15:30:00+00:00,0.0,0.0,0.0
2024-07-26 16:30:00+00:00,0.0,0.0,0.0
2024-07-26 17:30:00+00:00,0.0,0.0,0.0
2024-07-26 18:30:00+00:00,0.0,0.0,0.0
2024-07-26 19:30:00+00:00,0.0,0.0,0.0
2024-07-26 20:30:00+00:00,0.0,0.0,0.0
2024-07-26 21:30:00+00:00,0.0,0.0,0.0
2024-07-26 22:30:00+00:00,0.0,0.0,0.0
2024-07-26 23:30:00+00:00,0.0,0.0,0.0
2024-07-27 00:30:00+00:00,3.007603652478445,3.075,2.923256275057793
2024-07-27 01:30:00+00:00,0.0,0.0,0.0
2024-07-27 02:30:00+00:00,0.0,0.0,0.0
2024-07-27 03:30:00+00:00,0.0,0.0,0.0
2024-07-27 04:30:00+00:00,0.0,0.0,0.0
2024-07-27 05:30:00+00:00,0.0,0.0,0.0
2024-07-27 06:30:00+00:00,0.0,0.0,0.0
2024-07-27 07:30:00+00:00,0.0,0.0,0.0
2024-07-27 08:30:00+00:00,0.0,0.0,0.0
2024-07-27 09:30:00+00:00,0.0,0.0,0.0
2024-07-27 10:30:00+00:00,0.0,0.0,2.8721988201141357e-05
2024-07-27 11:30:00+00:00,0.0,0.0,1.6759544450906105e-05
2024-07-27 12:30:00+00:00,2.8453985740161056,3.075,2.829889100790024
2024-07-27 13:30:00+00:00,0.0,0.0,1.6759544450906105e-05
2024-07-27 14:30:00+00:00,0.0,0.0,0.0
2024-07-27 15:30:00+00:00,0.0,0.0,0.0
2024-07-27 16:30:00+00:00,0.0,0.0,0.0
2024-07-27 17:30:00+00:00,0.0,0.0,0.0
2024-07-27 18:30:00+00:00,0.0,0.0,0.0
2024-07-27 19:30:00+00:00,3.003673376494411,3.075,2.9195049077272417
2024-07-27 20:30:00+00:00,2.961158815646091,3.075,2.919950780272484
2024-07-27 21:30:00+00:00,2.9871989125200766,3.075,2.9191854268312456
2024-07-27 22:30:00+00:00,3.035442393995817,3.075,2.9158180922269823
2024-07-27 23:30:00+00:00,2.96128020954376,3.075,2.9083355486392977
2024-07-28 00:30:00+00:00,2.8110548290592896,3.054388538,2.907964184877289
2024-07-28 01:30:00+00:00,2.5071662393399285,2.6640669040000002,2.536531098893837
2024-07-28 02:30:00+00:00,2.8655974989632367,3.043744612,2.9061535033202284
2024-07-28 03:30:00+00:00,2.976823574077653,3.0556472880000003,2.906430129444016
2024-07-28 04:30:00+00:00,3.0407695578675105,3.07455924,2.9211468532249834
2024-07-28 05:30:00+00:00,2.8840596650280137,3.0726153760000003,2.9319720773740543
2024-07-28 06:30:00+00:00,2.859172708827295,3.075,2.934356701374054
2024-07-28 07:30:00+00:00,2.7963994169093374,2.9781432,2.7984417227108
2024-07-28 08:30:00+00:00,2.819677758933963,3.065508096,2.881171180387779
2024-07-28 09:30:00+00:00,2.7973375323430933,2.990292624,2.777603417995857
2024-07-28 10:30:00+00:00,2.8379332935022723,3.075,2.8409011334180834
2024-07-28 11:30:00+00:00,2.8765214648874258,3.075,2.8317409425973894
2024-07-28 12:30:00+00:00,2.7725575323228036,3.039153448,2.8084740551853637
2024-07-28 13:30:00+00:00,2.843565895870436,3.075,2.837087643146515
2024-07-28 14:30:00+00:00,2.8041147337662546,3.075,2.8455646455287935
2024-07-28 15:30:00+00:00,2.8079061836259562,3.075,2.866291505098343
2024-07-28 16:30:00+00:00,2.8968512702178435,3.075,2.8757587492465975
2024-07-28 17:30:00+00:00,2.865777996960168,3.075,2.8966320127248766
2024-07-28 18:30:00+00:00,2.96405147391834,3.075,2.9184400260448458
2024-07-28 19:30:00+00:00,2.8108006777916867,3.075,2.92193318605423
2024-07-28 20:30:00+00:00,2.8344344534987216,3.075,2.9160874605178835
2024-07-28 21:30:00+00:00,2.9031299023568584,3.075,2.920347672700882
2024-07-28 22:30:00+00:00,2.967950560138934,3.075,2.9216139286756517
2024-07-28 23:30:00+00:00,2.9062026948234414,3.075,2.9202128767967226
2024-07-29 00:30:00+00:00,2.8993927465006246,2.9760166800000003,2.8452662473894885
2024-07-29 01:30:00+00:00,1.8403064904778825,1.954,1.870256234049797
2024-07-29 02:30:00+00:00,2.261845893196759,2.2786528000000006,2.182735031223584
2024-07-29 03:30:00+00:00,2.562002928132833,2.636990388,2.5151232677340394
2024-07-29 04:30:00+00:00,2.8971771860263096,3.073482216,2.931851059793869
2024-07-29 05:30:00+00:00,2.8285020271396384,3.067309296,2.926604589688774
2024-07-29 06:30:00+00:00,2.299988123974099,2.4398902,2.3179186896492956
2024-07-29 07:30:00+00:00,2.9150659712600464,3.072947504,2.890461208299927
2024-07-29 08:30:00+00:00,2.9344415113849767,3.075,2.865115609765053
2024-07-29 09:30:00+00:00,2.8874837738558785,3.075,2.856000167131424
2024-07-29 10:30:00+00:00,2.9500461922596504,3.075,2.8409143805503847
2024-07-29 11:30:00+00:00,2.8565594996247214,3.075,2.8346247494220735
2024-07-29 12:30:00+00:00,2.6935414606322605,3.075,2.832865831255913
2024-07-29 13:30:00+00:00,2.8243225421430944,3.075,2.8269048750400545
2024-07-29 14:30:00+00:00,2.8156966930643192,3.075,2.841017407178879
2024-07-29 15:30:00+00:00,2.9703896910848755,3.075,2.8641877293586733
2024-07-29 16:30:00+00:00,2.7887034607654484,3.075,2.875758183002472
2024-07-29 17:30:00+00:00,2.8038262388997115,3.075,2.9014675438404085
2024-07-29 18:30:00+00:00,2.9080254211970695,3.075,2.9214606106281282
2024-07-29 19:30:00+00:00,2.883469835229337,3.075,2.9219352275133135
2024-07-29 20:30:00+00:00,2.962378281669647,3.075,2.921756786108017
2024-07-29 21:30:00+00:00,2.938231576010812,3.075,2.917546746134758
2024-07-29 22:30:00+00:00,2.7310565128456674,3.047614164,2.8893355795197144
2024-07-29 23:30:00+00:00,0.9054155745058432,0.9437748080000001,0.8872929027184564
2024-07-30 00:30:00+00:00,0.1332679634470021,0.14590397279999995,0.1370616032584741
2024-07-30 01:30:00+00:00,0.0,0.0,0.0004735922266263515
2024-07-30 02:30:00+00:00,0.4166100961299169,0.44265935059999995,0.421706906076427
2024-07-30 03:30:00+00:00,2.9286586368425893,3.075,2.9271285951137545
2024-07-30 04:30:00+00:00,3.001350003016061,3.0735848,2.923653711910057
2024-07-30 05:30:00+00:00,2.317674663333757,2.4676528,2.3551782765152933
2024-07-30 06:30:00+00:00,2.9192686817488713,3.07389132,2.924705185661621
2024-07-30 07:30:00+00:00,2.887602101933737,3.057737364,2.884126110500015
2024-07-30 08:30:00+00:00,2.7173891415883755,2.8769230799999996,2.6920023219910427
2024-07-30 09:30:00+00:00,2.6987436276286165,2.92463028,2.715286757212906
2024-07-30 10:30:00+00:00,0.0,0.0,0.004470340441912413
2024-07-30 11:30:00+00:00,0.0,0.0,0.0005729228141717613
2024-07-30 12:30:00+00:00,2.7566091912642317,3.075,2.8272488534450533
2024-07-30 13:30:00+00:00,2.833310340170118,3.075,2.827523243427277
2024-07-30 14:30:00+00:00,2.850589587891912,3.075,2.8399131119251253
2024-07-30 15:30:00+00:00,2.9251399579482507,3.075,2.858584088087082
2024-07-30 16:30:00+00:00,2.888032183414471,3.075,2.8779522448778154
2024-07-30 17:30:00+00:00,2.9013849978721136,3.075,2.8971831619739534
2024-07-30 18:30:00+00:00,3.072386651183933,3.075,2.9201858162879946
2024-07-30 19:30:00+00:00,2.8897110208656587,3.075,2.920335841178894
2024-07-30 20:30:00+00:00,2.8649345196489717,3.075,2.920335841178894
2024-07-30 21:30:00+00:00,2.785974876410479,3.075,2.918410462141037
2024-07-30 22:30:00+00:00,2.9784387414962485,3.075,2.9193676829338076
2024-07-30 23:30:00+00:00,2.9279208157099865,3.075,2.9177234292030336
2024-07-31 00:30:00+00:00,2.893344782035845,3.075,2.9199952453374864
2024-07-31 01:30:00+00:00,2.9246450163823225,3.075,2.9207514047622682
2024-07-31 02:30:00+00:00,2.967293448695414,3.075,2.922159653902054
2024-07-31 03:30:00+00:00,3.0116058878768297,3.075,2.9209105640649797
2024-07-31 04:30:00+00:00,2.9168092934695533,3.075,2.9209105640649797
2024-07-31 05:30:00+00:00,2.845595316824435,3.075,2.91103510260582
2024-07-31 06:30:00+00:00,2.9209489535293645,3.075,2.9170651853084566
2024-07-31 07:30:00+00:00,0.0,0.0,0.0
2024-07-31 08:30:00+00:00,0.0,0.0,0.0
2024-07-31 09:30:00+00:00,0.0,0.0,0.0
2024-07-31 10:30:00+00:00,0.0,0.0,2.8721988201141357e-05
2024-07-31 11:30:00+00:00,0.0,0.0,1.6759544450906105e-05
2024-07-31 12:30:00+00:00,0.0,0.0,1.6759544450906105e-05
2024-07-31 13:30:00+00:00,0.0,0.0,1.6759544450906105e-05
2024-07-31 14:30:00+00:00,0.0,0.0,0.0
2024-07-31 15:30:00+00:00,0.0,0.0,0.0
2024-07-31 16:30:00+00:00,0.0,0.0,0.0
2024-07-31 17:30:00+00:00,0.0,0.0,0.0
2024-07-31 18:30:00+00:00,0.0,0.0,0.0
2024-07-31 19:30:00+00:00,0.0,0.0,0.0
2024-07-31 20:30:00+00:00,0.0,0.0,0.0
2024-07-31 21:30:00+00:00,0.0,0.0,0.00020026147831231356
2024-07-31 22:30:00+00:00,0.0,0.0,0.00020026147831231356
2024-07-31 23:30:00+00:00,0.0,0.0,0.0
2024-08-01 00:30:00+00:00,2.81779372623161,3.075,2.9224282026290895
2024-08-01 01:30:00+00:00,0.0,0.0,0.0
2024-08-01 02:30:00+00:00,0.0,0.0,0.0
2024-08-01 03:30:00+00:00,0.0,0.0,0.0
2024-08-01 04:30:00+00:00,0.0,0.0,0.0
2024-08-01 05:30:00+00:00,0.0,0.0,0.0
2024-08-01 06:30:00+00:00,0.0,0.0,0.0
2024-08-01 07:30:00+00:00,0.0,0.0,0.0
2024-08-01 08:30:00+00:00,0.0,0.0,0.0
2024-08-01 09:30:00+00:00,0.0,0.0,0.0
2024-08-01 10:30:00+00:00,0.0,0.0,2.8721988201141357e-05
2024-08-01 11:30:00+00:00,0.0,0.0,1.6759544450906105e-05
2024-08-01 12:30:00+00:00,0.0,0.0,1.6759544450906105e-05
2024-08-01 13:30:00+00:00,0.0,0.0,1.6759544450906105e-05
2024-08-01 14:30:00+00:00,0.0,0.0,0.0
2024-08-01 15:30:00+00:00,0.0,0.0,0.0
2024-08-01 16:30:00+00:00,0.0,0.0,0.0
2024-08-01 17:30:00+00:00,0.0,0.0,0.0
2024-08-01 18:30:00+00:00,0.0,0.0,0.0
2024-08-01 19:30:00+00:00,0.0,0.0,0.0
2024-08-01 20:30:00+00:00,0.0,0.0,0.0
2024-08-01 21:30:00+00:00,0.0,0.0,0.0
2024-08-01 22:30:00+00:00,0.0,0.0,0.0
2024-08-01 23:30:00+00:00,0.0,0.0,0.0
2024-08-02 00:30:00+00:00,0.0,0.0,0.0
2024-08-02 01:30:00+00:00,0.0,0.0,0.0
2024-08-02 02:30:00+00:00,0.0,0.0,0.0
2024-08-02 03:30:00+00:00,0.0,0.0,0.0
2024-08-02 04:30:00+00:00,0.0,0.0,0.0
2024-08-02 05:30:00+00:00,0.0,0.0,0.0
2024-08-02 06:30:00+00:00,0.0,0.0,0.0
2024-08-02 07:30:00+00:00,0.0,0.0,0.0
2024-08-02 08:30:00+00:00,0.0,0.0,0.0
2024-08-02 09:30:00+00:00,0.0,0.0,0.0
2024-08-02 10:30:00+00:00,0.0,0.0,2.8721988201141357e-05
2024-08-02 11:30:00+00:00,0.0,0.0,1.6759544450906105e-05
2024-08-02 12:30:00+00:00,0.0,0.0,1.6759544450906105e-05
2024-08-02 13:30:00+00:00,0.0,0.0,1.6759544450906105e-05
2024-08-02 14:30:00+00:00,0.0,0.0,0.0
2024-08-02 15:30:00+00:00,0.0,0.0,0.0
2024-08-02 16:30:00+00:00,0.0,0.0,0.0
2024-08-02 17:30:00+00:00,0.0,0.0,0.0
2024-08-02 18:30:00+00:00,0.0,0.0,0.0
2024-08-02 19:30:00+00:00,0.0,0.0,0.0
2024-08-02 20:30:00+00:00,0.0,0.0,0.0
2024-08-02 21:30:00+00:00,0.0,0.0,0.0
2024-08-02 22:30:00+00:00,0.0,0.0,0.0
2024-08-02 23:30:00+00:00,0.0,0.0,0.0
2024-08-03 00:30:00+00:00,2.881864626920936,3.075,2.9132563292980196
2024-08-03 01:30:00+00:00,0.0,0.0,0.0
2024-08-03 02:30:00+00:00,0.0,0.0,0.0
2024-08-03 03:30:00+00:00,0.0,0.0,0.0
2024-08-03 04:30:00+00:00,0.0,0.0,0.0
2024-08-03 05:30:00+00:00,0.0,0.0,0.0
2024-08-03 06:30:00+00:00,0.0,0.0,0.0
2024-08-03 07:30:00+00:00,0.0,0.0,0.0
2024-08-03 08:30:00+00:00,0.0,0.0,0.0
2024-08-03 09:30:00+00:00,0.0,0.0,0.0
2024-08-03 10:30:00+00:00,0.0,0.0,2.8721988201141357e-05
2024-08-03 11:30:00+00:00,0.0,0.0,1.6759544450906105e-05
2024-08-03 12:30:00+00:00,0.0,0.0,1.6759544450906105e-05
2024-08-03 13:30:00+00:00,0.0,0.0,1.6759544450906105e-05
2024-08-03 14:30:00+00:00,0.0,0.0,0.0
2024-08-03 15:30:00+00:00,0.0,0.0,0.0
2024-08-03 16:30:00+00:00,0.0,0.0,0.0
2024-08-03 17:30:00+00:00,0.0,0.0,0.0
2024-08-03 18:30:00+00:00,0.0,0.0,0.0
2024-08-03 19:30:00+00:00,0.0,0.0,0.0
2024-08-03 20:30:00+00:00,0.0,0.0,0.0
2024-08-03 21:30:00+00:00,0.0,0.0,0.0
2024-08-03 22:30:00+00:00,0.0,0.0,0.0
2024-08-03 23:30:00+00:00,0.0,0.0,0.0
2024-08-04 00:30:00+00:00,2.934042850340222,3.075,2.913911205530167
2024-08-04 01:30:00+00:00,0.0,0.0,0.0
2024-08-04 02:30:00+00:00,0.0,0.0,0.0
2024-08-04 03:30:00+00:00,0.0,0.0,0.0
2024-08-04 04:30:00+00:00,0.0,0.0,0.0
2024-08-04 05:30:00+00:00,0.0,0.0,0.0
2024-08-04 06:30:00+00:00,0.0,0.0,0.0
2024-08-04 07:30:00+00:00,0.0,0.0,0.0
2024-08-04 08:30:00+00:00,0.0,0.0,0.0
2024-08-04 09:30:00+00:00,0.0,0.0,0.0
2024-08-04 10:30:00+00:00,0.0,0.0,2.8721988201141357e-05
2024-08-04 11:30:00+00:00,0.0,0.0,1.6759544450906105e-05
2024-08-04 12:30:00+00:00,0.0,0.0,1.6759544450906105e-05
2024-08-04 13:30:00+00:00,0.0,0.0,1.6759544450906105e-05
2024-08-04 14:30:00+00:00,0.0,0.0,0.0
2024-08-04 15:30:00+00:00,2.6760922817775294,3.075,2.854795140028
2024-08-04 16:30:00+00:00,2.7972949894528023,3.075,2.876638126373291
2024-08-04 17:30:00+00:00,2.870730138156107,3.075,2.900013875961304
2024-08-04 18:30:00+00:00,2.9246721600555023,3.075,2.920092073082924
2024-08-04 19:30:00+00:00,2.9083332113324714,3.075,2.9206455022096636
2024-08-04 20:30:00+00:00,2.9104741173059785,3.075,2.921161276102066
2024-08-04 21:30:00+00:00,2.919561474141214,3.075,2.918010187149048
2024-08-04 22:30:00+00:00,2.9890221745343757,3.075,2.918600705265999
2024-08-04 23:30:00+00:00,2.89502491101438,3.075,2.920659837126732
2024-08-05 00:30:00+00:00,2.9069481913083717,3.075,2.9198387980461122
2024-08-05 01:30:00+00:00,2.8372559168852587,3.075,2.9205685526132585
2024-08-05 02:30:00+00:00,2.8861469081834197,3.075,2.9194948792457582
2024-08-05 03:30:00+00:00,2.9662285707277065,3.075,2.922159653902054
2024-08-05 04:30:00+00:00,2.988672195150855,3.075,2.9188223451375963
2024-08-05 05:30:00+00:00,2.92159599697418,3.075,2.920258802175522
2024-08-05 06:30:00+00:00,2.9746504459096834,3.075,2.917552050948143
2024-08-05 07:30:00+00:00,2.8884596406287795,3.075,2.89686858355999
2024-08-05 08:30:00+00:00,2.916739431083103,3.075,2.8735547780990602
2024-08-05 09:30:00+00:00,2.7774397499866814,3.075,2.8504757255315782
2024-08-05 10:30:00+00:00,2.8053383248912684,3.075,2.836954560875893
2024-08-05 11:30:00+00:00,0.0,0.0,0.0
2024-08-05 12:30:00+00:00,2.8391243678239135,3.075,2.829832148551941
2024-08-05 13:30:00+00:00,2.819948494936469,3.075,2.82854140996933
2024-08-05 14:30:00+00:00,0.0,0.0,0.0
2024-08-05 15:30:00+00:00,0.0,0.0,0.0
2024-08-05 16:30:00+00:00,2.8315611943502663,3.075,2.8754237413406374
2024-08-05 17:30:00+00:00,2.93924080937303,3.075,2.8985708475112917
2024-08-05 18:30:00+00:00,2.868495943723431,3.075,2.9207439094781877
2024-08-05 19:30:00+00:00,2.9572241023087913,3.075,2.9201975733041765
2024-08-05 20:30:00+00:00,0.0,0.0,3.6989176805946045e-06
2024-08-05 21:30:00+00:00,0.0,0.0,3.6989176805946045e-06
2024-08-05 22:30:00+00:00,0.0,0.0,3.6989176805946045e-06
2024-08-05 23:30:00+00:00,0.0,0.0,0.0
2024-08-06 00:30:00+00:00,2.934435882425673,3.075,2.91183842420578
2024-08-06 01:30:00+00:00,2.9374591094796583,3.075,2.9178235948085787
2024-08-06 02:30:00+00:00,3.029504663799587,3.075,2.9209971994161608
2024-08-06 03:30:00+00:00,0.0,0.0,0.0
2024-08-06 04:30:00+00:00,0.0,0.0,0.0
2024-08-06 05:30:00+00:00,0.0,0.0,0.0
2024-08-06 06:30:00+00:00,0.0,0.0,0.0
2024-08-06 07:30:00+00:00,0.0,0.0,0.0
2024-08-06 08:30:00+00:00,0.0,0.0,0.0
2024-08-06 09:30:00+00:00,0.0,0.0,0.0
2024-08-06 10:30:00+00:00,0.0,0.0,8.966981113189831e-06
2024-08-06 11:30:00+00:00,0.0,0.0,1.6759544450906105e-05
2024-08-06 12:30:00+00:00,0.0,0.0,0.0
2024-08-06 13:30:00+00:00,0.0,0.0,0.0
2024-08-06 14:30:00+00:00,0.0,0.0,0.0
2024-08-06 15:30:00+00:00,0.0,0.0,0.0
2024-08-06 16:30:00+00:00,0.0,0.0,0.0
2024-08-06 17:30:00+00:00,0.0,0.0,0.0
2024-08-06 18:30:00+00:00,0.0,0.0,0.0
2024-08-06 19:30:00+00:00,0.0,0.0,0.0
2024-08-06 20:30:00+00:00,0.0,0.0,0.0
2024-08-06 21:30:00+00:00,0.0,0.0,0.0
2024-08-06 22:30:00+00:00,0.0,0.0,3.6989176805946045e-06
2024-08-06 23:30:00+00:00,0.0,0.0,3.6989176805946045e-06
2024-08-07 00:30:00+00:00,0.0,0.0,1.5302030078601092e-06
2024-08-07 01:30:00+00:00,0.0,0.0,0.0
2024-08-07 02:30:00+00:00,0.0,0.0,0.0
2024-08-07 03:30:00+00:00,0.0,0.0,0.0
2024-08-07 04:30:00+00:00,0.0,0.0,0.0
2024-08-07 05:30:00+00:00,0.0,0.0,0.0
2024-08-07 06:30:00+00:00,0.0,0.0,0.0
2024-08-07 07:30:00+00:00,0.0,0.0,0.0
2024-08-07 08:30:00+00:00,0.0,0.0,0.0
2024-08-07 09:30:00+00:00,0.0,0.0,0.0
2024-08-07 10:30:00+00:00,0.0,0.0,8.966981113189831e-06
2024-08-07 11:30:00+00:00,0.0,0.0,0.0
2024-08-07 12:30:00+00:00,0.0,0.0,0.0
2024-08-07 13:30:00+00:00,0.0,0.0,0.0
2024-08-07 14:30:00+00:00,0.0,0.0,0.0
2024-08-07 15:30:00+00:00,0.0,0.0,0.0
2024-08-07 16:30:00+00:00,0.0,0.0,0.0
2024-08-07 17:30:00+00:00,0.0,0.0,3.5832517824019305e-06
2024-08-07 18:30:00+00:00,0.0,0.0,3.6989176805946045e-06
2024-08-07 19:30:00+00:00,0.0,0.0,0.0
2024-08-07 20:30:00+00:00,2.9900076312204944,3.075,2.918264609575272
2024-08-07 21:30:00+00:00,0.0,0.0,0.00022159180662129074
2024-08-07 22:30:00+00:00,2.9574873321191046,3.075,2.9187381982803347
2024-08-07 23:30:00+00:00,2.9809676142385317,3.075,2.9187381982803347
2024-08-08 00:30:00+00:00,0.0,0.0,0.0
2024-08-08 01:30:00+00:00,0.0,0.0,0.0
2024-08-08 02:30:00+00:00,0.0,0.0,0.0
2024-08-08 03:30:00+00:00,0.0,0.0,0.0
2024-08-08 04:30:00+00:00,0.0,0.0,0.0
2024-08-08 05:30:00+00:00,0.0,0.0,0.0
2024-08-08 06:30:00+00:00,0.0,0.0,0.0
2024-08-08 07:30:00+00:00,0.0,0.0,0.0
2024-08-08 08:30:00+00:00,0.0,0.0,0.0
2024-08-08 09:30:00+00:00,0.0,0.0,0.0
2024-08-08 10:30:00+00:00,0.0,0.0,8.966981113189831e-06
2024-08-08 11:30:00+00:00,0.0,0.0,0.0
2024-08-08 12:30:00+00:00,0.0,0.0,0.0
2024-08-08 13:30:00+00:00,0.0,0.0,0.0
2024-08-08 14:30:00+00:00,0.0,0.0,0.0
2024-08-08 15:30:00+00:00,0.0,0.0,0.0
2024-08-08 16:30:00+00:00,0.0,0.0,0.0
2024-08-08 17:30:00+00:00,2.8827349741372155,3.075,2.8990554332733156
2024-08-08 18:30:00+00:00,2.9046920931104068,3.075,2.9202674597501757
2024-08-08 19:30:00+00:00,2.9046211566716793,3.075,2.920402404665947
2024-08-08 20:30:00+00:00,2.9825649251555904,3.075,2.9205122709274294
2024-08-08 21:30:00+00:00,3.0207684903895804,3.075,2.9223492711782457
2024-08-08 22:30:00+00:00,2.975183444849182,3.075,2.919462111592293
2024-08-08 23:30:00+00:00,2.9498142978717206,3.075,2.9209410071372988
2024-08-09 00:30:00+00:00,2.880830121816892,3.075,2.920290929079056
2024-08-09 01:30:00+00:00,2.9379117902539233,3.075,2.9181814908981325
2024-08-09 02:30:00+00:00,2.908770813090173,3.075,2.918527510762215
2024-08-09 03:30:00+00:00,2.916920050507348,3.075,2.9232910543680193
2024-08-09 04:30:00+00:00,2.8907260347860015,3.075,2.922149655222893
2024-08-09 05:30:00+00:00,2.947580626920235,3.075,2.9152320593595507
2024-08-09 06:30:00+00:00,2.9658866988135473,3.075,2.918843907117844
2024-08-09 07:30:00+00:00,2.998687317974685,3.075,2.8957634389400484
2024-08-09 08:30:00+00:00,0.0,0.0,0.0
2024-08-09 09:30:00+00:00,0.0,0.0,0.0
2024-08-09 10:30:00+00:00,0.0,0.0,8.966981113189831e-06
2024-08-09 11:30:00+00:00,0.0,0.0,0.0
2024-08-09 12:30:00+00:00,0.0,0.0,0.0
2024-08-09 13:30:00+00:00,0.0,0.0,0.0
2024-08-09 14:30:00+00:00,0.0,0.0,0.0
2024-08-09 15:30:00+00:00,0.0,0.0,0.0
2024-08-09 16:30:00+00:00,0.0,0.0,0.0
2024-08-09 17:30:00+00:00,0.0,0.0,0.0
2024-08-09 18:30:00+00:00,0.0,0.0,0.0
2024-08-09 19:30:00+00:00,0.0,0.0,0.0
2024-08-09 20:30:00+00:00,0.0,0.0,0.0
2024-08-09 21:30:00+00:00,0.0,0.0,3.6989176805946045e-06
2024-08-09 22:30:00+00:00,0.0,0.0,3.6989176805946045e-06
2024-08-09 23:30:00+00:00,0.0,0.0,3.6989176805946045e-06
2024-08-10 00:30:00+00:00,2.7984604536865967,3.075,2.9182359248399736
2024-08-10 01:30:00+00:00,2.892266961221742,3.075,2.9168022990226747
2024-08-10 02:30:00+00:00,0.0,0.0,0.0
2024-08-10 03:30:00+00:00,0.0,0.0,0.0
2024-08-10 04:30:00+00:00,0.0,0.0,0.0
2024-08-10 05:30:00+00:00,0.0,0.0,0.0
2024-08-10 06:30:00+00:00,0.0,0.0,0.0
2024-08-10 07:30:00+00:00,0.0,0.0,0.0
2024-08-10 08:30:00+00:00,0.0,0.0,0.0
2024-08-10 09:30:00+00:00,0.0,0.0,0.0
2024-08-10 10:30:00+00:00,0.0,0.0,8.966981113189831e-06
2024-08-10 11:30:00+00:00,0.0,0.0,0.0
2024-08-10 12:30:00+00:00,0.0,0.0,0.0
2024-08-10 13:30:00+00:00,0.0,0.0,0.0
2024-08-10 14:30:00+00:00,0.0,0.0,0.0
2024-08-10 15:30:00+00:00,0.0,0.0,0.0
2024-08-10 16:30:00+00:00,0.0,0.0,0.0
2024-08-10 17:30:00+00:00,0.0,0.0,0.0
2024-08-10 18:30:00+00:00,0.0,0.0,0.0
2024-08-10 19:30:00+00:00,0.0,0.0,0.0
2024-08-10 20:30:00+00:00,0.0,0.0,3.6989176805946045e-06
2024-08-10 21:30:00+00:00,0.0,0.0,3.6989176805946045e-06
2024-08-10 22:30:00+00:00,0.0,0.0,3.6989176805946045e-06
2024-08-10 23:30:00+00:00,0.0,0.0,3.6989176805946045e-06
2024-08-11 00:30:00+00:00,0.0,0.0,1.5302030078601092e-06
2024-08-11 01:30:00+00:00,0.0,0.0,0.0
2024-08-11 02:30:00+00:00,0.0,0.0,0.0
2024-08-11 03:30:00+00:00,0.0,0.0,0.0
2024-08-11 04:30:00+00:00,0.0,0.0,0.0
2024-08-11 05:30:00+00:00,0.0,0.0,0.0
2024-08-11 06:30:00+00:00,0.0,0.0,0.0
2024-08-11 07:30:00+00:00,0.0,0.0,0.0
2024-08-11 08:30:00+00:00,0.0,0.0,0.0
2024-08-11 09:30:00+00:00,0.0,0.0,0.0
2024-08-11 10:30:00+00:00,0.0,0.0,2.8721988201141357e-05
2024-08-11 11:30:00+00:00,0.0,0.0,1.6759544450906105e-05
2024-08-11 12:30:00+00:00,0.0,0.0,0.0
2024-08-11 13:30:00+00:00,0.0,0.0,0.0
2024-08-11 14:30:00+00:00,0.0,0.0,0.0
2024-08-11 15:30:00+00:00,0.0,0.0,0.0
2024-08-11 16:30:00+00:00,0.0,0.0,0.0
2024-08-11 17:30:00+00:00,0.0,0.0,0.0
2024-08-11 18:30:00+00:00,0.0,0.0,0.0
2024-08-11 19:30:00+00:00,2.8296127559754134,3.075,2.918397840857506
2024-08-11 20:30:00+00:00,0.0,0.0,3.6989176805946045e-06
2024-08-11 21:30:00+00:00,0.0,0.0,3.6989176805946045e-06
2024-08-11 22:30:00+00:00,2.810091759885614,3.075,2.9209950387477877
2024-08-11 23:30:00+00:00,2.965510273574755,3.075,2.920820724964142
2024-08-12 00:30:00+00:00,2.9258811456594755,3.075,2.9228976339101793
2024-08-12 01:30:00+00:00,3.01676402181988,3.075,2.919444662332535
2024-08-12 02:30:00+00:00,2.9470818137550086,3.075,2.9234965413808824
2024-08-12 03:30:00+00:00,2.8982264620582554,3.075,2.9183871120214464
2024-08-12 04:30:00+00:00,0.0,0.0,0.0
2024-08-12 05:30:00+00:00,0.0,0.0,0.0
2024-08-12 06:30:00+00:00,0.0,0.0,0.0
2024-08-12 07:30:00+00:00,0.0,0.0,0.0
2024-08-12 08:30:00+00:00,0.0,0.0,0.0
2024-08-12 09:30:00+00:00,0.0,0.0,0.0
2024-08-12 10:30:00+00:00,0.0,0.0,8.966981113189831e-06
2024-08-12 11:30:00+00:00,0.0,0.0,0.0
2024-08-12 12:30:00+00:00,0.0,0.0,0.0
2024-08-12 13:30:00+00:00,0.0,0.0,0.0
2024-08-12 14:30:00+00:00,0.0,0.0,0.0
2024-08-12 15:30:00+00:00,0.0,0.0,0.0
2024-08-12 16:30:00+00:00,0.0,0.0,0.0
2024-08-12 17:30:00+00:00,0.0,0.0,0.0
2024-08-12 18:30:00+00:00,0.0,0.0,0.0
2024-08-12 19:30:00+00:00,2.9009284458615867,3.075,2.919701036810875
2024-08-12 20:30:00+00:00,2.8328626370792858,3.075,2.920566347241402
2024-08-12 21:30:00+00:00,2.8976877211111076,3.075,2.92008952498436
2024-08-12 22:30:00+00:00,2.9786119001773765,3.075,2.9196280509233477
2024-08-12 23:30:00+00:00,2.9227679759046734,3.075,2.920379412174225
2024-08-13 00:30:00+00:00,2.4700094566632003,2.576264992,2.4418022032989426
2024-08-13 01:30:00+00:00,2.418667986239737,2.5732083200000004,2.441248047210999
2024-08-13 02:30:00+00:00,2.0531558231327263,2.1697362879999997,2.0610158587583425
2024-08-13 03:30:00+00:00,2.1239012094687078,2.2224562359999998,2.1100755972813947
2024-08-13 04:30:00+00:00,2.1077822497716627,2.2224562359999998,2.11010886412376
2024-08-13 05:30:00+00:00,2.9085434618564823,3.041123128,2.900111144843796
2024-08-13 06:30:00+00:00,3.0195122198157707,3.075,2.921583679318428
2024-08-13 07:30:00+00:00,3.0166333191738564,3.075,2.8980010867118837
2024-08-13 08:30:00+00:00,2.821374166968936,3.075,2.8781622767448427
2024-08-13 09:30:00+00:00,2.7928093331819386,3.075,2.8589834541082384
2024-08-13 10:30:00+00:00,2.8298682337115992,3.075,2.838014018535614
2024-08-13 11:30:00+00:00,2.77416277588772,3.075,2.8313610374927523
2024-08-13 12:30:00+00:00,2.723512322603507,3.075,2.8282797753810884
2024-08-13 13:30:00+00:00,2.859920434692431,3.075,2.8271848231554033
2024-08-13 14:30:00+00:00,2.88636237447526,3.075,2.8401704996824266
2024-08-13 15:30:00+00:00,2.8108137834269797,3.075,2.8583367586135866
2024-08-13 16:30:00+00:00,2.7891854638600524,3.075,2.8766234487295153
2024-08-13 17:30:00+00:00,2.938749748107621,3.075,2.897098568081856
2024-08-13 18:30:00+00:00,2.8305603886016693,3.075,2.920427438616753
2024-08-13 19:30:00+00:00,2.944502843305476,3.075,2.9158726751804354
2024-08-13 20:30:00+00:00,2.9074291542896096,3.075,2.9169225662946703
2024-08-13 21:30:00+00:00,2.94357545406956,3.075,2.9195723056793215
2024-08-13 22:30:00+00:00,2.905886898251342,3.075,2.9197046726942064
2024-08-13 23:30:00+00:00,2.9858349288027988,3.075,2.919153180718422
2024-08-14 00:30:00+00:00,2.857967365958978,3.075,2.9187512665987017
2024-08-14 01:30:00+00:00,3.0218187661110556,3.075,2.919709396362305
2024-08-14 02:30:00+00:00,2.978707069368969,3.075,2.9195151299238207
2024-08-14 03:30:00+00:00,2.841498597273467,3.075,2.922318768501282
2024-08-14 04:30:00+00:00,2.78207274456604,3.075,2.9234886884689333
2024-08-14 05:30:00+00:00,2.95374219722032,3.075,2.921575126051903
2024-08-14 06:30:00+00:00,2.8269099325944,3.075,2.921215590834618
2024-08-14 07:30:00+00:00,2.8178400898738554,3.075,2.8975359171628954
2024-08-14 08:30:00+00:00,2.850047294312211,3.075,2.8698478907346727
2024-08-14 09:30:00+00:00,2.885535720708327,3.075,2.8549521237611772
2024-08-14 10:30:00+00:00,2.7550597752135273,3.075,2.834238064289093
2024-08-14 11:30:00+00:00,2.8437196219529097,3.075,2.8282475143671038
2024-08-14 12:30:00+00:00,2.8003991337160943,3.075,2.8260480731725695
2024-08-14 13:30:00+00:00,2.9650961147677584,3.075,2.829026293754578
2024-08-14 14:30:00+00:00,0.0,0.0,0.0
2024-08-14 15:30:00+00:00,0.0,0.0,0.0
2024-08-14 16:30:00+00:00,0.0,0.0,0.0
2024-08-14 17:30:00+00:00,0.0,0.0,0.0
2024-08-14 18:30:00+00:00,2.9524976581917435,3.075,2.920226377248764
2024-08-14 19:30:00+00:00,2.9214905080664018,3.075,2.9202658206224443
2024-08-14 20:30:00+00:00,2.9689022011630413,3.075,2.919394639134407
2024-08-14 21:30:00+00:00,3.0230974416121397,3.075,2.9197457849979402
2024-08-14 22:30:00+00:00,2.948740510261742,3.075,2.919217270612717
2024-08-14 23:30:00+00:00,2.93518289209188,3.075,2.9186401784420015
2024-08-15 00:30:00+00:00,2.875087178111667,3.075,2.9230602502822878
2024-08-15 01:30:00+00:00,2.9338943048953725,3.075,2.919432055950165
2024-08-15 02:30:00+00:00,2.897258692094637,3.075,2.9177963852882387
2024-08-15 03:30:00+00:00,2.965747385055066,3.075,2.918527510762215
2024-08-15 04:30:00+00:00,2.9223437129711685,3.075,2.9206369489431383
2024-08-15 05:30:00+00:00,3.027684819283799,3.075,2.921402108669281
2024-08-15 06:30:00+00:00,2.9598779710423346,3.075,2.9213541567325594
2024-08-15 07:30:00+00:00,3.0647799949064667,3.075,2.898894262313843
2024-08-15 08:30:00+00:00,2.948350668960338,3.075,2.8715627759695055
2024-08-15 09:30:00+00:00,2.934341437167207,3.075,2.8502728909254076
2024-08-15 10:30:00+00:00,0.0,0.0,0.0
2024-08-15 11:30:00+00:00,0.0,0.0,0.0
2024-08-15 12:30:00+00:00,0.0,0.0,0.0
2024-08-15 13:30:00+00:00,0.0,0.0,0.0
2024-08-15 14:30:00+00:00,0.0,0.0,0.0
2024-08-15 15:30:00+00:00,0.0,0.0,0.0
2024-08-15 16:30:00+00:00,0.0,0.0,0.0
2024-08-15 17:30:00+00:00,2.908359692741209,3.075,2.8990554332733156
2024-08-15 18:30:00+00:00,2.8225192062604534,3.075,2.9206707894802095
2024-08-15 19:30:00+00:00,2.7443455496895854,3.075,2.9198342680931093
2024-08-15 20:30:00+00:00,2.8952123107557557,3.075,2.9187364250421526
2024-08-15 21:30:00+00:00,2.8116737234238274,3.075,2.919747394323349
2024-08-15 22:30:00+00:00,2.9416097012587814,3.075,2.9206614017486574
2024-08-15 23:30:00+00:00,2.840598088332213,3.075,2.919673186540604
2024-08-16 00:30:00+00:00,2.925175303335827,3.075,2.9167055010795595
2024-08-16 01:30:00+00:00,2.8863797156069024,3.075,2.9205772399902346
2024-08-16 02:30:00+00:00,2.8902102035079205,3.075,2.920923259854317
2024-08-16 03:30:00+00:00,2.9321213641911834,3.075,2.921526399254799
2024-08-16 04:30:00+00:00,3.0124533646657436,3.075,2.921436932682991
2024-08-16 05:30:00+00:00,3.004675771344701,3.075,2.921891820430756
2024-08-16 06:30:00+00:00,2.8498831139724503,3.075,2.911237758398056
2024-08-16 07:30:00+00:00,2.885861526365749,3.075,2.893340435624123
2024-08-16 08:30:00+00:00,0.0,0.0,0.0
2024-08-16 09:30:00+00:00,0.0,0.0,0.0
2024-08-16 10:30:00+00:00,0.0,0.0,2.8721988201141357e-05
2024-08-16 11:30:00+00:00,0.0,0.0,1.6759544450906105e-05
2024-08-16 12:30:00+00:00,0.0,0.0,1.6759544450906105e-05
2024-08-16 13:30:00+00:00,0.0,0.0,1.6759544450906105e-05
2024-08-16 14:30:00+00:00,0.0,0.0,0.0
2024-08-16 15:30:00+00:00,0.0,0.0,0.0
2024-08-16 16:30:00+00:00,0.0,0.0,0.0
2024-08-16 17:30:00+00:00,0.0,0.0,0.0
2024-08-16 18:30:00+00:00,2.95698249236317,3.075,2.919234362244606
2024-08-16 19:30:00+00:00,2.86976441822734,3.075,2.9198753505945207
2024-08-16 20:30:00+00:00,2.9027589963828175,3.075,2.9198753505945207
2024-08-16 21:30:00+00:00,2.9193403231495227,3.075,2.9202850431203844
2024-08-16 22:30:00+00:00,2.875025741897028,3.075,2.9212501615285875
2024-08-16 23:30:00+00:00,2.942056994595302,3.075,2.920121428370476
2024-08-17 00:30:00+00:00,2.9534743780152835,3.075,2.9216822355985643
2024-08-17 01:30:00+00:00,2.9434638113457283,3.075,2.9244665622711183
2024-08-17 02:30:00+00:00,2.908561401812219,3.075,2.921155494451523
2024-08-17 03:30:00+00:00,3.034063300737334,3.075,2.919603314995766
2024-08-17 04:30:00+00:00,2.9315412563589187,3.075,2.9197621017694475
2024-08-17 05:30:00+00:00,2.878651680417672,3.075,2.920133185386658
2024-08-17 06:30:00+00:00,2.922748370946316,3.075,2.9194236516952516
2024-08-17 07:30:00+00:00,2.890118910368048,3.075,2.8984404772520067
2024-08-17 08:30:00+00:00,2.8467798201243095,3.075,2.877887350320816
2024-08-17 09:30:00+00:00,2.8505897844593706,3.075,2.852442216873169
2024-08-17 10:30:00+00:00,0.0,0.0,0.0
2024-08-17 11:30:00+00:00,0.0,0.0,0.0
2024-08-17 12:30:00+00:00,0.0,0.0,0.0
2024-08-17 13:30:00+00:00,2.7383623158420374,3.075,2.828072515130043
2024-08-17 14:30:00+00:00,2.8545094819141474,3.075,2.8410469561815264
2024-08-17 15:30:00+00:00,2.9104876674026334,3.075,2.860103335976601
2024-08-17 16:30:00+00:00,2.782023681030331,3.075,2.8769332587718965
2024-08-17 17:30:00+00:00,2.8885884717718127,3.075,2.8991918683052065
2024-08-17 18:30:00+00:00,2.8640643007444404,3.075,2.920630556344986
2024-08-17 19:30:00+00:00,2.98225830691643,3.075,2.92045935690403
2024-08-17 20:30:00+00:00,2.8897990938703497,3.075,2.919388231635094
2024-08-17 21:30:00+00:00,2.897432143394622,3.075,2.9179820090532305
2024-08-17 22:30:00+00:00,2.8360789187370927,3.075,2.919474270939827
2024-08-17 23:30:00+00:00,2.8709343111127077,3.075,2.924243149161339
2024-08-18 00:30:00+00:00,2.910958731311495,3.075,2.924386602640152
2024-08-18 01:30:00+00:00,2.8048962295478557,3.075,2.923340690135956
2024-08-18 02:30:00+00:00,2.9377692666317294,3.075,2.923340690135956
2024-08-18 03:30:00+00:00,2.826911025911777,3.075,2.9207482755184175
2024-08-18 04:30:00+00:00,2.886483512671772,3.075,2.9232953906059267
2024-08-18 05:30:00+00:00,2.87562227702161,3.075,2.9236171662807466
2024-08-18 06:30:00+00:00,2.7383808122650586,3.075,2.9216664701700212
2024-08-18 07:30:00+00:00,3.0290678374823177,3.075,2.8994944214820864
2024-08-18 08:30:00+00:00,2.960566809825368,3.075,2.874081861972809
2024-08-18 09:30:00+00:00,2.7837817510132146,3.075,2.852736619114876
2024-08-18 10:30:00+00:00,0.0,0.0,0.0
2024-08-18 11:30:00+00:00,0.0,0.0,0.0
2024-08-18 12:30:00+00:00,0.0,0.0,0.0
2024-08-18 13:30:00+00:00,2.9008372338789177,3.075,2.830432590842247
2024-08-18 14:30:00+00:00,0.0,0.0,0.0
2024-08-18 15:30:00+00:00,0.0,0.0,0.0
2024-08-18 16:30:00+00:00,2.7714699409474925,3.075,2.876326647400856
2024-08-18 17:30:00+00:00,2.9941502098574264,3.075,2.900418770313263
2024-08-18 18:30:00+00:00,2.8556191203034267,3.075,2.920776900649071
2024-08-18 19:30:00+00:00,2.921153603828315,3.075,2.92003972530365
2024-08-18 20:30:00+00:00,2.7743955330224197,3.075,2.92039832174778
2024-08-18 21:30:00+00:00,2.905177823385001,3.075,2.920374941825867
2024-08-18 22:30:00+00:00,2.9758514673785044,3.075,2.9208998650312425
2024-08-18 23:30:00+00:00,2.8853489147867983,3.075,2.9164021879434587
2024-08-19 00:30:00+00:00,3.0192960174613255,3.06884,2.9141190081501005
2024-08-19 01:30:00+00:00,2.85620829767755,3.075,2.9217470407485964
2024-08-19 02:30:00+00:00,2.9473980546937835,3.075,2.924131539463997
2024-08-19 03:30:00+00:00,2.9322331420394923,3.075,2.924007919430733
2024-08-19 04:30:00+00:00,2.9059325058243526,3.075,2.9243302762508394
2024-08-19 05:30:00+00:00,2.940514158133534,3.075,2.9260166704654695
2024-08-19 06:30:00+00:00,2.821160650632597,3.075,2.927778121829033
2024-08-19 07:30:00+00:00,2.914736583403386,3.075,2.900418308377266
2024-08-19 08:30:00+00:00,2.8433075871671503,3.075,2.8737855523824694
2024-08-19 09:30:00+00:00,2.8215743042324655,3.075,2.8502728909254076
2024-08-19 10:30:00+00:00,2.83878779607951,3.075,2.834746998548508
2024-08-19 11:30:00+00:00,0.0,0.0,1.823271668399684e-05
2024-08-19 12:30:00+00:00,0.0,0.0,0.0
2024-08-19 13:30:00+00:00,0.0,0.0,0.0
2024-08-19 14:30:00+00:00,0.0,0.0,0.0
2024-08-19 15:30:00+00:00,0.0,0.0,0.0
2024-08-19 16:30:00+00:00,2.913185778991992,3.075,2.8749513745307924
2024-08-19 17:30:00+00:00,2.8193030221555593,3.075,2.898881819844246
2024-08-19 18:30:00+00:00,2.9132572652077147,3.075,2.9206707894802095
2024-08-19 19:30:00+00:00,2.823896105267308,3.075,2.9196653783321382
2024-08-19 20:30:00+00:00,2.8979147456812764,3.075,2.919394639134407
2024-08-19 21:30:00+00:00,2.8917051388440855,3.075,2.9192865014076235
2024-08-19 22:30:00+00:00,2.9923726598023728,3.075,2.9209821790456774
2024-08-19 23:30:00+00:00,2.8744999456835947,3.075,2.9198452949523928
2024-08-20 00:30:00+00:00,2.864121394489379,3.075,2.9189124673604967
2024-08-20 01:30:00+00:00,2.910535717641754,3.075,2.915010076761246
2024-08-20 02:30:00+00:00,2.853599082228179,3.075,2.9161025851964952
2024-08-20 03:30:00+00:00,2.8959736574297525,3.075,2.9156740427017214
2024-08-20 04:30:00+00:00,2.846548370314124,3.075,2.914903324842453
2024-08-20 05:30:00+00:00,2.913920686348064,3.075,2.919258487224579
2024-08-20 06:30:00+00:00,2.8529709990681824,3.075,2.920217689871788
2024-08-20 07:30:00+00:00,2.881131016102085,3.075,2.8967197954654695
2024-08-20 08:30:00+00:00,2.7485866440497904,3.075,2.8747934818267824
2024-08-20 09:30:00+00:00,2.876668892992421,3.075,2.8516309380531313
2024-08-20 10:30:00+00:00,2.847087048781314,3.075,2.8360411047935488
2024-08-20 11:30:00+00:00,0.0,0.0,0.0
2024-08-20 12:30:00+00:00,0.0,0.0,0.0
2024-08-20 13:30:00+00:00,0.0,0.0,0.0
2024-08-20 14:30:00+00:00,0.0,0.0,0.0
2024-08-20 15:30:00+00:00,0.0,0.0,0.0
2024-08-20 16:30:00+00:00,2.8824157661646264,3.075,2.877899569272995
2024-08-20 17:30:00+00:00,2.80988348393521,3.075,2.9014932781457903
2024-08-20 18:30:00+00:00,2.9311511421064123,3.075,2.922808197140694
2024-08-20 19:30:00+00:00,2.8945949605567045,3.075,2.9225959151983263
2024-08-20 20:30:00+00:00,2.8267863971801526,3.075,2.921271246671677
2024-08-20 21:30:00+00:00,2.9355655251048054,3.075,2.9193649113178255
2024-08-20 22:30:00+00:00,2.9827424823639124,3.075,2.921271246671677
2024-08-20 23:30:00+00:00,2.8922560142219385,3.075,2.92092504799366
2024-08-21 00:30:00+00:00,2.9709138449471992,3.075,2.920033794641495
2024-08-21 01:30:00+00:00,2.919026593621711,3.075,2.9211674302816393
2024-08-21 02:30:00+00:00,2.9010648086483717,3.075,2.921004277467728
2024-08-21 03:30:00+00:00,2.879346070092066,3.075,2.918658581376076
2024-08-21 04:30:00+00:00,2.878612575664559,3.075,2.9224224954843523
2024-08-21 05:30:00+00:00,2.9023490855743916,3.075,2.923321855068207
2024-08-21 06:30:00+00:00,2.8626978261890588,3.068924688,2.9133849220459824
2024-08-21 07:30:00+00:00,2.8012966382811513,3.075,2.897340950369835
2024-08-21 08:30:00+00:00,2.8226623070677164,3.075,2.8748486161231996
2024-08-21 09:30:00+00:00,2.790975185797508,3.075,2.8568266451358797
2024-08-21 10:30:00+00:00,2.8960112745109554,3.075,2.8406620591878893
2024-08-21 11:30:00+00:00,2.818097501426401,3.075,2.8317387968301775
2024-08-21 12:30:00+00:00,0.0,0.0,0.0
2024-08-21 13:30:00+00:00,0.0,0.0,3.358800313435495e-07
2024-08-21 14:30:00+00:00,0.0,0.0,0.0
2024-08-21 15:30:00+00:00,0.0,0.0,0.0
2024-08-21 16:30:00+00:00,2.8409793874421285,3.075,2.8757232397794725
2024-08-21 17:30:00+00:00,2.8518419882519574,3.075,2.8993530094623567
2024-08-21 18:30:00+00:00,3.0047843670428436,3.075,2.922100928425789
2024-08-21 19:30:00+00:00,2.908876426045794,3.075,2.9201525866985323
2024-08-21 20:30:00+00:00,2.805686295838048,3.075,2.9212882041931154
2024-08-21 21:30:00+00:00,2.99186234697516,3.075,2.922598567605019
2024-08-21 22:30:00+00:00,0.0,0.0,1.7714504792820662e-05
2024-08-21 23:30:00+00:00,2.957014365427194,3.075,2.9228415310382845
2024-08-22 00:30:00+00:00,2.8178663298573707,3.075,2.92183433175087
2024-08-22 01:30:00+00:00,2.869488788733415,3.075,2.92201943397522
2024-08-22 02:30:00+00:00,2.8919323079522923,3.075,2.9211277633905413
2024-08-22 03:30:00+00:00,2.9668608082211674,3.075,2.9232270985841753
2024-08-22 04:30:00+00:00,2.9285926250165977,3.073399996,2.920079594093033
2024-08-22 05:30:00+00:00,2.801516892309531,2.92678524,2.7807848845178986
2024-08-22 06:30:00+00:00,2.9243218238442714,3.02262542,2.885639626290245
2024-08-22 07:30:00+00:00,2.9061762383449956,3.07455924,2.897243110792389
2024-08-22 08:30:00+00:00,2.9949385994973645,3.075,2.873902124166489
2024-08-22 09:30:00+00:00,2.811408398074962,3.075,2.85489499270916
2024-08-22 10:30:00+00:00,2.8668379977474383,3.075,2.8398994475603105
2024-08-22 11:30:00+00:00,2.875458137810531,3.075,2.8376279145479204
2024-08-22 12:30:00+00:00,2.9171969084661895,3.075,2.8407294124364855
2024-08-22 13:30:00+00:00,0.0,0.0,0.0
2024-08-22 14:30:00+00:00,0.0,0.0,0.0
2024-08-22 15:30:00+00:00,0.0,0.0,0.0
2024-08-22 16:30:00+00:00,0.0,0.0,0.0
2024-08-22 17:30:00+00:00,0.0,0.0,0.0
2024-08-22 18:30:00+00:00,0.0,0.0,0.0
2024-08-22 19:30:00+00:00,2.801510598201515,3.075,2.9214344143867494
2024-08-22 20:30:00+00:00,3.02742267085938,3.075,2.9207530289888384
2024-08-22 21:30:00+00:00,2.9123673046826872,3.075,2.9207530289888384
2024-08-22 22:30:00+00:00,2.9429633400498183,3.075,2.920330074429512
2024-08-22 23:30:00+00:00,2.9016738609792685,3.075,2.9203131169080736
2024-08-23 00:30:00+00:00,2.9923607698811283,3.075,2.9228045463562013
2024-08-23 01:30:00+00:00,2.871729638556501,3.075,2.924047675728798
2024-08-23 02:30:00+00:00,3.0213310939985187,3.075,2.921828863024712
2024-08-23 03:30:00+00:00,2.8816415581082646,3.075,2.919830855727196
2024-08-23 04:30:00+00:00,2.952212089985872,3.075,2.919843536615372
2024-08-23 05:30:00+00:00,2.89284102302444,3.075,2.91944697201252
2024-08-23 06:30:00+00:00,2.9646402382347543,3.075,2.920217689871788
2024-08-23 07:30:00+00:00,2.9497588101398,3.075,2.892489713430405
2024-08-23 08:30:00+00:00,2.7774467091445554,3.075,2.8732616722583773
2024-08-23 09:30:00+00:00,2.7513266840426076,3.075,2.855056953430176
2024-08-23 10:30:00+00:00,2.91174260907993,3.075,2.841686245799065
2024-08-23 11:30:00+00:00,0.0,0.0,0.0007886884268373251
2024-08-23 12:30:00+00:00,0.0,0.0,0.00022055757290218025
2024-08-23 13:30:00+00:00,2.8362042265313727,3.075,2.8272965371608736
2024-08-23 14:30:00+00:00,0.0,0.0,0.0
2024-08-23 15:30:00+00:00,0.0,0.0,0.0
2024-08-23 16:30:00+00:00,0.0,0.0,0.0
2024-08-23 17:30:00+00:00,0.0,0.0,0.0
2024-08-23 18:30:00+00:00,0.0,0.0,0.0
2024-08-23 19:30:00+00:00,0.0,0.0,0.0
2024-08-23 20:30:00+00:00,0.0,0.0,0.0
2024-08-23 21:30:00+00:00,0.0,0.0,0.0
2024-08-23 22:30:00+00:00,0.0,0.0,0.0
2024-08-23 23:30:00+00:00,0.0,0.0,6.393552757799625e-05
2024-08-24 00:30:00+00:00,0.0,0.0,0.0
2024-08-24 01:30:00+00:00,0.0,0.0,0.00012714781041722745
2024-08-24 02:30:00+00:00,0.0,0.0,0.0005628687795251608
2024-08-24 03:30:00+00:00,0.0,0.0,2.326062531210482e-05
2024-08-24 04:30:00+00:00,2.9857914914178676,3.075,2.9203579097986223
2024-08-24 05:30:00+00:00,2.8135447022243825,3.075,2.9245238572359087
2024-08-24 06:30:00+00:00,2.9671095823772,3.075,2.921943348646164
2024-08-24 07:30:00+00:00,2.9376378236164893,3.075,2.897164356708527
2024-08-24 08:30:00+00:00,2.9205027892989093,3.075,2.874881473183632
2024-08-24 09:30:00+00:00,2.7976161495957936,3.075,2.848109331727028
2024-08-24 10:30:00+00:00,2.7370534794336936,3.075,2.8362273544073107
2024-08-24 11:30:00+00:00,2.891550376520795,3.075,2.8286335438489916
2024-08-24 12:30:00+00:00,0.9376899417356194,1.0381975839999997,0.968196391609081
2024-08-24 13:30:00+00:00,0.3087129671971146,0.33713311000000007,0.3125733309073306
2024-08-24 14:30:00+00:00,2.888244663792456,3.075,2.8551382541656496
2024-08-24 15:30:00+00:00,0.0,0.0,0.0
2024-08-24 16:30:00+00:00,2.956253822997081,3.075,2.8756411492824556
2024-08-24 17:30:00+00:00,0.0,0.0,0.0006259408546611667
2024-08-24 18:30:00+00:00,0.0,0.0,0.0
2024-08-24 19:30:00+00:00,0.0,0.0,0.0
2024-08-24 20:30:00+00:00,0.0,0.0,1.7714504792820662e-05
2024-08-24 21:30:00+00:00,0.0,0.0,0.00021141495381016284
2024-08-24 22:30:00+00:00,0.0,0.0,0.00021141495381016284
2024-08-24 23:30:00+00:00,0.0,0.0,0.00021141495381016284
2024-08-25 00:30:00+00:00,0.0,0.0,0.0
2024-08-25 01:30:00+00:00,0.0,0.0,0.00010673166252672672
2024-08-25 02:30:00+00:00,0.0,0.0,0.0009972351836040616
2024-08-25 03:30:00+00:00,0.0,0.0,0.00010673166252672672
2024-08-25 04:30:00+00:00,0.0,0.0,0.00010673166252672672
2024-08-25 05:30:00+00:00,0.0,0.0,0.0010653737699612975
2024-08-25 06:30:00+00:00,0.0,0.0,5.0395527068758383e-05
2024-08-25 07:30:00+00:00,0.0,0.0,0.0002054995420621708
2024-08-25 08:30:00+00:00,0.0,0.0,1.2072452591382898e-05
2024-08-25 09:30:00+00:00,0.0,0.0,0.0
2024-08-25 10:30:00+00:00,2.8417878293393155,3.075,2.8317840069532396
2024-08-25 11:30:00+00:00,2.8570210891969134,3.075,2.830343332886696
2024-08-25 12:30:00+00:00,0.0,0.0,1.6759544450906105e-05
2024-08-25 13:30:00+00:00,0.0,0.0,0.00016846711514517665
2024-08-25 14:30:00+00:00,0.0,0.0,0.0
2024-08-25 15:30:00+00:00,0.0,0.0,0.0
2024-08-25 16:30:00+00:00,0.0,0.0,0.00021129929518792778
2024-08-25 17:30:00+00:00,0.0,0.0,0.00023105430591385812
2024-08-25 18:30:00+00:00,0.0,0.0,0.00023116996453609318
2024-08-25 19:30:00+00:00,0.0,0.0,0.00023116996453609318
2024-08-25 20:30:00+00:00,0.0,0.0,0.00023116996453609318
2024-08-25 21:30:00+00:00,0.0,0.0,0.00023116996453609318
2024-08-25 22:30:00+00:00,0.0,0.0,0.0
2024-08-25 23:30:00+00:00,0.0,0.0,0.0011601505102589726
2024-08-26 00:30:00+00:00,0.0,0.0,0.00020829545974265784
2024-08-26 01:30:00+00:00,0.0,0.0,0.0
2024-08-26 02:30:00+00:00,0.0,0.0,3.343643038533628e-05
2024-08-26 03:30:00+00:00,0.0,0.0,0.0
2024-08-26 04:30:00+00:00,0.0,0.0,0.0010851288679987192
2024-08-26 05:30:00+00:00,0.0,0.0,0.0
2024-08-26 06:30:00+00:00,0.0,0.0,0.0
2024-08-26 07:30:00+00:00,0.0,0.0,0.0005826238193549216
2024-08-26 08:30:00+00:00,0.0,0.0,0.0
2024-08-26 09:30:00+00:00,0.0,0.0,0.0
2024-08-26 10:30:00+00:00,0.0,0.0,2.8721988201141357e-05
2024-08-26 11:30:00+00:00,0.0,0.0,4.565707058645785e-05
2024-08-26 12:30:00+00:00,0.0,0.0,0.0
2024-08-26 13:30:00+00:00,0.0,0.0,0.0
2024-08-26 14:30:00+00:00,0.0,0.0,0.0
2024-08-26 15:30:00+00:00,0.0,0.0,0.0
2024-08-26 16:30:00+00:00,0.0,0.0,0.00013767750351689756
2024-08-26 17:30:00+00:00,0.0,0.0,0.0011600347934290767
2024-08-26 18:30:00+00:00,0.0,0.0,0.0038352557457983494
2024-08-26 19:30:00+00:00,0.0,0.0,0.0035266662016510963
2024-08-26 20:30:00+00:00,0.0,0.0,0.003265083534643054
2024-08-26 21:30:00+00:00,0.0,0.0,3.935441418434493e-05
2024-08-26 22:30:00+00:00,0.0,0.0,0.0030850516632199287
2024-08-26 23:30:00+00:00,0.0,0.0,0.0
2024-08-27 00:30:00+00:00,0.0,0.0,0.0033215524163097143
2024-08-27 01:30:00+00:00,0.0,0.0,0.0030599695164710283
2024-08-27 02:30:00+00:00,0.0,0.0,0.0
2024-08-27 03:30:00+00:00,0.0,0.0,0.0
2024-08-27 04:30:00+00:00,0.0,0.0,0.0
2024-08-27 05:30:00+00:00,0.0,0.0,0.0
2024-08-27 06:30:00+00:00,0.0,0.0,0.0
2024-08-27 07:30:00+00:00,0.0,0.0,0.0
2024-08-27 08:30:00+00:00,0.0,0.0,0.0
2024-08-27 09:30:00+00:00,0.0,0.0,0.0
2024-08-27 10:30:00+00:00,0.0,0.0,0.0
2024-08-27 11:30:00+00:00,0.0,0.0,0.0009246973786503077
2024-08-27 12:30:00+00:00,2.8019450140207383,3.075,2.8271452605724336
2024-08-27 13:30:00+00:00,0.0,0.0,0.0
2024-08-27 14:30:00+00:00,0.0,0.0,0.0
2024-08-27 15:30:00+00:00,0.0,0.0,0.0
2024-08-27 16:30:00+00:00,2.895145801601652,3.075,2.8748521476984026
2024-08-27 17:30:00+00:00,2.8988777503801186,3.075,2.897032153606415
2024-08-27 18:30:00+00:00,2.9331738824846685,3.075,2.915200036764145
2024-08-27 19:30:00+00:00,0.0,0.0,8.58592102304101e-05
2024-08-27 20:30:00+00:00,0.0,0.0,0.0
2024-08-27 21:30:00+00:00,0.0,0.0,3.935441418434493e-05
2024-08-27 22:30:00+00:00,0.0,0.0,0.000347943976521492
2024-08-27 23:30:00+00:00,0.0,0.0,3.935441418434493e-05
2024-08-28 00:30:00+00:00,0.0,0.0,0.002727621467784047
2024-08-28 01:30:00+00:00,3.020951027118151,3.075,2.923836570978165
2024-08-28 02:30:00+00:00,2.938295064638102,3.075,2.9264707237482073
2024-08-28 03:30:00+00:00,3.0554549701032703,3.075,2.9305164486169817
2024-08-28 04:30:00+00:00,2.9371231680121617,3.075,2.9265878319740297
2024-08-28 05:30:00+00:00,2.0064079985117327,2.116543156,2.021872621866089
2024-08-28 06:30:00+00:00,3.032994820131879,3.075,2.930695649981499
2024-08-28 07:30:00+00:00,2.884473723256712,3.075,2.8898440271615984
2024-08-28 08:30:00+00:00,0.0,0.0,0.0
2024-08-28 09:30:00+00:00,0.0,0.0,0.0
2024-08-28 10:30:00+00:00,0.0,0.0,0.0
2024-08-28 11:30:00+00:00,0.0,0.0,0.0
2024-08-28 12:30:00+00:00,0.0,0.0,0.0
2024-08-28 13:30:00+00:00,0.0,0.0,0.0
2024-08-28 14:30:00+00:00,0.0,0.0,3.0316467018565163e-05
2024-08-28 15:30:00+00:00,0.0,0.0,0.0
2024-08-28 16:30:00+00:00,0.0,0.0,0.0
2024-08-28 17:30:00+00:00,0.0,0.0,0.003367586527019739
2024-08-28 18:30:00+00:00,0.0,0.0,0.0028074937872588634
2024-08-28 19:30:00+00:00,0.0,0.0,0.003131556324660778
2024-08-28 20:30:00+00:00,0.0,0.0,8.58592102304101e-05
2024-08-28 21:30:00+00:00,0.0,0.0,8.58592102304101e-05
2024-08-28 22:30:00+00:00,0.0,0.0,8.58592102304101e-05
2024-08-28 23:30:00+00:00,0.0,0.0,0.00032200521673075855
2024-08-29 00:30:00+00:00,0.0,0.0,0.0
2024-08-29 01:30:00+00:00,0.0,0.0,0.0
2024-08-29 02:30:00+00:00,0.0,0.0,0.0
2024-08-29 03:30:00+00:00,0.0,0.0,0.0
2024-08-29 04:30:00+00:00,0.0,0.0,0.0
2024-08-29 05:30:00+00:00,0.0,0.0,0.0
2024-08-29 06:30:00+00:00,2.9739614101879943,3.075,2.9135433703660967
2024-08-29 07:30:00+00:00,2.8685207679066242,3.075,2.8888678669929506
2024-08-29 08:30:00+00:00,2.99120040176043,3.075,2.869498831033707
2024-08-29 09:30:00+00:00,2.856060130261481,3.043744612,2.8471185895419233
2024-08-29 10:30:00+00:00,2.8665366101022087,3.075,2.8314148008823397
2024-08-29 11:30:00+00:00,2.7914866561844356,3.075,2.8356015354394914
2024-08-29 12:30:00+00:00,2.6420560339782835,3.075,2.827905622124672
2024-08-29 13:30:00+00:00,2.8501828772626934,3.075,2.8369895040988924
2024-08-29 14:30:00+00:00,2.751265258488805,3.075,2.8456859260797502
2024-08-29 15:30:00+00:00,0.0,0.0,0.0
2024-08-29 16:30:00+00:00,0.0,0.0,0.0
2024-08-29 17:30:00+00:00,0.0,0.0,0.0
2024-08-29 18:30:00+00:00,0.0,0.0,0.0
2024-08-29 19:30:00+00:00,0.0,0.0,0.0
2024-08-29 20:30:00+00:00,0.0,0.0,0.0
2024-08-29 21:30:00+00:00,0.0,0.0,0.0
2024-08-29 22:30:00+00:00,0.0,0.0,0.0
2024-08-29 23:30:00+00:00,0.0,0.0,0.0
2024-08-30 00:30:00+00:00,0.0,0.0,7.787963841110468e-05
2024-08-30 01:30:00+00:00,0.0,0.0,7.787963841110468e-05
2024-08-30 02:30:00+00:00,0.0,0.0,0.0019225430442020297
2024-08-30 03:30:00+00:00,0.0,0.0,7.787963841110468e-05
2024-08-30 04:30:00+00:00,0.0,0.0,1.7039308659150265e-05
2024-08-30 05:30:00+00:00,0.0,0.0,5.375342516344972e-05
2024-08-30 06:30:00+00:00,0.0,0.0,5.375342516344972e-05
2024-08-30 07:30:00+00:00,0.0,0.0,4.292246376280673e-05
2024-08-30 08:30:00+00:00,0.0,0.0,5.1395119953667745e-05
2024-08-30 09:30:00+00:00,0.0,0.0,5.1395119953667745e-05
2024-08-30 10:30:00+00:00,0.0,0.0,7.44854478398338e-05
2024-08-30 11:30:00+00:00,0.0,0.0,0.0
2024-08-30 12:30:00+00:00,0.0,0.0,0.0
2024-08-30 13:30:00+00:00,0.0,0.0,0.0031992467120289803
2024-08-30 14:30:00+00:00,0.0,0.0,0.0
2024-08-30 15:30:00+00:00,0.0,0.0,0.0
2024-08-30 16:30:00+00:00,0.0,0.0,0.0
2024-08-30 17:30:00+00:00,0.0,0.0,0.0
2024-08-30 18:30:00+00:00,0.0,0.0,0.0
2024-08-30 19:30:00+00:00,0.0,0.0,0.0
2024-08-30 20:30:00+00:00,2.8690404943944996,3.075,2.916096177697182
2024-08-30 21:30:00+00:00,2.838779300744457,3.075,2.9200900167226793
2024-08-30 22:30:00+00:00,2.9017409423359792,3.075,2.918676641583443
2024-08-30 23:30:00+00:00,2.988461485516659,3.075,2.91590955555439
2024-08-31 00:30:00+00:00,0.0,0.0,0.0
2024-08-31 01:30:00+00:00,0.0,0.0,0.0
2024-08-31 02:30:00+00:00,0.0,0.0,0.0
2024-08-31 03:30:00+00:00,0.0,0.0,0.0
2024-08-31 04:30:00+00:00,0.0,0.0,0.0
2024-08-31 05:30:00+00:00,3.0200594326467205,3.075,2.9171592712402346
2024-08-31 06:30:00+00:00,2.88818987658856,3.075,2.9240931391716005
2024-08-31 07:30:00+00:00,2.8175895811421756,3.075,2.8993506997823717
2024-08-31 08:30:00+00:00,0.0,0.0,0.0022150676231831312
2024-08-31 09:30:00+00:00,2.8469230592938146,3.075,2.853354421257973
2024-08-31 10:30:00+00:00,2.849326988693604,3.075,2.8368841081857683
2024-08-31 11:30:00+00:00,2.7377288154956756,3.075,2.8285575181245806
2024-08-31 12:30:00+00:00,2.8968733001021283,3.075,2.826830592751503
2024-08-31 13:30:00+00:00,2.8479892254117836,3.075,2.8270284205675127
2024-08-31 14:30:00+00:00,2.709204348841412,3.075,2.8402410566806795
2024-08-31 15:30:00+00:00,2.894184566672128,3.075,2.862420466542244
2024-08-31 16:30:00+00:00,2.96991679337278,3.075,2.8786453872919084
2024-08-31 17:30:00+00:00,2.898024342763888,3.075,2.9010752111673357
2024-08-31 18:30:00+00:00,2.854825825662205,3.075,2.9236678004264833
2024-08-31 19:30:00+00:00,2.923567176960801,3.075,2.91660852432251
2024-08-31 20:30:00+00:00,2.95112268474533,3.075,2.9244884073734285
2024-08-31 21:30:00+00:00,2.890449079804849,3.075,2.92386172413826
2024-08-31 22:30:00+00:00,2.7681038404914102,3.075,2.9218110710382463
2024-08-31 23:30:00+00:00,2.937011971102212,3.075,2.9124454826116564
2024-09-01 00:30:00+00:00,2.793813187285412,3.075,2.92452087700367
2024-09-01 01:30:00+00:00,2.895832414324625,3.075,2.9248157858848574
2024-09-01 02:30:00+00:00,2.97442923847334,3.075,2.9269811779260637
2024-09-01 03:30:00+00:00,2.8189799621942138,3.075,2.9220638692379
2024-09-01 04:30:00+00:00,2.9426928012552787,3.075,2.92258198261261
2024-09-01 05:30:00+00:00,3.0170421960685805,3.075,2.9240850031375887
2024-09-01 06:30:00+00:00,2.9031761547654953,3.075,2.924149286746979
2024-09-01 07:30:00+00:00,2.9254963928827165,3.074458596,2.8985218672841033
2024-09-01 08:30:00+00:00,2.757966798115562,3.06884,2.871838140454292
2024-09-01 09:30:00+00:00,2.8291887200786388,3.072947488,2.8566026397248154
2024-09-01 10:30:00+00:00,2.8742368159896006,3.075,2.843415540456772
2024-09-01 11:30:00+00:00,2.7765369844632333,3.0726153760000003,2.8338003515048755
2024-09-01 12:30:00+00:00,2.800068971335725,3.043744612,2.814835208914291
2024-09-01 13:30:00+00:00,2.8121386846989993,3.075,2.8327431201934816
2024-09-01 14:30:00+00:00,2.987973859094086,3.075,2.8424310058355333
2024-09-01 15:30:00+00:00,2.9268547887642944,3.075,2.856657844781876
2024-09-01 16:30:00+00:00,2.8609053200750023,3.075,2.8785688102245333
2024-09-01 17:30:00+00:00,2.9761984752388897,3.075,2.9006645351648332
2024-09-01 18:30:00+00:00,2.9578052094115104,3.075,2.919494953751564
2024-09-01 19:30:00+00:00,2.8642393277757106,3.075,2.919608694314957
2024-09-01 20:30:00+00:00,2.8894900345410712,3.075,2.9158937305212023
2024-09-01 21:30:00+00:00,2.8494861773697124,3.075,2.9149024903774263
2024-09-01 22:30:00+00:00,2.9204259319499717,3.075,2.91716645359993
2024-09-01 23:30:00+00:00,2.958006151713879,3.06960088,2.9131527541607665
2024-09-02 00:30:00+00:00,2.7057304493918943,2.93539176,2.7908850671136474
2024-09-02 01:30:00+00:00,2.7777314603510277,2.92678524,2.785023311203232
2024-09-02 02:30:00+00:00,2.9820556654843995,3.069853856,2.916532634529167
2024-09-02 03:30:00+00:00,1.8964280285115842,2.0673574600000006,1.962450848855458
2024-09-02 04:30:00+00:00,1.4534406619866875,1.5321199999999995,1.4509904863190646
2024-09-02 05:30:00+00:00,0.9875090856975313,1.0613683680000001,1.0099894436003858
2024-09-02 06:30:00+00:00,0.614228094781295,0.6506043800000001,0.6168231011215497
2024-09-02 07:30:00+00:00,0.45526465091185797,0.4934044419999999,0.46644940555354775
2024-09-02 08:30:00+00:00,0.5496829681542773,0.59612,0.559176530803442
2024-09-02 09:30:00+00:00,1.119521699485359,1.1975557844000002,1.1085028017716547
2024-09-02 10:30:00+00:00,0.6522685882219931,0.700399576,0.6459132006979237
2024-09-02 11:30:00+00:00,0.6499082661813367,0.716737392,0.659233151576559
2024-09-02 12:30:00+00:00,2.677968254291722,2.9181596400000003,2.6923538805700686
2024-09-02 13:30:00+00:00,2.2181159424375907,2.4079990000000007,2.2187687665691382
2024-09-02 14:30:00+00:00,2.8680130092971696,3.075,2.8402796506881716
2024-09-02 15:30:00+00:00,2.872485303151553,3.075,2.8570569425821306
2024-09-02 16:30:00+00:00,2.9679376247603457,3.075,2.877331104874611
2024-09-02 17:30:00+00:00,2.866038124133141,3.075,2.8962715536355974
2024-09-02 18:30:00+00:00,2.9605792071989034,3.075,2.921029356122017
2024-09-02 19:30:00+00:00,2.9145338059386448,3.075,2.921705883741379
2024-09-02 20:30:00+00:00,2.925193070120076,3.075,2.9186758518218996
2024-09-02 21:30:00+00:00,2.9090956677155835,3.075,2.92148597240448
2024-09-02 22:30:00+00:00,2.919201028944686,3.075,2.920379412174225
2024-09-02 23:30:00+00:00,2.8932247027855484,3.075,2.920050543546677
2024-09-03 00:30:00+00:00,2.975260579313305,3.075,2.91708644926548
2024-09-03 01:30:00+00:00,2.925688499731919,3.075,2.92102689743042
2024-09-03 02:30:00+00:00,2.8697798972162007,3.02262542,2.8656746332902143
2024-09-03 03:30:00+00:00,2.9741584511208976,3.075,2.9219794988632204
2024-09-03 04:30:00+00:00,2.9816075268868274,3.075,2.9219549864530565
2024-09-03 05:30:00+00:00,2.956185593590095,3.075,2.9230672836303713
2024-09-03 06:30:00+00:00,0.6410764535908535,0.677310137,0.6402051317655201
2024-09-03 07:30:00+00:00,2.6795299091585587,2.77968,2.6092132938432693
2024-09-03 08:30:00+00:00,0.9511618741162131,1.0381980199999998,0.9725526828952025
2024-09-03 09:30:00+00:00,0.4165533410134473,0.44265935059999995,0.4104241342506366
2024-09-03 10:30:00+00:00,0.14799685557354417,0.16013932000000003,0.14913417729634765
2024-09-03 11:30:00+00:00,0.9911184769447463,1.0920039952,1.0073502004345276
2024-09-03 12:30:00+00:00,1.3336746327481046,1.4046141299999997,1.2954118568099782
2024-09-03 13:30:00+00:00,2.569226321081269,2.87474076,2.646233047516594
2024-09-03 14:30:00+00:00,2.0556181479572024,2.1829606360000002,2.016742504219376
2024-09-03 15:30:00+00:00,1.5842870286321304,1.7559694000000003,1.6285845734590534
2024-09-03 16:30:00+00:00,2.676060756097958,2.89433952,2.711617651842613
2024-09-03 17:30:00+00:00,3.006564725759547,3.073152536,2.8949543176543577
2024-09-03 18:30:00+00:00,2.930574781944705,3.075,2.918768730759621
2024-09-03 19:30:00+00:00,2.969412188247213,3.075,2.91550489962101
2024-09-03 20:30:00+00:00,2.8203263288187017,3.075,2.9163191437721254
2024-09-03 21:30:00+00:00,2.9083455931401923,3.075,2.9168610692024233
2024-09-03 22:30:00+00:00,3.0404324741196587,3.075,2.9208093702793123
2024-09-03 23:30:00+00:00,2.8436069503832777,3.075,2.9161448150873186
2024-09-04 00:30:00+00:00,2.887461031476797,3.075,2.915414255857468
2024-09-04 01:30:00+00:00,2.895701246354206,3.075,2.9119789570569994
2024-09-04 02:30:00+00:00,2.9198467001019366,3.075,2.920062181353569
2024-09-04 03:30:00+00:00,3.00860337690471,3.075,2.9182938903570177
2024-09-04 04:30:00+00:00,2.8240069986909573,3.075,2.920849931240082
2024-09-04 05:30:00+00:00,2.9360144815999925,3.075,2.923518654704094
2024-09-04 06:30:00+00:00,2.8327290411618544,3.075,2.9208107858896257
2024-09-04 07:30:00+00:00,2.8964877376935756,3.075,2.897265058755875
2024-09-04 08:30:00+00:00,0.0,0.0,0.0
2024-09-04 09:30:00+00:00,0.0,0.0,0.0
2024-09-04 10:30:00+00:00,0.0,0.0,0.0
2024-09-04 11:30:00+00:00,0.0,0.0,0.0
2024-09-04 12:30:00+00:00,2.784646550354962,3.075,2.830130559206009
2024-09-04 13:30:00+00:00,2.799871597189338,3.075,2.827389594912529
2024-09-04 14:30:00+00:00,2.804967952878589,3.075,2.8440187990665438
2024-09-04 15:30:00+00:00,2.855815694378935,3.075,2.8566752046346666
2024-09-04 16:30:00+00:00,0.0,0.0,0.0
2024-09-04 17:30:00+00:00,0.0,0.0,0.0
2024-09-04 18:30:00+00:00,0.0,0.0,0.0
2024-09-04 19:30:00+00:00,2.912543805851149,3.075,2.9196151167154314
2024-09-04 20:30:00+00:00,2.968681498384719,3.075,2.9171957194805147
2024-09-04 21:30:00+00:00,2.920219299563198,3.075,2.919042852520943
2024-09-04 22:30:00+00:00,2.9163930207373743,3.075,2.9193536013364794
2024-09-04 23:30:00+00:00,0.0,0.0,0.0
2024-09-05 00:30:00+00:00,0.0,0.0,9.013270027935505e-05
2024-09-05 01:30:00+00:00,0.0,0.0,0.0005238899029791355
2024-09-05 02:30:00+00:00,0.0,0.0,0.0004945510881952941
2024-09-05 03:30:00+00:00,0.0,0.0,0.0004945510881952941
2024-09-05 04:30:00+00:00,0.0,0.0,6.079386002966203e-05
2024-09-05 05:30:00+00:00,0.0,0.0,6.079386002966203e-05
2024-09-05 06:30:00+00:00,0.0,0.0,6.079386002966203e-05
2024-09-05 07:30:00+00:00,0.0,0.0,0.0
2024-09-05 08:30:00+00:00,0.0,0.0,0.0
2024-09-05 09:30:00+00:00,0.0,0.0,0.0
2024-09-05 10:30:00+00:00,0.0,0.0,0.0
2024-09-05 11:30:00+00:00,0.0,0.0,0.0
2024-09-05 12:30:00+00:00,0.0,0.0,0.0
2024-09-05 13:30:00+00:00,0.0,0.0,0.0
2024-09-05 14:30:00+00:00,0.0,0.0,0.0
2024-09-05 15:30:00+00:00,0.0,0.0,0.0
2024-09-05 16:30:00+00:00,0.0,0.0,0.0
2024-09-05 17:30:00+00:00,2.9006835196081426,3.075,2.8963462978601457
2024-09-05 18:30:00+00:00,0.0,0.0,0.0
2024-09-05 19:30:00+00:00,0.0,0.0,0.0
2024-09-05 20:30:00+00:00,3.0013414455303242,3.075,2.9181330472230913
2024-09-05 21:30:00+00:00,0.0,0.0,0.0
2024-09-05 22:30:00+00:00,0.0,0.0,0.0
2024-09-05 23:30:00+00:00,2.8657674726504454,3.075,2.9202155590057375
2024-09-06 00:30:00+00:00,2.9621968224591133,3.075,2.918738853931427
2024-09-06 01:30:00+00:00,2.9120496563933367,3.075,2.92041454911232
2024-09-06 02:30:00+00:00,2.9206721947904444,3.075,2.922687840461731
2024-09-06 03:30:00+00:00,2.972715782402573,3.075,2.919150245189667
2024-09-06 04:30:00+00:00,2.883061726369788,3.075,2.919699814915657
2024-09-06 05:30:00+00:00,2.891648939306605,3.075,2.919699814915657
2024-09-06 06:30:00+00:00,2.7787172291556548,3.075,2.919150245189667
2024-09-06 07:30:00+00:00,0.0,0.0,0.0
2024-09-06 08:30:00+00:00,0.0,0.0,0.0
2024-09-06 09:30:00+00:00,0.0,0.0,0.0
2024-09-06 10:30:00+00:00,0.0,0.0,0.0
2024-09-06 11:30:00+00:00,0.0,0.0,0.0
2024-09-06 12:30:00+00:00,0.0,0.0,0.0
2024-09-06 13:30:00+00:00,0.0,0.0,0.0
2024-09-06 14:30:00+00:00,0.0,0.0,0.0
2024-09-06 15:30:00+00:00,0.0,0.0,0.0
2024-09-06 16:30:00+00:00,2.8251551141899554,3.075,2.875682753324509
2024-09-06 17:30:00+00:00,2.9372555522388817,3.075,2.9002886533737184
2024-09-06 18:30:00+00:00,2.9785526501532558,3.075,2.919823181629181
2024-09-06 19:30:00+00:00,2.919544280403665,3.075,2.918700647354126
2024-09-06 20:30:00+00:00,2.8807022312212385,3.075,2.9165718078613283
2024-09-06 21:30:00+00:00,2.9274888028607964,3.075,2.9169488519430162
2024-09-06 22:30:00+00:00,2.8202775150326405,3.075,2.9190107107162477
2024-09-06 23:30:00+00:00,2.8863126501757708,3.075,2.920701038837433
2024-09-07 00:30:00+00:00,2.939939620199264,3.075,2.9208661139011385
2024-09-07 01:30:00+00:00,2.9307988452064766,3.075,2.9213842272758486
2024-09-07 02:30:00+00:00,2.955106082598181,3.075,2.9198406457901003
2024-09-07 03:30:00+00:00,2.892044723410834,3.075,2.920119908452034
2024-09-07 04:30:00+00:00,2.945343533319818,3.075,2.923729878664017
2024-09-07 05:30:00+00:00,2.9089696847856743,3.075,2.9222600877285005
2024-09-07 06:30:00+00:00,2.827071896439312,3.075,2.9212173342704775
2024-09-07 07:30:00+00:00,2.8693545219632215,3.075,2.8973616033792498
2024-09-07 08:30:00+00:00,2.878274408071527,3.075,2.8757206320762636
2024-09-07 09:30:00+00:00,2.8695894738108163,3.075,2.855212163925171
2024-09-07 10:30:00+00:00,2.7601286184703544,3.075,2.8383172869682314
2024-09-07 11:30:00+00:00,2.8080738454375296,3.075,2.826933112740517
2024-09-07 12:30:00+00:00,2.7823869139759156,3.075,2.826085013151169
2024-09-07 13:30:00+00:00,2.8678099779021387,3.075,2.8268652081489565
2024-09-07 14:30:00+00:00,2.923115283435176,3.075,2.840041530132294
2024-09-07 15:30:00+00:00,2.777106590180899,3.075,2.8594831049442293
2024-09-07 16:30:00+00:00,2.809577231952803,3.075,2.8732173413038256
2024-09-07 17:30:00+00:00,2.962411126318825,3.075,2.8966235339641573
2024-09-07 18:30:00+00:00,2.8697579029884226,3.075,2.9181713432073595
2024-09-07 19:30:00+00:00,2.8370629715655538,3.075,2.917677786946297
2024-09-07 20:30:00+00:00,2.945160537832496,3.075,2.9171006947755815
2024-09-07 21:30:00+00:00,2.924045185155604,3.075,2.9185989916324617
2024-09-07 22:30:00+00:00,2.8035658785268986,3.075,2.9187119871377947
2024-09-07 23:30:00+00:00,2.8436176691040105,3.075,2.9185417264699938
2024-09-08 00:30:00+00:00,2.9663274955750327,3.075,2.9195796668529512
2024-09-08 01:30:00+00:00,2.960704907877348,3.075,2.919248861074448
2024-09-08 02:30:00+00:00,2.935434652873535,3.075,2.919266846776009
2024-09-08 03:30:00+00:00,2.9051097361998814,3.075,2.9211076617240908
2024-09-08 04:30:00+00:00,2.8886761507068077,3.075,2.9223326414823534
2024-09-08 05:30:00+00:00,2.9982063594314505,3.075,2.922086697816849
2024-09-08 06:30:00+00:00,2.9414534731812996,3.057111352,2.9035993509624025
2024-09-08 07:30:00+00:00,2.807615529111848,2.86599852,2.694488270623703
2024-09-08 08:30:00+00:00,2.4447579808354583,2.6580630640000003,2.4823022881954806
2024-09-08 09:30:00+00:00,2.799208513018711,3.017292204,2.8100108827128447
2024-09-08 10:30:00+00:00,2.8536230137622067,3.073646256,2.837295004397827
2024-09-08 11:30:00+00:00,2.8584854658271297,3.075,2.832613927125931
2024-09-08 12:30:00+00:00,2.8387934223599025,3.075,2.8335975378751757
2024-09-08 13:30:00+00:00,0.0,0.0,0.00047892567818053067
2024-09-08 14:30:00+00:00,2.914563056908431,3.075,2.839930382370949
2024-09-08 15:30:00+00:00,2.90126160461385,3.075,2.8566638201475145
2024-09-08 16:30:00+00:00,2.9377151152774093,3.075,2.874899995326996
2024-09-08 17:30:00+00:00,3.055518075202663,3.075,2.89575834274292
2024-09-08 18:30:00+00:00,2.8117377601760047,3.075,2.921342891454697
2024-09-08 19:30:00+00:00,2.879480500205034,3.075,2.9196151167154314
2024-09-08 20:30:00+00:00,2.9711927410644803,3.075,2.9196151167154314
2024-09-08 21:30:00+00:00,2.906580468618878,3.075,2.920332369208336
2024-09-08 22:30:00+00:00,2.992890141787382,3.075,2.9206446528434755
2024-09-08 23:30:00+00:00,2.8904427683254563,3.075,2.920332369208336
2024-09-09 00:30:00+00:00,2.773539820337344,3.075,2.922545474767685
2024-09-09 01:30:00+00:00,2.8626255901796145,3.075,2.919746217131615
2024-09-09 02:30:00+00:00,3.0430664282158832,3.075,2.9219954878091814
2024-09-09 03:30:00+00:00,3.0156306239239954,3.075,2.9228577733039858
2024-09-09 04:30:00+00:00,3.0126766441565325,3.075,2.9191380709409716
2024-09-09 05:30:00+00:00,2.947012466177743,3.075,2.918755289912224
2024-09-09 06:30:00+00:00,2.925338867734714,3.075,2.9207008302211763
2024-09-09 07:30:00+00:00,2.810567233894602,3.075,2.89819413125515
2024-09-09 08:30:00+00:00,2.9586000522018012,3.075,2.873111990094185
2024-09-09 09:30:00+00:00,2.8546514009898014,3.075,2.8546280384063722
2024-09-09 10:30:00+00:00,3.003596935921589,3.075,2.8404671221971514
2024-09-09 11:30:00+00:00,2.8954370418116255,3.075,2.8342307180166246
2024-09-09 12:30:00+00:00,2.9114732594905286,3.075,2.83429468870163
2024-09-09 13:30:00+00:00,2.963782198548544,3.075,2.8292315870523455
2024-09-09 14:30:00+00:00,0.0,0.0,0.00015316836652345955
2024-09-09 15:30:00+00:00,0.0,0.0,0.00037410034565255046
2024-09-09 16:30:00+00:00,0.0,0.0,0.0
2024-09-09 17:30:00+00:00,2.9824910485181926,3.075,2.898073983192444
2024-09-09 18:30:00+00:00,2.848929886692436,3.075,2.920427840948105
2024-09-09 19:30:00+00:00,2.9798856120379935,3.075,2.9202155590057375
2024-09-09 20:30:00+00:00,2.8528805604125242,3.075,2.9200894057750704
2024-09-09 21:30:00+00:00,2.855337161772512,3.075,2.920332369208336
2024-09-09 22:30:00+00:00,2.905452562097785,3.075,2.920332369208336
2024-09-09 23:30:00+00:00,2.899569217632566,3.075,2.9192891985177996
2024-09-10 00:30:00+00:00,2.983470651930261,3.075,2.9185394912958147
2024-09-10 01:30:00+00:00,3.0208829925398657,3.075,2.9216450273990633
2024-09-10 02:30:00+00:00,2.9094977364024905,3.075,2.919009965658188
2024-09-10 03:30:00+00:00,2.907912662762248,3.075,2.920071762800217
2024-09-10 04:30:00+00:00,2.9443878369803813,3.075,2.921928730607033
2024-09-10 05:30:00+00:00,2.9717734248577075,3.075,2.9202660739421846
2024-09-10 06:30:00+00:00,2.974321885930674,3.075,2.9194388508796694
2024-09-10 07:30:00+00:00,2.988351714659814,3.075,2.89800241291523
2024-09-10 08:30:00+00:00,2.816363159304509,3.075,2.874283027648926
2024-09-10 09:30:00+00:00,2.8937681694612865,3.06960088,2.8499468563526915
2024-09-10 10:30:00+00:00,2.8995238838268578,3.075,2.845081013441086
2024-09-10 11:30:00+00:00,0.0,0.0,0.0
2024-09-10 12:30:00+00:00,2.8613790595815747,3.075,2.828385603427887
2024-09-10 13:30:00+00:00,0.0,0.0,1.8856513634091243e-05
2024-09-10 14:30:00+00:00,0.0,0.0,0.0
2024-09-10 15:30:00+00:00,0.0,0.0,0.0
2024-09-10 16:30:00+00:00,2.9424039540464513,3.075,2.878340777754784
2024-09-10 17:30:00+00:00,3.0137570400821025,3.075,2.896217641234398
2024-09-10 18:30:00+00:00,2.9228226944816202,3.075,2.9208384275436403
2024-09-10 19:30:00+00:00,2.9574789613057484,3.075,2.9202868014574053
2024-09-10 20:30:00+00:00,2.8067885171569906,3.075,2.9175273299217226
2024-09-10 21:30:00+00:00,2.9576667484954804,3.075,2.9199162095785143
2024-09-10 22:30:00+00:00,2.8812978229859336,3.075,2.92148597240448
2024-09-10 23:30:00+00:00,2.974794953218261,3.075,2.9199818044900896
2024-09-11 00:30:00+00:00,2.8710530553054032,3.075,2.917032477259636
2024-09-11 01:30:00+00:00,2.831935415747847,3.075,2.9179093658924105
2024-09-11 02:30:00+00:00,2.9534547313957895,3.075,2.921683904528618
2024-09-11 03:30:00+00:00,0.0,0.0,0.0
2024-09-11 04:30:00+00:00,2.9345081557989,3.075,2.9234189212322237
2024-09-11 05:30:00+00:00,2.904645714082365,3.075,2.9202660739421846
2024-09-11 06:30:00+00:00,2.860442787006824,3.075,2.922881406545639
2024-09-11 07:30:00+00:00,1.4998142907437868,1.5709764519999996,1.4739606613586917
2024-09-11 08:30:00+00:00,0.9275814025674155,1.0148569344,0.9524761660412926
2024-09-11 09:30:00+00:00,2.208246909534797,2.3879772999999997,2.229612452697563
2024-09-11 10:30:00+00:00,2.3963303525319044,2.6850218159999995,2.4871695322837977
2024-09-11 11:30:00+00:00,2.8113447799361544,3.075,2.8335566490888597
2024-09-11 12:30:00+00:00,2.9154019899420622,3.075,2.831844773888588
2024-09-11 13:30:00+00:00,2.788300184791879,3.075,2.8302706301212313
2024-09-11 14:30:00+00:00,0.0,0.0,0.0006488614017143846
2024-09-11 15:30:00+00:00,0.0,0.0,4.048794289701618e-05
2024-09-11 16:30:00+00:00,0.0,0.0,0.0
2024-09-11 17:30:00+00:00,2.9452216902164228,3.075,2.8981745660305025
2024-09-11 18:30:00+00:00,2.932949859818189,3.075,2.9206021547317507
2024-09-11 19:30:00+00:00,2.953185590371713,3.075,2.9192574292421343
2024-09-11 20:30:00+00:00,0.0,0.0,0.0
2024-09-11 21:30:00+00:00,0.0,0.0,0.0
2024-09-11 22:30:00+00:00,0.0,0.0,0.0
2024-09-11 23:30:00+00:00,0.0,0.0,0.0
2024-09-12 00:30:00+00:00,0.0,0.0,0.0002598047722131014
2024-09-12 01:30:00+00:00,0.0,0.0,0.0
2024-09-12 02:30:00+00:00,0.0,0.0,0.0
2024-09-12 03:30:00+00:00,0.0,0.0,0.0
2024-09-12 04:30:00+00:00,2.8057443784916503,3.075,2.9207390367984774
2024-09-12 05:30:00+00:00,2.976743975231706,3.075,2.920170706510544
2024-09-12 06:30:00+00:00,2.91002282197237,3.075,2.9238898128271105
2024-09-12 07:30:00+00:00,2.9949331718109615,3.075,2.8999316811561586
2024-09-12 08:30:00+00:00,2.94420141791756,3.075,2.872314524650574
2024-09-12 09:30:00+00:00,2.8102294335076254,3.075,2.8505594551563265
2024-09-12 10:30:00+00:00,0.0,0.0,0.0
2024-09-12 11:30:00+00:00,0.0,0.0,0.0
2024-09-12 12:30:00+00:00,0.0,0.0,0.0
2024-09-12 13:30:00+00:00,0.0,0.0,0.0
2024-09-12 14:30:00+00:00,0.0,0.0,0.0
2024-09-12 15:30:00+00:00,0.0,0.0,0.0
2024-09-12 16:30:00+00:00,0.0,0.0,3.5832517824019305e-06
2024-09-12 17:30:00+00:00,2.930976152278882,3.075,2.9007238268852236
2024-09-12 18:30:00+00:00,3.003899094298631,3.075,2.9200833261013033
2024-09-12 19:30:00+00:00,2.8928408331123925,3.075,2.919701036810875
2024-09-12 20:30:00+00:00,2.950895084177466,3.075,2.918264609575272
2024-09-12 21:30:00+00:00,0.0,0.0,3.6989176805946045e-06
2024-09-12 22:30:00+00:00,0.0,0.0,3.6989176805946045e-06
2024-09-12 23:30:00+00:00,2.888981611339838,3.075,2.9183431386947634
2024-09-13 00:30:00+00:00,2.903606461766198,3.075,2.919193622469902
2024-09-13 01:30:00+00:00,0.0,0.0,0.0002598047722131014
2024-09-13 02:30:00+00:00,0.0,0.0,0.00021871949138585478
2024-09-13 03:30:00+00:00,0.0,0.0,0.00018938064749818295
2024-09-13 04:30:00+00:00,0.0,0.0,0.00018938064749818295
2024-09-13 05:30:00+00:00,0.0,0.0,0.00018938064749818295
2024-09-13 06:30:00+00:00,0.0,0.0,0.00018938064749818295
2024-09-13 07:30:00+00:00,0.0,0.0,0.00018938064749818295
2024-09-13 08:30:00+00:00,0.0,0.0,0.00018938064749818295
2024-09-13 09:30:00+00:00,0.0,0.0,0.00018938064749818295
2024-09-13 10:30:00+00:00,0.0,0.0,0.0
2024-09-13 11:30:00+00:00,0.0,0.0,0.0
2024-09-13 12:30:00+00:00,0.0,0.0,0.0
2024-09-13 13:30:00+00:00,0.0,0.0,0.0
2024-09-13 14:30:00+00:00,0.0,0.0,0.0
2024-09-13 15:30:00+00:00,2.826648279609288,3.075,2.857909393310547
2024-09-13 16:30:00+00:00,2.9076117518291245,3.075,2.8779715269804003
2024-09-13 17:30:00+00:00,2.8927538033819107,3.075,2.904481139779091
2024-09-13 18:30:00+00:00,2.9830009614573143,3.075,2.9229128479957582
2024-09-13 19:30:00+00:00,2.9438680615394897,3.075,2.920121428370476
2024-09-13 20:30:00+00:00,2.8496817456035766,3.075,2.919840303063393
2024-09-13 21:30:00+00:00,3.0354292289409797,3.075,2.920601573586464
2024-09-13 22:30:00+00:00,2.917487981336358,3.075,2.9194302380084993
2024-09-13 23:30:00+00:00,2.8348454283547317,3.075,2.9194302380084993
2024-09-14 00:30:00+00:00,2.8663608007984753,3.075,2.9211306244134905
2024-09-14 01:30:00+00:00,2.916010818345173,3.075,2.919560891389847
2024-09-14 02:30:00+00:00,2.8751148793164405,3.075,2.9201180756092073
2024-09-14 03:30:00+00:00,0.0,0.0,0.00018938064749818295
2024-09-14 04:30:00+00:00,0.0,0.0,0.00018938064749818295
2024-09-14 05:30:00+00:00,0.0,0.0,0.00018938064749818295
2024-09-14 06:30:00+00:00,0.0,0.0,0.00018938064749818295
2024-09-14 07:30:00+00:00,0.0,0.0,0.00013261880667414516
2024-09-14 08:30:00+00:00,0.0,0.0,0.00013261880667414516
2024-09-14 09:30:00+00:00,0.0,0.0,0.0
2024-09-14 10:30:00+00:00,0.0,0.0,0.0
2024-09-14 11:30:00+00:00,0.0,0.0,0.0
2024-09-14 12:30:00+00:00,0.0,0.0,0.0
2024-09-14 13:30:00+00:00,0.0,0.0,0.0
2024-09-14 14:30:00+00:00,0.0,0.0,0.0
2024-09-14 15:30:00+00:00,0.0,0.0,3.5832517824019305e-06
2024-09-14 16:30:00+00:00,2.9053420062802697,3.075,2.877160143852234
2024-09-14 17:30:00+00:00,2.7742756714339123,3.075,2.9007238268852236
2024-09-14 18:30:00+00:00,2.873603723856856,3.075,2.921759915351868
2024-09-14 19:30:00+00:00,2.916092455714036,3.075,2.9195730805397035
2024-09-14 20:30:00+00:00,2.9548364559297413,3.075,2.9214103639125826
2024-09-14 21:30:00+00:00,2.8423541475454486,3.075,2.921099227666855
2024-09-14 22:30:00+00:00,2.8408957264605013,3.075,2.920766693353653
2024-09-14 23:30:00+00:00,2.9709110730881223,3.075,2.9212871462106706
2024-09-15 00:30:00+00:00,2.8491649078904557,3.075,2.9162587940692903
2024-09-15 01:30:00+00:00,2.8587892039010945,3.075,2.919582349061966
2024-09-15 02:30:00+00:00,2.9042699654447404,3.075,2.9164867967367174
2024-09-15 03:30:00+00:00,0.0,0.0,0.0
2024-09-15 04:30:00+00:00,2.886381363254894,3.075,2.919041183590889
2024-09-15 05:30:00+00:00,2.9850931680407,3.075,2.917685639858246
2024-09-15 06:30:00+00:00,2.8991801485665327,3.075,2.9198978364467623
2024-09-15 07:30:00+00:00,0.0,0.0,0.00013261880667414516
2024-09-15 08:30:00+00:00,0.0,0.0,0.00013261880667414516
2024-09-15 09:30:00+00:00,0.0,0.0,0.00013261880667414516
2024-09-15 10:30:00+00:00,0.0,0.0,0.0
2024-09-15 11:30:00+00:00,0.0,0.0,0.0
2024-09-15 12:30:00+00:00,0.0,0.0,0.0
2024-09-15 13:30:00+00:00,0.0,0.0,0.0
2024-09-15 14:30:00+00:00,0.0,0.0,0.0
2024-09-15 15:30:00+00:00,0.0,0.0,0.0
2024-09-15 16:30:00+00:00,2.7572748032157377,3.075,2.876869094371796
2024-09-15 17:30:00+00:00,2.955853660514839,3.075,2.899308753013611
2024-09-15 18:30:00+00:00,2.9193943398416824,3.075,2.923574534058571
2024-09-15 19:30:00+00:00,2.8903977075976246,3.075,2.918516692519188
2024-09-15 20:30:00+00:00,2.933376337998841,3.075,2.9188894599676134
2024-09-15 21:30:00+00:00,2.924027960626084,3.075,2.9177611440420153
2024-09-15 22:30:00+00:00,2.9707074792756902,3.075,2.921931502223015
2024-09-15 23:30:00+00:00,2.961092924049303,3.075,2.9165151834487917
2024-09-16 00:30:00+00:00,2.901379810614077,3.075,2.923799616098404
2024-09-16 01:30:00+00:00,2.9951826803937096,3.075,2.924559307098389
2024-09-16 02:30:00+00:00,2.8332650426056327,3.075,2.9232731431722643
2024-09-16 03:30:00+00:00,3.031378450895405,3.075,2.921688434481621
2024-09-16 04:30:00+00:00,2.908076103788411,3.075,2.9165358662605287
2024-09-16 05:30:00+00:00,2.986633734380543,3.075,2.9197947055101396
2024-09-16 06:30:00+00:00,2.8922233331009037,3.075,2.9190006226301195
2024-09-16 07:30:00+00:00,2.9570741368958866,3.075,2.899854075908661
2024-09-16 08:30:00+00:00,2.8387818201824726,3.075,2.8744149923324587
2024-09-16 09:30:00+00:00,0.0,0.0,0.00018938064749818295
2024-09-16 10:30:00+00:00,2.785848245843575,3.075,2.8365015953779222
2024-09-16 11:30:00+00:00,2.8621214908114467,3.075,2.8293604969978334
2024-09-16 12:30:00+00:00,0.0,0.0,0.0
2024-09-16 13:30:00+00:00,0.0,0.0,0.0
2024-09-16 14:30:00+00:00,0.0,0.0,0.0
2024-09-16 15:30:00+00:00,0.0,0.0,0.0
2024-09-16 16:30:00+00:00,2.9756090125960544,3.075,2.8751489192247393
2024-09-16 17:30:00+00:00,2.9113725544351303,3.075,2.902777773141861
2024-09-16 18:30:00+00:00,2.8988904560012214,3.075,2.921974238753319
2024-09-16 19:30:00+00:00,2.957113599257126,3.075,2.921760913729668
2024-09-16 20:30:00+00:00,2.9236107609595305,3.075,2.917311277985573
2024-09-16 21:30:00+00:00,2.8183634943593594,3.075,2.9207601815462114
2024-09-16 22:30:00+00:00,2.9704598758144676,3.075,2.921598967909813
2024-09-16 23:30:00+00:00,2.8719501116054547,3.075,2.9221531420946123
2024-09-17 00:30:00+00:00,2.9597003635293255,3.075,2.9255484312772753
2024-09-17 01:30:00+00:00,2.9162482426017178,3.075,2.9245175987482073
2024-09-17 02:30:00+00:00,2.884781888660648,3.071197568,2.920967428506058
2024-09-17 03:30:00+00:00,2.8686210757818906,3.072947488,2.9272483147879487
2024-09-17 04:30:00+00:00,2.898249382713192,3.075,2.923732963204384
2024-09-17 05:30:00+00:00,2.875461702906948,3.075,2.9230812013149263
2024-09-17 06:30:00+00:00,2.932134714661049,3.075,2.923933443427086
2024-09-17 07:30:00+00:00,2.9238634637986283,3.075,2.899733138084412
2024-09-17 08:30:00+00:00,2.8115035159804913,3.075,2.8759551763534548
2024-09-17 09:30:00+00:00,2.969186491905309,3.075,2.8551126688718798
2024-09-17 10:30:00+00:00,2.8661695986915148,3.075,2.8399333626031877
2024-09-17 11:30:00+00:00,2.847421873900534,3.075,2.8325785219669344
2024-09-17 12:30:00+00:00,2.8180033600791714,3.075,2.83344706594944
2024-09-17 13:30:00+00:00,2.776694622915574,3.075,2.830075141787529
2024-09-17 14:30:00+00:00,0.0,0.0,0.00044106837594881654
2024-09-17 15:30:00+00:00,2.8693988727201796,3.075,2.863403689861298
2024-09-17 16:30:00+00:00,2.8237346801498466,3.075,2.875694078207016
2024-09-17 17:30:00+00:00,2.8799001529526933,3.075,2.897941362857819
2024-09-17 18:30:00+00:00,2.913292644229658,3.075,2.919940394163132
2024-09-17 19:30:00+00:00,2.8227483361976096,3.075,2.9194021940231325
2024-09-17 20:30:00+00:00,2.861655123058317,3.075,2.9190197557210924
2024-09-17 21:30:00+00:00,2.7580024110093864,3.075,2.923521173000336
2024-09-17 22:30:00+00:00,3.041397218170648,3.075,2.923561987280846
2024-09-17 23:30:00+00:00,2.841635897800306,3.075,2.923782688379288
2024-09-18 00:30:00+00:00,2.829894618568561,3.075,2.9195300459861757
2024-09-18 01:30:00+00:00,2.96319277931524,3.075,2.9205317169427873
2024-09-18 02:30:00+00:00,2.928392466847832,3.075,2.924760338664055
2024-09-18 03:30:00+00:00,2.9159339085333844,3.075,2.922342297434807
2024-09-18 04:30:00+00:00,2.948851174607145,3.075,2.9222011089324953
2024-09-18 05:30:00+00:00,2.942197995642966,3.075,2.9218078672885897
2024-09-18 06:30:00+00:00,2.71665445687849,3.073564304,2.922162307387451
2024-09-18 07:30:00+00:00,2.8850841243383623,3.062095166,2.883143619450203
2024-09-18 08:30:00+00:00,2.7904947600262138,3.02262542,2.8305645172852705
2024-09-18 09:30:00+00:00,2.793889439656795,3.032566968,2.828439596688812
2024-09-18 10:30:00+00:00,2.746295057947229,2.9781432,2.746708571632576
2024-09-18 11:30:00+00:00,2.5135534944233044,2.6640669040000002,2.449994080475525
2024-09-18 12:30:00+00:00,2.769236204720346,3.0745190079999998,2.8320938791824415
2024-09-18 13:30:00+00:00,2.8350549106319822,3.075,2.8310252696275713
2024-09-18 14:30:00+00:00,0.0,0.0,0.0
2024-09-18 15:30:00+00:00,0.0,0.0,0.0005410495796240866
2024-09-18 16:30:00+00:00,2.856188829778857,3.075,2.8758393943309786
2024-09-18 17:30:00+00:00,2.8260152836334647,3.075,2.8978677809238436
2024-09-18 18:30:00+00:00,3.0041569366798218,3.075,2.9189298421144487
2024-09-18 19:30:00+00:00,2.928384435308363,3.075,2.918043148517609
2024-09-18 20:30:00+00:00,2.9631238847725188,3.075,2.91905717253685
2024-09-18 21:30:00+00:00,2.9724562779412347,3.075,2.921599668264389
2024-09-18 22:30:00+00:00,0.0,0.0,0.00030411966145038605
2024-09-18 23:30:00+00:00,0.0,0.0,0.00015586249355692416
2024-09-19 00:30:00+00:00,2.890266453273329,3.075,2.921862018108368
2024-09-19 01:30:00+00:00,2.9761633820458484,3.075,2.9229615151882173
2024-09-19 02:30:00+00:00,2.9299718210056813,3.075,2.921198096871376
2024-09-19 03:30:00+00:00,2.9024203516878337,3.073728072,2.922160687399361
2024-09-19 04:30:00+00:00,2.8820025627955026,3.0606472140000003,2.9077347760841983
2024-09-19 05:30:00+00:00,2.8927883562451324,3.057111352,2.906293540510895
2024-09-19 06:30:00+00:00,2.9224784237387387,3.073564304,2.920447377449135
2024-09-19 07:30:00+00:00,2.9294472386052894,3.0713648960000004,2.894339324534508
2024-09-19 08:30:00+00:00,2.7725795769041084,3.06960088,2.8679525254696654
2024-09-19 09:30:00+00:00,2.8351083297030697,3.0666251200000003,2.8449116217652515
2024-09-19 10:30:00+00:00,2.887019399405088,3.0495300100000002,2.8167985186727145
2024-09-19 11:30:00+00:00,2.9529367200744274,3.075,2.8329695582389833
2024-09-19 12:30:00+00:00,2.755390795531356,3.075,2.83347664475441
2024-09-19 13:30:00+00:00,2.911396705758368,3.075,2.832900506258011
2024-09-19 14:30:00+00:00,0.0,0.0,0.00038094414048828185
2024-09-19 15:30:00+00:00,0.0,0.0,0.0008101572166197002
2024-09-19 16:30:00+00:00,0.0,0.0,0.0
2024-09-19 17:30:00+00:00,0.0,0.0,0.0
2024-09-19 18:30:00+00:00,0.0,0.0,0.0
2024-09-19 19:30:00+00:00,2.926877187941156,3.075,2.918494698405266
2024-09-19 20:30:00+00:00,0.0,0.0,0.0
2024-09-19 21:30:00+00:00,2.9869089405163773,3.075,2.91819606423378
2024-09-19 22:30:00+00:00,2.9369201011818578,3.075,2.9172385305166246
2024-09-19 23:30:00+00:00,2.918903345237791,3.075,2.918751817941666
2024-09-20 00:30:00+00:00,2.918714324844638,3.075,2.9224730998277666
2024-09-20 01:30:00+00:00,2.9315880528579963,3.075,2.921771910786629
2024-09-20 02:30:00+00:00,2.9873270645088956,3.075,2.924915981292725
2024-09-20 03:30:00+00:00,3.000935823563143,3.075,2.9213960587978365
2024-09-20 04:30:00+00:00,2.828535671458063,3.075,2.919327121973038
2024-09-20 05:30:00+00:00,2.88505501377499,3.075,2.9207375913858415
2024-09-20 06:30:00+00:00,2.7761844137621656,3.075,2.9204290926456453
2024-09-20 07:30:00+00:00,2.872693691510165,3.075,2.8962394267320635
2024-09-20 08:30:00+00:00,2.8341699727049026,3.075,2.8749815046787264
2024-09-20 09:30:00+00:00,2.9117061940835978,3.075,2.856278282403946
2024-09-20 10:30:00+00:00,2.7510374435287854,3.075,2.842752900719643
2024-09-20 11:30:00+00:00,2.9457222575079522,3.075,2.832753744721413
2024-09-20 12:30:00+00:00,0.0,0.0,0.0
2024-09-20 13:30:00+00:00,0.0,0.0,0.0
2024-09-20 14:30:00+00:00,0.0,0.0,0.0
2024-09-20 15:30:00+00:00,0.0,0.0,0.0
2024-09-20 16:30:00+00:00,0.0,0.0,0.0
2024-09-20 17:30:00+00:00,3.0161845176568343,3.075,2.8967149525880815
2024-09-20 18:30:00+00:00,3.037648178554663,3.075,2.922808197140694
2024-09-20 19:30:00+00:00,2.898535295901144,3.075,2.9201974838972093
2024-09-20 20:30:00+00:00,0.0,0.0,0.0
2024-09-20 21:30:00+00:00,0.0,0.0,0.0
2024-09-20 22:30:00+00:00,0.0,0.0,0.0
2024-09-20 23:30:00+00:00,0.0,0.0,0.0
2024-09-21 00:30:00+00:00,0.0,0.0,0.0
2024-09-21 01:30:00+00:00,2.880514431162595,3.075,2.922697824239731
2024-09-21 02:30:00+00:00,2.9804249967063314,3.075,2.9258096486330034
2024-09-21 03:30:00+00:00,2.905510226185577,3.075,2.9238537520170214
2024-09-21 04:30:00+00:00,2.983468663516777,3.075,2.921574738621712
2024-09-21 05:30:00+00:00,2.8533965264770513,3.075,2.9226007878780367
2024-09-21 06:30:00+00:00,2.988566212192991,3.075,2.922427159547806
2024-09-21 07:30:00+00:00,2.9111908362106083,3.075,2.8969102174043657
2024-09-21 08:30:00+00:00,2.838390995138049,3.075,2.8733766198158266
2024-09-21 09:30:00+00:00,2.9372270122965896,3.075,2.855413314700127
2024-09-21 10:30:00+00:00,2.8914451585102405,3.075,2.840522375702858
2024-09-21 11:30:00+00:00,2.694687883120175,3.075,2.831533056497574
2024-09-21 12:30:00+00:00,2.7711461231946792,3.075,2.8332319974899294
2024-09-21 13:30:00+00:00,2.8115630180564586,3.075,2.83138385117054
2024-09-21 14:30:00+00:00,0.0,0.0,0.0
2024-09-21 15:30:00+00:00,0.0,0.0,0.0
2024-09-21 16:30:00+00:00,0.0,0.0,0.0
2024-09-21 17:30:00+00:00,0.0,0.0,0.0
2024-09-21 18:30:00+00:00,0.0,0.0,0.0
2024-09-21 19:30:00+00:00,0.0,0.0,0.0
2024-09-21 20:30:00+00:00,0.0,0.0,0.0
2024-09-21 21:30:00+00:00,0.0,0.0,0.0
2024-09-21 22:30:00+00:00,0.0,0.0,0.0
2024-09-21 23:30:00+00:00,2.894448951584887,3.075,2.9185484617948534
2024-09-22 00:30:00+00:00,2.9120815588466926,3.075,2.924604681134224
2024-09-22 01:30:00+00:00,2.934934278108102,3.075,2.9230785042047502
2024-09-22 02:30:00+00:00,2.9741941728550003,3.075,2.9221113443374636
2024-09-22 03:30:00+00:00,2.9073981344128437,3.075,2.9237178385257723
2024-09-22 04:30:00+00:00,2.959854866168875,3.075,2.920058098435402
2024-09-22 05:30:00+00:00,2.853206129567408,3.075,2.9230730056762697
2024-09-22 06:30:00+00:00,2.905302920094787,3.075,2.922018048167229
2024-09-22 07:30:00+00:00,2.927247734751565,3.075,2.898109403252602
2024-09-22 08:30:00+00:00,2.813599324603144,3.075,2.8744534224271776
2024-09-22 09:30:00+00:00,2.882519067531201,3.075,2.8546172350645067
2024-09-22 10:30:00+00:00,2.7815468880381107,3.075,2.8399236768484117
2024-09-22 11:30:00+00:00,2.8248995708322595,3.075,2.8336953938007357
2024-09-22 12:30:00+00:00,0.0,0.0,0.0011524016736075282
2024-09-22 13:30:00+00:00,0.0,0.0,0.0015090180095285177
2024-09-22 14:30:00+00:00,0.0,0.0,0.0004630714829545468
2024-09-22 15:30:00+00:00,0.0,0.0,2.9314203857211396e-05
2024-09-22 16:30:00+00:00,0.0,0.0,0.0
2024-09-22 17:30:00+00:00,0.0,0.0,0.0
2024-09-22 18:30:00+00:00,0.0,0.0,0.0
2024-09-22 19:30:00+00:00,0.0,0.0,0.0
2024-09-22 20:30:00+00:00,2.8889080949726,3.075,2.9199651896953585
2024-09-22 21:30:00+00:00,0.0,0.0,0.0
2024-09-22 22:30:00+00:00,0.0,0.0,0.0
2024-09-22 23:30:00+00:00,0.0,0.0,0.00015586249355692416
2024-09-23 00:30:00+00:00,2.956454319233363,3.075,2.9210563123226168
2024-09-23 01:30:00+00:00,2.85523307259156,3.075,2.919384998083115
2024-09-23 02:30:00+00:00,2.9013906317550475,3.075,2.9224130481481554
2024-09-23 03:30:00+00:00,2.8980805989885905,3.075,2.923736435174942
2024-09-23 04:30:00+00:00,2.9778526577692896,3.075,2.9248097360134127
2024-09-23 05:30:00+00:00,2.8859176453450015,3.075,2.919881907105446
2024-09-23 06:30:00+00:00,2.9106581521886192,3.075,2.922998082637787
2024-09-23 07:30:00+00:00,2.9546749991521386,3.0746998100000003,2.897111615391312
2024-09-23 08:30:00+00:00,2.931642756960572,3.074135208,2.872725197542961
2024-09-23 09:30:00+00:00,2.7541660221944846,3.075,2.8590090394020082
2024-09-23 10:30:00+00:00,2.8064263868713883,3.075,2.841981840133667
2024-09-23 11:30:00+00:00,2.855387117910932,3.0746998100000003,2.834635218830643
2024-09-23 12:30:00+00:00,0.0,0.0,0.0
2024-09-23 13:30:00+00:00,0.0,0.0,0.0
2024-09-23 14:30:00+00:00,0.0,0.0,0.000541061453986913
2024-09-23 15:30:00+00:00,0.0,0.0,0.0004630714829545468
2024-09-23 16:30:00+00:00,0.0,0.0,2.7350452000973746e-05
2024-09-23 17:30:00+00:00,0.0,0.0,0.0
2024-09-23 18:30:00+00:00,0.0,0.0,0.0
2024-09-23 19:30:00+00:00,0.0,0.0,0.0
2024-09-23 20:30:00+00:00,0.0,0.0,0.00021141495381016284
2024-09-23 21:30:00+00:00,0.0,0.0,0.00021141495381016284
2024-09-23 22:30:00+00:00,0.0,0.0,0.00021141495381016284
2024-09-23 23:30:00+00:00,0.0,0.0,0.00021141495381016284
2024-09-24 00:30:00+00:00,2.9491114087420454,3.075,2.9168023437261583
2024-09-24 01:30:00+00:00,3.0025116359409862,3.075,2.919079673290253
2024-09-24 02:30:00+00:00,2.9807681988647516,3.075,2.921949487924576
2024-09-24 03:30:00+00:00,2.9111811966990553,3.075,2.924438786506653
2024-09-24 04:30:00+00:00,2.8974246699793,3.075,2.9223850935697557
2024-09-24 05:30:00+00:00,2.94149941491247,3.075,2.9194340229034426
2024-09-24 06:30:00+00:00,2.8387206983862088,3.075,2.922329929471016
2024-09-24 07:30:00+00:00,2.8293481770231557,3.0501667379999997,2.873226758804405
2024-09-24 08:30:00+00:00,2.5669099459461897,2.86599852,2.6807516351771548
2024-09-24 09:30:00+00:00,1.622537278596488,1.7424976,1.6167809584547044
2024-09-24 10:30:00+00:00,0.537053397152993,0.5683121999999999,0.5273413120111942
2024-09-24 11:30:00+00:00,0.16731105922210404,0.18091609359999997,0.16769860995283228
2024-09-24 12:30:00+00:00,2.705031988722998,3.075,2.8391554325819017
2024-09-24 13:30:00+00:00,2.893796791416954,3.075,2.836803522706032
2024-09-24 14:30:00+00:00,0.0,0.0,0.0
2024-09-24 15:30:00+00:00,0.0,0.0,9.338530071545392e-05
2024-09-24 16:30:00+00:00,0.0,0.0,7.116128472262062e-06
2024-09-24 17:30:00+00:00,0.0,0.0,0.0
2024-09-24 18:30:00+00:00,0.0,0.0,0.0
2024-09-24 19:30:00+00:00,0.0,0.0,0.00021141495381016284
2024-09-24 20:30:00+00:00,0.0,0.0,0.00021141495381016284
2024-09-24 21:30:00+00:00,0.0,0.0,0.00021141495381016284
2024-09-24 22:30:00+00:00,0.0,0.0,0.00021141495381016284
2024-09-24 23:30:00+00:00,0.0,0.0,0.00021141495381016284
2024-09-25 00:30:00+00:00,2.913263304897733,3.075,2.9201871126890184
2024-09-25 01:30:00+00:00,2.8827901304640675,3.075,2.9256570607423784
2024-09-25 02:30:00+00:00,2.9269037122547332,3.075,2.919974756240845
2024-09-25 03:30:00+00:00,2.839564308764306,3.075,2.922555473446846
2024-09-25 04:30:00+00:00,2.933345482377378,3.075,2.9197135090827944
2024-09-25 05:30:00+00:00,2.9581150590386485,3.075,2.9191463708877565
2024-09-25 06:30:00+00:00,2.852630426841513,3.066496544,2.908687912341446
2024-09-25 07:30:00+00:00,2.525997024587994,2.7311012879999996,2.561944617429626
2024-09-25 08:30:00+00:00,1.204978238124571,1.3314125438000002,1.2460980464483538
2024-09-25 09:30:00+00:00,0.8602761351665882,0.9367763976,0.8722915703795601
2024-09-25 10:30:00+00:00,2.5675400549789464,2.7311012879999996,2.531120850244415
2024-09-25 11:30:00+00:00,2.9909543105333958,3.074443484,2.833649793914589
2024-09-25 12:30:00+00:00,2.934413902724815,3.074443484,2.833519036225113
2024-09-25 13:30:00+00:00,2.867856471950085,3.075,2.832301688194275
2024-09-25 14:30:00+00:00,0.0,0.0,0.0
2024-09-25 15:30:00+00:00,0.0,0.0,9.338530071545392e-05
2024-09-25 16:30:00+00:00,0.0,0.0,0.0
2024-09-25 17:30:00+00:00,0.0,0.0,0.0
2024-09-25 18:30:00+00:00,0.0,0.0,0.0
2024-09-25 19:30:00+00:00,0.0,0.0,0.00021141495381016284
2024-09-25 20:30:00+00:00,0.0,0.0,0.00021141495381016284
2024-09-25 21:30:00+00:00,0.0,0.0,0.00021141495381016284
2024-09-25 22:30:00+00:00,0.0,0.0,0.00021141495381016284
2024-09-25 23:30:00+00:00,0.0,0.0,0.0003936538705602288
2024-09-26 00:30:00+00:00,2.995064658935442,3.075,2.9194052785634996
2024-09-26 01:30:00+00:00,2.9573552486728567,3.075,2.915863361954689
2024-09-26 02:30:00+00:00,2.856388273800808,3.075,2.917276766896248
2024-09-26 03:30:00+00:00,2.8900254355583903,3.075,2.92771193087101
2024-09-26 04:30:00+00:00,2.987732467464506,3.075,2.9174733728170397
2024-09-26 05:30:00+00:00,2.8981168697487503,3.075,2.919960004091263
2024-09-26 06:30:00+00:00,2.985598773975376,3.075,2.9199870198965074
2024-09-26 07:30:00+00:00,2.9751608115338946,3.075,2.896611672639847
2024-09-26 08:30:00+00:00,2.9132905199094554,3.075,2.8737083941698076
2024-09-26 09:30:00+00:00,2.8619430823462193,3.075,2.859444108605385
2024-09-26 10:30:00+00:00,2.9152936164967844,3.075,2.8382214277982714
2024-09-26 11:30:00+00:00,2.777316874198168,3.075,2.8296735852956774
2024-09-26 12:30:00+00:00,2.8726259695585843,3.075,2.8290237456560137
2024-09-26 13:30:00+00:00,0.0,0.0,0.0
2024-09-26 14:30:00+00:00,0.0,0.0,0.0
2024-09-26 15:30:00+00:00,0.0,0.0,0.0
2024-09-26 16:30:00+00:00,0.0,0.0,0.0
2024-09-26 17:30:00+00:00,2.9161043990732822,3.075,2.9025319635868074
2024-09-26 18:30:00+00:00,0.0,0.0,8.301857451442629e-05
2024-09-26 19:30:00+00:00,0.0,0.0,0.00018207610992249101
2024-09-26 20:30:00+00:00,0.0,0.0,0.00021141495381016284
2024-09-26 21:30:00+00:00,0.0,0.0,0.00021141495381016284
2024-09-26 22:30:00+00:00,0.0,0.0,0.0003936538705602288
2024-09-26 23:30:00+00:00,0.0,0.0,0.0
2024-09-27 00:30:00+00:00,0.0,0.0,8.81689484231174e-05
2024-09-27 01:30:00+00:00,0.0,0.0,0.0
2024-09-27 02:30:00+00:00,0.0,0.0,6.079386002966203e-05
2024-09-27 03:30:00+00:00,2.967671233723055,3.075,2.9212225496768953
2024-09-27 04:30:00+00:00,2.893074723703717,3.075,2.9251061499118807
2024-09-27 05:30:00+00:00,2.943555586269748,3.075,2.9217957228422167
2024-09-27 06:30:00+00:00,2.908886722428587,3.075,2.92135891020298
2024-09-27 07:30:00+00:00,2.8580943872067537,3.075,2.898822155594826
2024-09-27 08:30:00+00:00,2.790618239738685,3.075,2.87097145318985
2024-09-27 09:30:00+00:00,2.8594226913255625,3.075,2.8588098853826525
2024-09-27 10:30:00+00:00,2.771617685910062,3.075,2.8390994489192964
2024-09-27 11:30:00+00:00,0.0,0.0,0.0
2024-09-27 12:30:00+00:00,2.9087292159935942,3.075,2.8275642514228823
2024-09-27 13:30:00+00:00,2.84418386806737,3.075,2.829199028015137
2024-09-27 14:30:00+00:00,0.0,0.0,0.0
2024-09-27 15:30:00+00:00,2.863049431541221,3.075,2.8607867628335955
2024-09-27 16:30:00+00:00,2.894475796290036,3.075,2.874960017204285
2024-09-27 17:30:00+00:00,0.0,0.0,0.0
2024-09-27 18:30:00+00:00,0.0,0.0,0.0
2024-09-27 19:30:00+00:00,0.0,0.0,0.0
2024-09-27 20:30:00+00:00,0.0,0.0,0.0
2024-09-27 21:30:00+00:00,0.0,0.0,1.7714504792820662e-05
2024-09-27 22:30:00+00:00,0.0,0.0,0.00021141495381016284
2024-09-27 23:30:00+00:00,0.0,0.0,0.00021141495381016284
2024-09-28 00:30:00+00:00,2.9440046855683257,3.075,2.91943773329258
2024-09-28 01:30:00+00:00,2.9134536309195878,3.075,2.9216007858514788
2024-09-28 02:30:00+00:00,2.9939311959869834,3.075,2.9313322424888613
2024-09-28 03:30:00+00:00,3.026706914390068,3.075,2.9221743166446688
2024-09-28 04:30:00+00:00,2.899867787961501,3.075,2.9240142077207567
2024-09-28 05:30:00+00:00,2.88121174175466,3.075,2.923983392119408
2024-09-28 06:30:00+00:00,2.0350320039975323,2.187360802,2.0727187481574556
2024-09-28 07:30:00+00:00,0.2794176704335398,0.3043273161999999,0.28914637266622173
2024-09-28 08:30:00+00:00,0.056789759614241625,0.062500523,0.05782327574395943
2024-09-28 09:30:00+00:00,0.0,0.0,0.0
2024-09-28 10:30:00+00:00,0.11601627034440253,0.12402439039999998,0.11637794847468293
2024-09-28 11:30:00+00:00,0.7752394205855114,0.8469192959999998,0.7805525266265829
2024-09-28 12:30:00+00:00,2.5860366370845997,2.7913841840000004,2.5836025264234395
2024-09-28 13:30:00+00:00,2.846282570302164,3.075,2.837174412608147
2024-09-28 14:30:00+00:00,0.0,0.0,0.0
2024-09-28 15:30:00+00:00,2.7781714954947434,3.075,2.857005459070206
2024-09-28 16:30:00+00:00,2.8283504138373945,3.075,2.8761709451675417
2024-09-28 17:30:00+00:00,2.897878717500849,3.075,2.8982345432043077
2024-09-28 18:30:00+00:00,2.915191021475339,3.075,2.920985993742943
2024-09-28 19:30:00+00:00,2.8990917538080905,3.075,2.919760373234749
2024-09-28 20:30:00+00:00,2.848785449254437,3.075,2.9217408269643785
2024-09-28 21:30:00+00:00,2.807091524195857,3.075,2.9211609035730364
2024-09-28 22:30:00+00:00,2.9132592939003366,3.075,2.922514778375626
2024-09-28 23:30:00+00:00,2.9337638036188407,3.075,2.919077929854393
2024-09-29 00:30:00+00:00,2.911545130495993,3.075,2.924579244852066
2024-09-29 01:30:00+00:00,2.8578109125990254,3.075,2.9194543182849886
2024-09-29 02:30:00+00:00,2.8892069883474023,3.075,2.919228744506836
2024-09-29 03:30:00+00:00,2.952682541333318,3.075,2.921192553639412
2024-09-29 04:30:00+00:00,2.9204866309008657,3.075,2.922474962472916
2024-09-29 05:30:00+00:00,2.9202646526531386,3.075,2.9226007878780367
2024-09-29 06:30:00+00:00,2.8338307973693886,2.94290676,2.800123401306877
2024-09-29 07:30:00+00:00,1.980526480362212,2.072967616,1.9653941216848527
2024-09-29 08:30:00+00:00,1.6551695582384036,1.7256097000000001,1.5999206107017518
2024-09-29 09:30:00+00:00,1.6046616517947554,1.7222259999999996,1.594453922081947
2024-09-29 10:30:00+00:00,1.8736187172272762,2.0785723659999995,1.9216004792459636
2024-09-29 11:30:00+00:00,2.638417384558067,2.9294765999999997,2.693499725171661
2024-09-29 12:30:00+00:00,2.8292014859719896,3.073466812,2.834409256205284
2024-09-29 13:30:00+00:00,2.7224522100322,3.075,2.8345124393701555
2024-09-29 14:30:00+00:00,0.0,0.0,0.000543243542779237
2024-09-29 15:30:00+00:00,0.0,0.0,0.0
2024-09-29 16:30:00+00:00,0.0,0.0,0.0003735718782991171
2024-09-29 17:30:00+00:00,0.0,0.0,0.0
2024-09-29 18:30:00+00:00,0.0,0.0,0.00015586249355692416
2024-09-29 19:30:00+00:00,0.0,0.0,0.00015586249355692416
2024-09-29 20:30:00+00:00,2.9977156730013044,3.075,2.924643260240555
2024-09-29 21:30:00+00:00,2.8420951865956328,3.075,2.924643260240555
2024-09-29 22:30:00+00:00,2.908653674635092,3.075,2.922676292061806
2024-09-29 23:30:00+00:00,2.9919153988600677,3.075,2.9235907763242723
2024-09-30 00:30:00+00:00,3.0234158285846253,3.075,2.9234868705272676
2024-09-30 01:30:00+00:00,2.898480705129514,3.075,2.919913274049759
2024-09-30 02:30:00+00:00,2.977885796330438,3.075,2.922418710589409
2024-09-30 03:30:00+00:00,3.04246495059042,3.075,2.918691349029541
2024-09-30 04:30:00+00:00,2.799516368634857,3.075,2.917918172478676
2024-09-30 05:30:00+00:00,2.8678448710121796,3.075,2.9198634892702104
2024-09-30 06:30:00+00:00,2.9916497006286207,3.075,2.922468227148056
2024-09-30 07:30:00+00:00,3.009141001974329,3.075,2.899217259883881
2024-09-30 08:30:00+00:00,2.8013410404195245,3.073728072,2.8750130706553194
2024-09-30 09:30:00+00:00,2.9371540076678797,3.072739984,2.8531697346809235
2024-09-30 10:30:00+00:00,2.835254680462801,3.075,2.8449194550514223
2024-09-30 11:30:00+00:00,2.8052297581558165,3.075,2.8362316310405733
2024-09-30 12:30:00+00:00,2.860639726688977,3.075,2.8338400542736055
2024-09-30 13:30:00+00:00,2.8922303585861884,3.075,2.8370436251163484
2024-09-30 14:30:00+00:00,0.0,0.0,0.00021488072525244206
2024-09-30 15:30:00+00:00,0.0,0.0,0.0
2024-09-30 16:30:00+00:00,0.0,0.0,0.0
2024-09-30 17:30:00+00:00,0.0,0.0,0.0
2024-09-30 18:30:00+00:00,0.0,0.0,0.0
2024-09-30 19:30:00+00:00,0.0,0.0,0.0
2024-09-30 20:30:00+00:00,3.071170655480687,3.075,2.920468044281006
2024-09-30 21:30:00+00:00,2.9698145871780213,3.075,2.9207110077142717
2024-09-30 22:30:00+00:00,2.9083988188218153,3.075,2.9239633649587633
2024-09-30 23:30:00+00:00,2.9721649293969366,3.075,2.9207576483488085
2024-10-01 00:30:00+00:00,2.8893732681142072,3.075,2.925367292761803
2024-10-01 01:30:00+00:00,2.8958301193655323,3.075,2.9244091629981996
2024-10-01 02:30:00+00:00,2.9141851484204584,3.075,2.9252460569143297
2024-10-01 03:30:00+00:00,2.967925821984818,3.075,2.923753184080124
2024-10-01 04:30:00+00:00,2.9464803125309147,3.075,2.918209132552147
2024-10-01 05:30:00+00:00,2.9164326562671437,3.075,2.919787269830704
2024-10-01 06:30:00+00:00,2.908292799077223,3.075,2.9185103446245195
2024-10-01 07:30:00+00:00,2.8096036406507308,3.075,2.896965575218201
2024-10-01 08:30:00+00:00,2.8302758334247273,3.075,2.876543563604355
2024-10-01 09:30:00+00:00,2.879179893240969,3.075,2.8569738388061525
2024-10-01 10:30:00+00:00,2.7990812293390213,3.066732176,2.832437284642578
2024-10-01 11:30:00+00:00,2.7608191996194433,3.039317704,2.8108841247935334
2024-10-01 12:30:00+00:00,2.8693339093228274,3.075,2.8338400542736055
2024-10-01 13:30:00+00:00,2.7963572036792033,3.075,2.8349305510520937
2024-10-01 14:30:00+00:00,0.0,0.0,0.0
2024-10-01 15:30:00+00:00,0.0,0.0,0.0
2024-10-01 16:30:00+00:00,0.0,0.0,0.0
2024-10-01 17:30:00+00:00,2.834275534904183,3.075,2.895321783423424
2024-10-01 18:30:00+00:00,2.9747180738545658,3.075,2.9219076454639437
2024-10-01 19:30:00+00:00,2.9897225540710597,3.075,2.9212802767753603
2024-10-01 20:30:00+00:00,2.8119087399236937,3.075,2.9186221182346346
2024-10-01 21:30:00+00:00,2.8116154165787237,3.075,2.920454350113869
2024-10-01 22:30:00+00:00,2.876201200804046,3.075,2.9217534333467485
2024-10-01 23:30:00+00:00,2.9394746490934396,3.075,2.9208347320556642
2024-10-02 00:30:00+00:00,2.939291614527295,3.075,2.9191167175769808
2024-10-02 01:30:00+00:00,2.98149567804571,3.075,2.9240211218595507
2024-10-02 02:30:00+00:00,2.9078863947401303,3.075,2.9241614013910295
2024-10-02 03:30:00+00:00,2.9287730014931146,3.075,2.91683669090271
2024-10-02 04:30:00+00:00,2.927041054054667,3.075,2.919299286603928
2024-10-02 05:30:00+00:00,2.9919931454179096,3.075,2.9183714509010317
2024-10-02 06:30:00+00:00,2.8625936113420827,3.075,2.918380242586136
2024-10-02 07:30:00+00:00,2.8697835361081596,3.075,2.894676458835602
2024-10-02 08:30:00+00:00,2.847056173197892,3.075,2.872352209687233
2024-10-02 09:30:00+00:00,2.965855342873056,3.075,2.850442108511925
2024-10-02 10:30:00+00:00,2.9346795405851482,3.075,2.8382984668016435
2024-10-02 11:30:00+00:00,0.0,0.0,0.0
2024-10-02 12:30:00+00:00,0.0,0.0,0.0
2024-10-02 13:30:00+00:00,0.0,0.0,0.0
2024-10-02 14:30:00+00:00,0.0,0.0,0.0
2024-10-02 15:30:00+00:00,0.0,0.0,0.0
2024-10-02 16:30:00+00:00,0.0,0.0,0.0
2024-10-02 17:30:00+00:00,0.0,0.0,0.0
2024-10-02 18:30:00+00:00,0.0,0.0,0.0
2024-10-02 19:30:00+00:00,0.0,0.0,0.0
2024-10-02 20:30:00+00:00,2.8391273078966965,3.075,2.9183901369571688
2024-10-02 21:30:00+00:00,0.0,0.0,0.0
2024-10-02 22:30:00+00:00,0.0,0.0,0.00015586249355692416
2024-10-02 23:30:00+00:00,0.0,0.0,0.0
2024-10-03 00:30:00+00:00,2.8713131126188554,3.075,2.919004586338997
2024-10-03 01:30:00+00:00,2.9158058736888344,3.075,2.9217104434967043
2024-10-03 02:30:00+00:00,0.0,0.0,0.0
2024-10-03 03:30:00+00:00,2.8361481726911015,3.075,2.9271932661533357
2024-10-03 04:30:00+00:00,2.9078561213562613,3.075,2.9158765494823458
2024-10-03 05:30:00+00:00,2.9577659506524876,3.075,2.9193662971258165
2024-10-03 06:30:00+00:00,2.8440046464091067,3.075,2.9189573645591738
2024-10-03 07:30:00+00:00,2.947968566835484,3.075,2.8932626813650133
2024-10-03 08:30:00+00:00,2.876518902543256,3.075,2.8721184104681017
2024-10-03 09:30:00+00:00,2.8916159695756902,3.075,2.85427839756012
2024-10-03 10:30:00+00:00,0.0,0.0,0.0
2024-10-03 11:30:00+00:00,0.0,0.0,0.0
2024-10-03 12:30:00+00:00,0.0,0.0,0.0
2024-10-03 13:30:00+00:00,0.0,0.0,0.0
2024-10-03 14:30:00+00:00,0.0,0.0,0.0
2024-10-03 15:30:00+00:00,0.0,0.0,0.0
2024-10-03 16:30:00+00:00,0.0,0.0,0.0
2024-10-03 17:30:00+00:00,0.0,0.0,0.0
2024-10-03 18:30:00+00:00,0.0,0.0,0.0
2024-10-03 19:30:00+00:00,0.0,0.0,0.0
2024-10-03 20:30:00+00:00,0.0,0.0,0.0
2024-10-03 21:30:00+00:00,0.0,0.0,0.0
2024-10-03 22:30:00+00:00,0.0,0.0,0.0
2024-10-03 23:30:00+00:00,2.866956847605356,3.075,2.920453128218651
2024-10-04 00:30:00+00:00,2.8552501599849913,3.075,2.920857471227646
2024-10-04 01:30:00+00:00,2.8829517771855966,3.075,2.921536993980408
2024-10-04 02:30:00+00:00,0.0,0.0,0.0
2024-10-04 03:30:00+00:00,0.0,0.0,0.0
2024-10-04 04:30:00+00:00,0.0,0.0,0.0
2024-10-04 05:30:00+00:00,0.0,0.0,0.0
2024-10-04 06:30:00+00:00,0.0,0.0,0.0
2024-10-04 07:30:00+00:00,0.0,0.0,0.0
2024-10-04 08:30:00+00:00,0.0,0.0,0.0
2024-10-04 09:30:00+00:00,0.0,0.0,0.0
2024-10-04 10:30:00+00:00,0.0,0.0,0.0
2024-10-04 11:30:00+00:00,0.0,0.0,0.0
2024-10-04 12:30:00+00:00,0.0,0.0,0.0
2024-10-04 13:30:00+00:00,0.0,0.0,0.0
2024-10-04 14:30:00+00:00,0.0,0.0,0.0
2024-10-04 15:30:00+00:00,0.0,0.0,0.0
2024-10-04 16:30:00+00:00,0.0,0.0,0.0
2024-10-04 17:30:00+00:00,2.844339510178897,3.075,2.897984129190445
2024-10-04 18:30:00+00:00,3.0164224218485467,3.075,2.9207526713609697
2024-10-04 19:30:00+00:00,2.9335054659254003,3.075,2.9224369496107103
2024-10-04 20:30:00+00:00,2.8611955589442637,3.075,2.917274770140648
2024-10-04 21:30:00+00:00,2.8396427955230417,3.075,2.9195911556482317
2024-10-04 22:30:00+00:00,2.871523114121587,3.075,2.917975974082947
2024-10-04 23:30:00+00:00,2.955967504597626,3.075,2.920889985561371
2024-10-05 00:30:00+00:00,2.9581510145430987,3.075,2.920514386892319
2024-10-05 01:30:00+00:00,2.9300144578159215,3.075,2.9209418118000032
2024-10-05 02:30:00+00:00,2.9179383611156515,3.075,2.9160166501998903
2024-10-05 03:30:00+00:00,2.867416794184076,3.075,2.9199828177690508
2024-10-05 04:30:00+00:00,2.9252029311710177,3.075,2.9204891294240953
2024-10-05 05:30:00+00:00,2.949639703131228,3.075,2.92104024887085
2024-10-05 06:30:00+00:00,2.9433093162951627,3.075,2.9204505354166033
2024-10-05 07:30:00+00:00,2.8275245920896426,3.075,2.8957874894142153
2024-10-05 08:30:00+00:00,2.8716693286809116,3.075,2.8716616451740267
2024-10-05 09:30:00+00:00,2.762299566542323,3.075,2.85301813185215
2024-10-05 10:30:00+00:00,2.7828883858183864,3.075,2.8380629390478136
2024-10-05 11:30:00+00:00,0.0,0.0,0.0
2024-10-05 12:30:00+00:00,0.0,0.0,0.0
2024-10-05 13:30:00+00:00,0.0,0.0,0.0
2024-10-05 14:30:00+00:00,0.0,0.0,0.0
2024-10-05 15:30:00+00:00,0.0,0.0,0.0
2024-10-05 16:30:00+00:00,0.0,0.0,0.0
2024-10-05 17:30:00+00:00,2.8904993625201207,3.075,2.8999426037073137
2024-10-05 18:30:00+00:00,2.900634044348392,3.075,2.9205533236265184
2024-10-05 19:30:00+00:00,2.8778606077242985,3.075,2.9206246703863146
2024-10-05 20:30:00+00:00,2.892196889455051,3.075,2.9207640111446382
2024-10-05 21:30:00+00:00,2.8969153453525704,3.075,2.9213844656944277
2024-10-05 22:30:00+00:00,2.950626009382965,3.075,2.9163553386926653
2024-10-05 23:30:00+00:00,2.7386784651937846,2.8599764400000005,2.709567263054314
2024-10-06 00:30:00+00:00,2.503456949289877,2.6490431439999993,2.517894239438003
2024-10-06 01:30:00+00:00,2.20539896858252,2.3122786,2.2018335550652504
2024-10-06 02:30:00+00:00,2.375897838754364,2.4527955999999995,2.326348771753883
2024-10-06 03:30:00+00:00,0.12182859789080519,0.12706489519999997,0.1194230107017018
2024-10-06 04:30:00+00:00,0.0,0.0,0.0
2024-10-06 05:30:00+00:00,0.24234588767914228,0.26164522400000007,0.2493224023456207
2024-10-06 06:30:00+00:00,0.8293282043924183,0.8560111103999999,0.8110029688525584
2024-10-06 07:30:00+00:00,1.5745288521018985,1.6329009099999996,1.5435416414538952
2024-10-06 08:30:00+00:00,2.224040056279164,2.4179824,2.2617523228525163
2024-10-06 09:30:00+00:00,1.6589082574742822,1.7705223999999995,1.6433234207414622
2024-10-06 10:30:00+00:00,1.3153902127121266,1.3979195939999998,1.29612780983271
2024-10-06 11:30:00+00:00,1.7403316598456304,1.8888058000000005,1.7349341147335058
2024-10-06 12:30:00+00:00,1.064811429893359,1.1352128855999999,1.0510322921093993
2024-10-06 13:30:00+00:00,1.3644337254916126,1.5559043279999998,1.4368252000922468
2024-10-06 14:30:00+00:00,1.8357867335824063,1.954,1.802012015223503
2024-10-06 15:30:00+00:00,2.8443151656516275,3.075,2.864179340004921
2024-10-06 16:30:00+00:00,2.8432734155697323,3.075,2.885530319809914
2024-10-06 17:30:00+00:00,2.839072392510101,3.075,2.901706409454346
2024-10-06 18:30:00+00:00,2.987571000144897,3.075,2.9196410149335863
2024-10-06 19:30:00+00:00,2.8926246214071467,3.0742415440000004,2.917626674167008
2024-10-06 20:30:00+00:00,2.958601549871045,3.0102592400000003,2.8625128111526874
2024-10-06 21:30:00+00:00,2.9022392983746754,3.075,2.9232919037342073
2024-10-06 22:30:00+00:00,2.9248032047785193,3.075,2.920964714884758
2024-10-06 23:30:00+00:00,2.8750239968187037,3.075,2.9243588715791704
2024-10-07 00:30:00+00:00,2.9052307990685953,3.075,2.919935715198517
2024-10-07 01:30:00+00:00,2.9280926713776068,3.075,2.91848002076149
2024-10-07 02:30:00+00:00,2.9233992664588806,3.075,2.9172848582267763
2024-10-07 03:30:00+00:00,2.9667722467242656,3.030088744,2.863338000014824
2024-10-07 04:30:00+00:00,2.8838977868413678,2.98451592,2.8347565081881716
2024-10-07 05:30:00+00:00,2.801782582347124,3.0468134279999997,2.901205166772392
2024-10-07 06:30:00+00:00,2.908222660877506,3.074529068,2.914919988639038
2024-10-07 07:30:00+00:00,2.8554375395647926,3.075,2.880821716785431
2024-10-07 08:30:00+00:00,2.8692897421801464,3.028764952,2.830091539796211
2024-10-07 09:30:00+00:00,1.230891921296352,1.3505940203999998,1.2490504374241354
2024-10-07 10:30:00+00:00,1.1760115201287111,1.265067751,1.1686492734051475
2024-10-07 11:30:00+00:00,2.9205091603143387,3.075,2.836806219816208
2024-10-07 12:30:00+00:00,2.8340671056172617,3.075,2.8408446431159975
2024-10-07 13:30:00+00:00,2.7524751468675284,3.075,2.841631588339806
2024-10-07 14:30:00+00:00,2.7354007271262444,2.8335866399999996,2.608220584034576
2024-10-07 15:30:00+00:00,1.6580724263220115,1.8139437999999997,1.680916931895065
2024-10-07 16:30:00+00:00,2.865436392642587,3.075,2.883398261666298
2024-10-07 17:30:00+00:00,2.7379213324503904,3.075,2.899033156037331
2024-10-07 18:30:00+00:00,2.7801218839926105,3.075,2.91988120675087
2024-10-07 19:30:00+00:00,3.029744577038725,3.075,2.9266299277544023
2024-10-07 20:30:00+00:00,0.22699510404890755,0.24609959499999998,0.2328875707657647
2024-10-07 21:30:00+00:00,0.691442535149327,0.7219013759999999,0.6852689648180732
2024-10-07 22:30:00+00:00,0.46244304599202657,0.48479747860000005,0.46155684901640287
2024-10-07 23:30:00+00:00,0.0,0.0,0.0008846794371493161
2024-10-08 00:30:00+00:00,2.9642549977802166,3.075,2.891652223467827
2024-10-08 01:30:00+00:00,2.8402124871093095,3.075,2.8996966004371645
2024-10-08 02:30:00+00:00,2.5125008261166464,2.5198492,2.3855273017780303
2024-10-08 03:30:00+00:00,1.3894281528733747,1.4423609199999996,1.3652353259801098
2024-10-08 04:30:00+00:00,1.6789428064878653,1.7928346000000002,1.7041366077347757
2024-10-08 05:30:00+00:00,2.4341001164471807,2.4567610000000006,2.3273774658069617
2024-10-08 06:30:00+00:00,1.6698337840803303,1.7492380000000003,1.669019103730202
2024-10-08 07:30:00+00:00,0.8936740843359249,0.9247421000000001,0.8748615916665555
2024-10-08 08:30:00+00:00,1.4384504079220979,1.546189384,1.4383913515374032
2024-10-08 09:30:00+00:00,2.8474103858803748,3.069030472,2.857003339488861
2024-10-08 10:30:00+00:00,2.7839694612407127,3.075,2.8430767923593523
2024-10-08 11:30:00+00:00,2.974770379489714,3.075,2.8380952298641207
2024-10-08 12:30:00+00:00,2.23093875919656,2.4478353999999998,2.2459979646352766
2024-10-08 13:30:00+00:00,2.8275283644731273,3.0207944760000003,2.780485192862679
2024-10-08 14:30:00+00:00,2.7507083307650446,3.073399996,2.8352323822552643
2024-10-08 15:30:00+00:00,2.8832598492434496,3.075,2.8607405841350557
2024-10-08 16:30:00+00:00,2.9246959166775475,3.07427694,2.8771639326929472
2024-10-08 17:30:00+00:00,0.1970179870006235,0.20668362000000004,0.18893168599318985
2024-10-08 18:30:00+00:00,1.4269594849516718,1.5201815770000002,1.4313505993217013
2024-10-08 19:30:00+00:00,2.8784198152273808,3.075,2.917985033988953
2024-10-08 20:30:00+00:00,2.9228069544859916,3.075,2.919722777605057
2024-10-08 21:30:00+00:00,2.9814177200831833,3.075,2.91671961247921
2024-10-08 22:30:00+00:00,2.994101302673996,3.075,2.912778925895691
2024-10-08 23:30:00+00:00,2.8795837819319168,3.075,2.9155379801988603
2024-10-09 00:30:00+00:00,2.8555091421197596,3.039317704,2.887298411883835
2024-10-09 01:30:00+00:00,2.894293504079227,3.073199028,2.9135561826077727
2024-10-09 02:30:00+00:00,2.823901050052201,3.075,2.9110915780067446
2024-10-09 03:30:00+00:00,0.6283948180830854,0.6506043800000001,0.6102936879578877
2024-10-09 04:30:00+00:00,0.0,0.0,0.0
2024-10-09 05:30:00+00:00,0.0,0.0,0.0
2024-10-09 06:30:00+00:00,0.34120171437205465,0.35538124900000007,0.33683104116158397
2024-10-09 07:30:00+00:00,1.4514108352695416,1.5386184199999997,1.4496909275006482
2024-10-09 08:30:00+00:00,2.6800199101398197,2.7950365200000005,2.624384190078278
2024-10-09 09:30:00+00:00,2.866711719224,3.020128172,2.8153056764202806
2024-10-09 10:30:00+00:00,2.7718817440850363,2.992507528,2.762742142610672
2024-10-09 11:30:00+00:00,1.8311525383876583,2.0222803240000005,1.8577963744579549
2024-10-09 12:30:00+00:00,2.538628762115804,2.717768232,2.5029594997288056
2024-10-09 13:30:00+00:00,0.7761820431376033,0.8839976831999998,0.8150600313869696
2024-10-09 14:30:00+00:00,2.843981090932585,3.075,2.849037927389145
2024-10-09 15:30:00+00:00,0.0,0.0,0.0012540193274617195
2024-10-09 16:30:00+00:00,0.0,0.0,0.0
2024-10-09 17:30:00+00:00,2.929362788811213,3.075,2.8950998455286028
2024-10-09 18:30:00+00:00,2.8325427200138535,3.075,2.9167550921440126
2024-10-09 19:30:00+00:00,2.8152259272105162,3.075,2.909337592124939
2024-10-09 20:30:00+00:00,2.8834773470768966,3.075,2.914421480894089
2024-10-09 21:30:00+00:00,2.917790672693304,3.075,2.913648021221161
2024-10-09 22:30:00+00:00,3.009522439146164,3.075,2.9183065563440325
2024-10-09 23:30:00+00:00,3.0793960676368743,3.075,2.9092198431491854
2024-10-10 00:30:00+00:00,2.9023868370480703,3.06733064,2.913273584288254
2024-10-10 01:30:00+00:00,0.44017465236114856,0.45949083279999997,0.43705984849664475
2024-10-10 02:30:00+00:00,2.9549143907002953,3.075,2.925657656788826
2024-10-10 03:30:00+00:00,2.896377546021848,3.074529068,2.913074941761177
2024-10-10 04:30:00+00:00,2.990765527258798,3.061940202,2.9061123966001055
2024-10-10 05:30:00+00:00,2.818579939092209,3.061113132,2.9043696502447434
2024-10-10 06:30:00+00:00,2.8067017402674685,3.075,2.9067645341157915
2024-10-10 07:30:00+00:00,2.85494196303614,3.075,2.8832560002803804
2024-10-10 08:30:00+00:00,2.893658867945728,3.075,2.8753600984811785
2024-10-10 09:30:00+00:00,2.8931906126625533,3.075,2.855605897307396
2024-10-10 10:30:00+00:00,2.860324965625311,3.075,2.8435594707727434
2024-10-10 11:30:00+00:00,2.8124930988826544,3.075,2.833171707391739
2024-10-10 12:30:00+00:00,2.766950631392638,3.075,2.8331003457307817
2024-10-10 13:30:00+00:00,2.8044531647413686,3.075,2.8285006850957872
2024-10-10 14:30:00+00:00,2.7638129933159723,3.075,2.837738510966301
2024-10-10 15:30:00+00:00,2.8220681527215756,3.075,2.857700598239899
2024-10-10 16:30:00+00:00,2.811581401764337,3.075,2.8735563427209856
2024-10-10 17:30:00+00:00,2.8992011189923312,3.075,2.8964463442564012
2024-10-10 18:30:00+00:00,2.991915874225775,3.075,2.9163635045289995
2024-10-10 19:30:00+00:00,2.842115821745908,3.075,2.920485091209412
2024-10-10 20:30:00+00:00,2.786866163083636,3.075,2.913308408856392
2024-10-10 21:30:00+00:00,2.903089545474546,3.075,2.9109462767839434
2024-10-10 22:30:00+00:00,2.954798435660569,3.075,2.917274144291878
2024-10-10 23:30:00+00:00,2.892135948957058,3.075,2.9096215784549715
2024-10-11 00:30:00+00:00,0.5779346040094873,0.6038714324000001,0.5744965796234727
2024-10-11 01:30:00+00:00,1.939179795309464,2.042608792,1.9449809808661382
2024-10-11 02:30:00+00:00,2.635989915052068,2.77968,2.641557143383026
2024-10-11 03:30:00+00:00,1.7088112431325206,1.7705223999999995,1.6838724158786769
2024-10-11 04:30:00+00:00,2.523367442713458,2.616582288,2.484653188440216
2024-10-11 05:30:00+00:00,2.9256609085445997,3.075,2.9206884026527407
2024-10-11 06:30:00+00:00,2.9334231328934997,3.075,2.9125122845172884
2024-10-11 07:30:00+00:00,2.8623186346917295,3.075,2.885090869665146
2024-10-11 08:30:00+00:00,2.858481255399564,3.075,2.8763952374458315
2024-10-11 09:30:00+00:00,0.0,0.0,0.00011681574687827379
2024-10-11 10:30:00+00:00,2.850034992413688,3.075,2.838497591018677
2024-10-11 11:30:00+00:00,2.8817600142624378,3.075,2.832765755057335
2024-10-11 12:30:00+00:00,0.0,0.0,0.0
2024-10-11 13:30:00+00:00,0.0,0.0,0.0
2024-10-11 14:30:00+00:00,0.0,0.0,0.0
2024-10-11 15:30:00+00:00,0.0,0.0,0.0
2024-10-11 16:30:00+00:00,0.0,0.0,0.0
2024-10-11 17:30:00+00:00,0.0,0.0,0.0
2024-10-11 18:30:00+00:00,0.0,0.0,0.0
2024-10-11 19:30:00+00:00,0.0,0.0,0.0
2024-10-11 20:30:00+00:00,2.9550232716652323,3.075,2.9162721157073976
2024-10-11 21:30:00+00:00,0.0,0.0,0.0
2024-10-11 22:30:00+00:00,2.929805049197984,3.075,2.9300591915845873
2024-10-11 23:30:00+00:00,3.0471794017838603,3.075,2.908862274885178
2024-10-12 00:30:00+00:00,3.035591297479829,3.075,2.9156959623098375
2024-10-12 01:30:00+00:00,2.949549732510984,3.075,2.9200549840927126
2024-10-12 02:30:00+00:00,2.8867424904685093,3.075,2.918747302889824
2024-10-12 03:30:00+00:00,2.937430632159593,3.075,2.9203185856342317
2024-10-12 04:30:00+00:00,2.2098694303724837,2.3112622,2.1998470522186278
2024-10-12 05:30:00+00:00,2.0371686000077576,2.1443071000000002,2.037327685179329
2024-10-12 06:30:00+00:00,2.639406457357063,2.8313791200000002,2.69679172778904
2024-10-12 07:30:00+00:00,2.8871838360522974,3.066732176,2.8813043761791
2024-10-12 08:30:00+00:00,2.8218867239974053,3.014784864,2.8269706283127443
2024-10-12 09:30:00+00:00,2.4785430241670765,2.6369906239999996,2.4429137431873547
2024-10-12 10:30:00+00:00,2.5172056105413576,2.7014224000000002,2.497814095737839
2024-10-12 11:30:00+00:00,2.8135411921084854,3.066732176,2.8272167522252807
2024-10-12 12:30:00+00:00,2.7481115451560747,3.075,2.824584436416626
2024-10-12 13:30:00+00:00,2.8175263958667203,3.075,2.828090187907219
2024-10-12 14:30:00+00:00,2.8914311969266207,3.075,2.8379585415124895
2024-10-12 15:30:00+00:00,2.874505798729376,3.075,2.862211045622826
2024-10-12 16:30:00+00:00,2.8069965169239293,3.075,2.875586670637131
2024-10-12 17:30:00+00:00,2.8925730038250914,3.075,2.895923000574112
2024-10-12 18:30:00+00:00,3.0063185874048575,3.075,2.914698374271393
2024-10-12 19:30:00+00:00,2.894570447465638,3.075,2.9137206196784975
2024-10-12 20:30:00+00:00,2.9608422448900624,3.075,2.9159195840358736
2024-10-12 21:30:00+00:00,2.9919164164925984,3.075,2.913664993643761
2024-10-12 22:30:00+00:00,2.9160441652259905,3.075,2.9133874446153643
2024-10-12 23:30:00+00:00,2.9729889770722053,3.075,2.9109819352626802
2024-10-13 00:30:00+00:00,2.8712743867007675,3.075,2.920206454396248
2024-10-13 01:30:00+00:00,2.915712131465114,3.075,2.9206951379776003
2024-10-13 02:30:00+00:00,2.8385997738238444,3.075,2.9195577770471575
2024-10-13 03:30:00+00:00,2.8999023287454597,3.075,2.9230054885149004
2024-10-13 04:30:00+00:00,2.9518345436943427,3.075,2.918598783016205
2024-10-13 05:30:00+00:00,2.9526302117638585,3.075,2.9199252843856813
2024-10-13 06:30:00+00:00,2.9434755994332655,3.075,2.9190006077289583
2024-10-13 07:30:00+00:00,2.867016653926092,3.075,2.890347582101822
2024-10-13 08:30:00+00:00,2.756541380078376,2.8599764400000005,2.676193400549355
2024-10-13 09:30:00+00:00,1.9336578596219283,2.094237364,1.9455741859137192
2024-10-13 10:30:00+00:00,1.7157411292752764,1.8205924000000002,1.6783365275119784
2024-10-13 11:30:00+00:00,2.686757133290021,3.066303552,2.8154079922122497
2024-10-13 12:30:00+00:00,2.795013150074522,3.075,2.824072313308716
2024-10-13 13:30:00+00:00,2.792106951240035,3.075,2.82607815861702
2024-10-13 14:30:00+00:00,2.8368710189328468,3.075,2.8369419097900392
2024-10-13 15:30:00+00:00,2.9541180088478973,3.075,2.8572832316160204
2024-10-13 16:30:00+00:00,2.8739820258194944,3.075,2.8732920557260515
2024-10-13 17:30:00+00:00,2.866150785803913,3.067309296,2.8841143010735473
2024-10-13 18:30:00+00:00,2.9514016745420526,3.069853856,2.906392394336754
2024-10-13 19:30:00+00:00,2.9259783296892814,3.075,2.9098346054553987
2024-10-13 20:30:00+00:00,2.882428664984222,3.075,2.910734099149704
2024-10-13 21:30:00+00:00,2.914390592874649,3.075,2.9143518030643465
2024-10-13 22:30:00+00:00,2.8921925873400838,3.061940202,2.8994896351121446
2024-10-13 23:30:00+00:00,2.8330145201092747,3.0154538360000003,2.85266221133474
2024-10-14 00:30:00+00:00,2.8452863184238484,3.075,2.914796006679535
2024-10-14 01:30:00+00:00,2.9725103429785267,3.075,2.9038619220256807
2024-10-14 02:30:00+00:00,2.801966571924191,3.075,2.919163790345192
2024-10-14 03:30:00+00:00,2.8021089555229723,3.075,2.919607695937157
2024-10-14 04:30:00+00:00,2.9459236033985516,3.065249424,2.9176556277467958
2024-10-14 05:30:00+00:00,2.8784249521966436,3.073420568,2.911985872875374
2024-10-14 06:30:00+00:00,2.808046155423673,3.073728072,2.920120703530762
2024-10-14 07:30:00+00:00,2.808777931638566,3.075,2.886819985508919
2024-10-14 08:30:00+00:00,2.980757794770757,3.075,2.8729509830474855
2024-10-14 09:30:00+00:00,2.8654622863582246,3.075,2.852224272489548
2024-10-14 10:30:00+00:00,0.6557620173176568,0.7020390300000001,0.6506114235067655
2024-10-14 11:30:00+00:00,2.759437839147522,3.0528100559999998,2.812038821964508
2024-10-14 12:30:00+00:00,2.770839564545966,3.075,2.816466134786606
2024-10-14 13:30:00+00:00,0.45202579517841873,0.4785085347999999,0.43846839196581333
2024-10-14 14:30:00+00:00,0.0696297322843488,0.07421922000000002,0.06903524106243374
2024-10-14 15:30:00+00:00,0.0,0.0,0.0
2024-10-14 16:30:00+00:00,1.0175944881647137,1.0862821491999999,1.0182940813346282
2024-10-14 17:30:00+00:00,2.4267763551900687,2.5599153999999995,2.431043929310226
2024-10-14 18:30:00+00:00,1.8767705117726792,1.995065566,1.89560247569944
2024-10-14 19:30:00+00:00,0.8144494458078324,0.8911722240000001,0.8400241334884396
2024-10-14 20:30:00+00:00,2.9047884534125488,3.075,2.9184896022081377
2024-10-14 21:30:00+00:00,2.9396451221252184,3.075,2.9152259051799776
2024-10-14 22:30:00+00:00,2.871805359973213,3.075,2.913568598031998
2024-10-14 23:30:00+00:00,2.601676808471451,2.7185102160000003,2.577798491241852
2024-10-15 00:30:00+00:00,2.932307896673985,3.075,2.9158489227294924
2024-10-15 01:30:00+00:00,2.9105536541975394,3.075,2.927346032857895
2024-10-15 02:30:00+00:00,2.994494612602974,3.075,2.9179523408412935
2024-10-15 03:30:00+00:00,1.2672439539590095,1.3253356522,1.2613656824505493
2024-10-15 04:30:00+00:00,1.2418549878243186,1.2856030840000001,1.2242576259692994
2024-10-15 05:30:00+00:00,2.6810379874640904,2.8709182799999997,2.7291620285456464
2024-10-15 06:30:00+00:00,2.957367597700067,3.046973674,2.884656025469994
2024-10-15 07:30:00+00:00,2.1829387333753187,2.271463852,2.1412755060908815
2024-10-15 08:30:00+00:00,0.685232487915567,0.7219013759999999,0.6732206868141422
2024-10-15 09:30:00+00:00,0.39659967174738603,0.4199295980000001,0.389404180001567
2024-10-15 10:30:00+00:00,0.16313412048958667,0.18318425280000009,0.16969675359274186
2024-10-15 11:30:00+00:00,0.327396421049374,0.36404465440000006,0.333615196154365
2024-10-15 12:30:00+00:00,2.798873328453506,3.075,2.8298777610063555
2024-10-15 13:30:00+00:00,2.839747778079786,3.0562753139999996,2.817426091339935
2024-10-15 14:30:00+00:00,2.646320492138332,2.8599764400000005,2.6470560722822576
2024-10-15 15:30:00+00:00,2.743069824380467,3.0573722979999998,2.840533073899887
2024-10-15 16:30:00+00:00,2.8768365592812835,3.056589004,2.854750585158638
2024-10-15 17:30:00+00:00,1.9007326894872056,1.9722875439999996,1.8699799412368237
2024-10-15 18:30:00+00:00,2.676397177518893,2.86654536,2.7244738446782684
2024-10-15 19:30:00+00:00,2.935022837258952,3.074261772,2.920475932323143
2024-10-15 20:30:00+00:00,2.9319174982924614,3.075,2.917643350362778
2024-10-15 21:30:00+00:00,2.9350813552821613,3.075,2.9231549918651583
2024-10-15 22:30:00+00:00,2.930767880907702,3.075,2.9210822105407717
2024-10-15 23:30:00+00:00,2.8906856005760746,3.075,2.9210389226675035
2024-10-16 00:30:00+00:00,2.937794414216188,3.072698456,2.9201164662348327
2024-10-16 01:30:00+00:00,2.890104599428993,3.062095166,2.91234909072744
2024-10-16 02:30:00+00:00,1.7345749855105472,1.8668974000000003,1.7824015053891185
2024-10-16 03:30:00+00:00,0.812842426652217,0.8830995455999999,0.8370406635721355
2024-10-16 04:30:00+00:00,0.7483231936640268,0.773019648,0.7336890537583809
2024-10-16 05:30:00+00:00,0.05809955300180835,0.06250055,0.059517703538763525
2024-10-16 06:30:00+00:00,0.0,0.0,0.0
2024-10-16 07:30:00+00:00,0.0,0.0,0.0
2024-10-16 08:30:00+00:00,0.0,0.0,0.0
2024-10-16 09:30:00+00:00,0.0,0.0,0.0
2024-10-16 10:30:00+00:00,0.12229996021833256,0.12807420560000002,0.11998199776587545
2024-10-16 11:30:00+00:00,0.0,0.0,0.0
2024-10-16 12:30:00+00:00,1.872761698421153,2.1176561559999993,1.9508485640848687
2024-10-16 13:30:00+00:00,2.812813220761326,3.075,2.83900899887085
2024-10-16 14:30:00+00:00,2.8546270995955307,3.075,2.862121579051018
2024-10-16 15:30:00+00:00,2.8203365411682726,3.075,2.8820604950189592
2024-10-16 16:30:00+00:00,2.9480942523558604,3.075,2.87930643260479
2024-10-16 17:30:00+00:00,2.4624580480165608,2.598367808,2.440613476172836
2024-10-16 18:30:00+00:00,1.8340638131682274,1.96429366,1.8659697709232903
2024-10-16 19:30:00+00:00,2.8498255445412575,3.03553506,2.8903929666991806
2024-10-16 20:30:00+00:00,2.9520149728165777,3.075,2.9236661911010744
2024-10-16 21:30:00+00:00,2.8115536739882123,3.075,2.9260200381278993
2024-10-16 22:30:00+00:00,3.0110184688952675,3.075,2.9212308794260027
2024-10-16 23:30:00+00:00,2.901983736859146,3.075,2.9221808135509493
2024-10-17 00:30:00+00:00,2.869174114897577,3.075,2.9213943600654604
2024-10-17 01:30:00+00:00,2.845275156993217,3.075,2.923667919635773
2024-10-17 02:30:00+00:00,2.8458641865196386,3.00335666,2.850798109761391
2024-10-17 03:30:00+00:00,0.7234047035596349,0.7739564159999999,0.7349581437300357
2024-10-17 04:30:00+00:00,0.060976770468761474,0.06419183899999997,0.06057771043272159
2024-10-17 05:30:00+00:00,0.0,0.0,0.0
2024-10-17 06:30:00+00:00,0.0,0.0,0.0
2024-10-17 07:30:00+00:00,0.27515485095894504,0.29939506999999993,0.2834938937410783
2024-10-17 08:30:00+00:00,0.8547011362271993,0.8920678656000002,0.8307689513462885
2024-10-17 09:30:00+00:00,0.9027885610317743,0.9696307852,0.9041864498585465
2024-10-17 10:30:00+00:00,1.9713831585875627,2.15869342,2.0008761605691148
2024-10-17 11:30:00+00:00,2.222205222233188,2.4408838,2.245791554063606
2024-10-17 12:30:00+00:00,1.5564939983273216,1.6711942000000004,1.5501366151182179
2024-10-17 13:30:00+00:00,2.468675837586082,2.576264992,2.3749466385854645
2024-10-17 14:30:00+00:00,2.1328784114949686,2.223549838,2.0510916065508726
2024-10-17 15:30:00+00:00,2.849579277751559,3.0067283160000002,2.8017781919746554
2024-10-17 16:30:00+00:00,2.018761847467324,2.2959999999999994,2.1552738360166543
2024-10-17 17:30:00+00:00,2.1104901736839565,2.104285528,1.984927621718052
2024-10-17 18:30:00+00:00,2.534068539332629,2.6580630640000003,2.522961417815079
2024-10-17 19:30:00+00:00,2.939328631414985,3.075,2.921964851021767
2024-10-17 20:30:00+00:00,2.9186571052809738,3.075,2.922890138626099
2024-10-17 21:30:00+00:00,2.926318957858934,3.075,2.9198118418455126
2024-10-17 22:30:00+00:00,2.9815443951256237,3.075,2.917178747057915
2024-10-17 23:30:00+00:00,2.8585871024504668,3.075,2.918345865607262
2024-10-18 00:30:00+00:00,3.0215878576717827,3.075,2.916042131185532
2024-10-18 01:30:00+00:00,2.8062506211437515,3.075,2.9169323563575746
2024-10-18 02:30:00+00:00,2.8934649792892473,3.075,2.915134143829346
2024-10-18 03:30:00+00:00,2.969073312457218,3.06649656,2.9125229656921006
2024-10-18 04:30:00+00:00,2.94385042150808,3.054388538,2.898346155878914
2024-10-18 05:30:00+00:00,2.8508929508453553,3.075,2.919457268714905
2024-10-18 06:30:00+00:00,3.003802820619816,3.075,2.919770058989525
2024-10-18 07:30:00+00:00,2.8943263713407865,3.075,2.8937069147825243
2024-10-18 08:30:00+00:00,2.8770371642897623,3.075,2.876985561847687
2024-10-18 09:30:00+00:00,2.859572542800323,3.075,2.8567905843257906
2024-10-18 10:30:00+00:00,2.807827594371945,3.075,2.8420147716999056
2024-10-18 11:30:00+00:00,2.7924963743769724,3.075,2.833826941251755
2024-10-18 12:30:00+00:00,2.80359305469997,3.075,2.8277605146169664
2024-10-18 13:30:00+00:00,2.763210496356385,3.075,2.827680778503418
2024-10-18 14:30:00+00:00,2.8255169435462406,3.075,2.8371504068374636
2024-10-18 15:30:00+00:00,2.886867917134559,3.075,2.8573926359415056
2024-10-18 16:30:00+00:00,2.94469876507804,3.075,2.8745091378688814
2024-10-18 17:30:00+00:00,2.893570974698194,3.075,2.8980394273996355
2024-10-18 18:30:00+00:00,2.8972684574424736,3.075,2.914687004685402
2024-10-18 19:30:00+00:00,2.6220733869433115,2.6610664,2.522967191525841
2024-10-18 20:30:00+00:00,0.12591229537437265,0.13378820480000006,0.1258450402427815
2024-10-18 21:30:00+00:00,0.9523911837719847,0.9844501200000001,0.9302024240473462
2024-10-18 22:30:00+00:00,2.823271163207781,2.9165400000000004,2.769582781352997
2024-10-18 23:30:00+00:00,2.9045671657585657,3.06715984,2.9114286239269638
2024-10-19 00:30:00+00:00,2.4928391796415923,2.5129816000000003,2.3879393999114993
2024-10-19 01:30:00+00:00,2.823156533564783,3.065119968,2.9037947964101485
2024-10-19 02:30:00+00:00,2.865183599161935,3.075,2.9117878794670107
2024-10-19 03:30:00+00:00,1.5014474235154769,1.5418643060000001,1.4564191254646837
2024-10-19 04:30:00+00:00,0.23160124984836067,0.24282688299999994,0.23061975582377475
2024-10-19 05:30:00+00:00,1.5281537778159076,1.6137701820000006,1.5283150921924902
2024-10-19 06:30:00+00:00,1.7568262549081985,1.8205918000000005,1.728637114252377
2024-10-19 07:30:00+00:00,2.097402638481629,2.202740872,2.078727582190773
2024-10-19 08:30:00+00:00,2.296591123300804,2.4498196000000005,2.2823008650680547
2024-10-19 09:30:00+00:00,2.0136635896861166,2.1675287319999996,2.0172771348339382
2024-10-19 10:30:00+00:00,2.4860626147490614,2.68278076,2.4845432961680984
2024-10-19 11:30:00+00:00,2.8286739799377734,3.075,2.8292125880718233
2024-10-19 12:30:00+00:00,2.805953387848984,3.075,2.8359807550907137
2024-10-19 13:30:00+00:00,2.8527954938994626,3.075,2.8366873979568483
2024-10-19 14:30:00+00:00,2.81471185572693,3.075,2.830906268954277
2024-10-19 15:30:00+00:00,2.7840975366415415,3.075,2.863653463125229
2024-10-19 16:30:00+00:00,2.84731968885391,3.075,2.8805149614810945
2024-10-19 17:30:00+00:00,2.790287918744137,3.075,2.898482304811478
2024-10-19 18:30:00+00:00,3.0075065291481717,3.075,2.9163661867380144
2024-10-19 19:30:00+00:00,1.6724443899011896,1.7391243999999997,1.6361471763056752
2024-10-19 20:30:00+00:00,2.72958744681759,2.8954252800000004,2.752936681176453
2024-10-19 21:30:00+00:00,2.888931692195017,3.056589004,2.907019641598038
2024-10-19 22:30:00+00:00,2.8731451350111,2.999976188,2.860725089963234
2024-10-19 23:30:00+00:00,2.882070914515995,3.07340514,2.916424938398018
2024-10-20 00:30:00+00:00,2.908443088706723,3.075,2.9164732962846758
2024-10-20 01:30:00+00:00,2.4101454870781303,2.60140796,2.466120377125702
2024-10-20 02:30:00+00:00,0.04156187008925086,0.04279442,0.03870857748000145
2024-10-20 03:30:00+00:00,0.0,0.0,0.0
2024-10-20 04:30:00+00:00,0.3097982026746138,0.3230779000000001,0.30674057792880544
2024-10-20 05:30:00+00:00,0.3449567052903208,0.3697863358,0.35093139362723424
2024-10-20 06:30:00+00:00,0.7995952065270108,0.8514691584,0.8058749765345463
2024-10-20 07:30:00+00:00,2.849921292231202,2.994038728,2.8296950877917557
2024-10-20 08:30:00+00:00,2.813580477037831,3.075,2.8724042594432833
2024-10-20 09:30:00+00:00,2.8573653510182373,3.075,2.862076696753502
2024-10-20 10:30:00+00:00,2.9178150950769677,3.075,2.839484465122223
2024-10-20 11:30:00+00:00,2.847758864463937,3.075,2.8387821137905123
2024-10-20 12:30:00+00:00,0.12746676379831468,0.14590397279999995,0.1334008182241752
2024-10-20 13:30:00+00:00,2.842569503019347,3.073651372,2.832863538070938
2024-10-20 14:30:00+00:00,2.8186659761161867,3.0661533199999997,2.8312461995337674
2024-10-20 15:30:00+00:00,2.8383094518960426,3.075,2.8656395941972734
2024-10-20 16:30:00+00:00,2.8777785886273644,3.075,2.8825898438692095
2024-10-20 17:30:00+00:00,2.8031416967798406,3.075,2.8986349523067476
2024-10-20 18:30:00+00:00,2.8719988179195926,3.070547856,2.914324588683182
2024-10-20 19:30:00+00:00,2.870560988548989,3.063744252,2.9112599691487806
2024-10-20 20:30:00+00:00,2.87690615312463,3.011266236,2.8626964881944046
2024-10-20 21:30:00+00:00,2.225977717896464,2.377942,2.2603422891778946
2024-10-20 22:30:00+00:00,1.9895916675671856,2.0808120399999996,1.967230874328651
2024-10-20 23:30:00+00:00,1.7420710451149801,1.8504058000000005,1.7561674889476782
2024-10-21 00:30:00+00:00,0.21886901570508618,0.24085736199999994,0.22884425259913152
2024-10-21 01:30:00+00:00,0.2206879847147998,0.24020005699999994,0.2282406094745583
2024-10-21 02:30:00+00:00,0.9887103736978541,1.0381980199999998,0.987376767832775
2024-10-21 03:30:00+00:00,1.1766342046380713,1.244421268,1.179053651286953
2024-10-21 04:30:00+00:00,0.942443441470274,0.9696307852,0.92200064650476
2024-10-21 05:30:00+00:00,2.12733928527372,2.2279213840000005,2.1191380495063634
2024-10-21 06:30:00+00:00,2.457960682477774,2.471608,2.3404880781965254
2024-10-21 07:30:00+00:00,2.836933384372338,3.070400848,2.900408430902908
2024-10-21 08:30:00+00:00,2.920274391718343,3.074074344,2.8825974028912964
2024-10-21 09:30:00+00:00,0.0,0.0,0.0023366815876215696
2024-10-21 10:30:00+00:00,2.869240398946536,3.075,2.851265159249306
2024-10-21 11:30:00+00:00,2.754840242833158,3.059506302,2.817450468660309
2024-10-21 12:30:00+00:00,2.7448131683696144,3.075,2.8340758949518206
2024-10-21 13:30:00+00:00,1.3919890792417613,1.5591385800000004,1.4401958126183323
2024-10-21 14:30:00+00:00,2.9191964542183135,3.074261772,2.8386648767821043
2024-10-21 15:30:00+00:00,2.4682389126632223,2.695465288,2.5133371417092207
2024-10-21 16:30:00+00:00,2.9287323319628302,3.075,2.868576940894127
2024-10-21 17:30:00+00:00,2.888230438319432,3.075,2.8925710737705232
2024-10-21 18:30:00+00:00,2.8620038448965994,3.075,2.9145618051290514
2024-10-21 19:30:00+00:00,2.937298901625054,3.075,2.9067933678627016
2024-10-21 20:30:00+00:00,2.8745608726729825,3.03997438,2.8784126971796797
2024-10-21 21:30:00+00:00,2.9593101886165836,3.075,2.912241753935814
2024-10-21 22:30:00+00:00,2.854109960566648,3.075,2.9080049067735674
2024-10-21 23:30:00+00:00,2.9345874707300346,3.075,2.899658498167992
2024-10-22 00:30:00+00:00,0.5726833984373151,0.59612,0.56542693089962
2024-10-22 01:30:00+00:00,0.0,0.0,0.0
2024-10-22 02:30:00+00:00,0.0,0.0,0.0
2024-10-22 03:30:00+00:00,0.4501148603038626,0.46028780320000007,0.4368696840227778
2024-10-22 04:30:00+00:00,1.4951987461277172,1.5892119159999998,1.509783675343147
2024-10-22 05:30:00+00:00,1.9348017830699877,2.0154891160000004,1.9187143218386806
2024-10-22 06:30:00+00:00,1.4955611719979682,1.5966997800000002,1.51537199146822
2024-10-22 07:30:00+00:00,1.1217715321684647,1.177592454,1.1113788015084305
2024-10-22 08:30:00+00:00,1.5174296988845264,1.5934921199999996,1.485516339036102
2024-10-22 09:30:00+00:00,1.2849706330285624,1.362660168,1.2662806867439917
2024-10-22 10:30:00+00:00,0.5966957691176331,0.64808277,0.6019978630941105
2024-10-22 11:30:00+00:00,0.6531941568458391,0.7175508924,0.6611345708541607
2024-10-22 12:30:00+00:00,2.867420044241699,3.075,2.8357593536376955
2024-10-22 13:30:00+00:00,2.828756134725764,3.075,2.8271403133869173
2024-10-22 14:30:00+00:00,2.8810292921305707,3.075,2.835778695344925
2024-10-22 15:30:00+00:00,2.8790398230105,3.075,2.850524839758873
2024-10-22 16:30:00+00:00,2.9054756909941823,3.075,2.872232955694199
2024-10-22 17:30:00+00:00,2.9408941329260974,3.075,2.896268156170845
2024-10-22 18:30:00+00:00,2.996266545393404,3.075,2.9175244092941286
2024-10-22 19:30:00+00:00,2.9257952865887655,3.075,2.9142394036054613
2024-10-22 20:30:00+00:00,2.021294045842387,2.179656616,2.0635132701671752
2024-10-22 21:30:00+00:00,0.7489968340782627,0.7898325888,0.7496885923228729
2024-10-22 22:30:00+00:00,2.901846980222168,3.03553506,2.8880009130950546
2024-10-22 23:30:00+00:00,2.85678902325268,3.059038712,2.904270468567955
2024-10-23 00:30:00+00:00,2.935799224604145,3.0586226880000003,2.8994461744473345
2024-10-23 01:30:00+00:00,2.905253398821032,3.0706318080000004,2.9084524273447117
2024-10-23 02:30:00+00:00,3.015674634183514,3.073728072,2.9136958294634554
2024-10-23 03:30:00+00:00,2.3180979123325676,2.4398902,2.309535259108734
2024-10-23 04:30:00+00:00,2.6620093549908646,2.782609232,2.6382768976007767
2024-10-23 05:30:00+00:00,2.820799645658078,2.8572357599999996,2.712807402518043
2024-10-23 06:30:00+00:00,2.93114055451266,3.056589004,2.9017070200045625
2024-10-23 07:30:00+00:00,3.0418494732153496,3.075,2.8867228448390962
2024-10-23 08:30:00+00:00,2.911427669513812,3.075,2.8753764152526857
2024-10-23 09:30:00+00:00,2.8256564299187548,3.075,2.8557293087244036
2024-10-23 10:30:00+00:00,2.8971485938659236,3.075,2.8407700031995775
2024-10-23 11:30:00+00:00,2.8756962993995,3.074844996,2.8332631984002075
2024-10-23 12:30:00+00:00,2.9224858282689943,3.075,2.832160633802414
2024-10-23 13:30:00+00:00,2.81439885890466,3.075,2.831700694561005
2024-10-23 14:30:00+00:00,0.0,0.0,0.0
2024-10-23 15:30:00+00:00,0.0,0.0,0.0007464293739758432
2024-10-23 16:30:00+00:00,2.804454846026865,3.075,2.8753143072128298
2024-10-23 17:30:00+00:00,2.9588737960296956,3.075,2.9040702402591707
2024-10-23 18:30:00+00:00,2.843490411158791,3.075,2.9104483395814897
2024-10-23 19:30:00+00:00,2.9369428294598157,3.075,2.912086483836174
2024-10-23 20:30:00+00:00,2.856596813711934,3.075,2.911304008960724
2024-10-23 21:30:00+00:00,2.928169767529506,3.075,2.923733797669411
2024-10-23 22:30:00+00:00,3.021776436014288,3.075,2.917717930674553
2024-10-23 23:30:00+00:00,2.954466136031418,3.03075006,2.8607383757014846
2024-10-24 00:30:00+00:00,0.0,0.0,0.0
2024-10-24 01:30:00+00:00,0.5962993484241864,0.606448658,0.5773137250945645
2024-10-24 02:30:00+00:00,0.8531047714160348,0.9081354240000001,0.8613978760361425
2024-10-24 03:30:00+00:00,1.6152416399486909,1.7301190000000002,1.643785918873787
2024-10-24 04:30:00+00:00,2.264257477004823,2.3112622,2.1969280935546873
2024-10-24 05:30:00+00:00,2.9322737647307147,3.0682036800000003,2.912688694677048
2024-10-24 06:30:00+00:00,2.9269730796028393,3.075,2.9122712135314943
2024-10-24 07:30:00+00:00,2.855011861628589,3.075,2.8764574348926546
2024-10-24 08:30:00+00:00,2.849908069754794,3.075,2.881849300861359
2024-10-24 09:30:00+00:00,2.8814657862419457,3.075,2.87498953640461
2024-10-24 10:30:00+00:00,2.928348569715543,3.075,2.8402410715818407
2024-10-24 11:30:00+00:00,2.8320520820144806,3.075,2.8342936009168627
2024-10-24 12:30:00+00:00,2.8369591996475614,3.075,2.8326885223388674
2024-10-24 13:30:00+00:00,2.8825860436296318,3.075,2.8287857592105867
2024-10-24 14:30:00+00:00,2.7111158890011335,3.075,2.8350368559360506
2024-10-24 15:30:00+00:00,2.845384177632157,3.075,2.8571838557720186
2024-10-24 16:30:00+00:00,2.915094162031029,3.075,2.8738528162240984
2024-10-24 17:30:00+00:00,0.908383260774077,0.952749214,0.900908685154213
2024-10-24 18:30:00+00:00,1.7239975568549122,1.8471015999999996,1.7605377669421192
2024-10-24 19:30:00+00:00,0.06821885932544552,0.07365299880000002,0.07028497478420086
2024-10-24 20:30:00+00:00,0.6582737079522512,0.7020390300000001,0.6656732639217664
2024-10-24 21:30:00+00:00,2.3929452941044653,2.573972016,2.4453612262241515
2024-10-24 22:30:00+00:00,0.44478462954373366,0.45629866999999996,0.43483926562087055
2024-10-24 23:30:00+00:00,0.5252883143635975,0.5524064948000001,0.5248808910287904
2024-10-25 00:30:00+00:00,1.2299306122977927,1.264037514,1.1994602995801582
2024-10-25 01:30:00+00:00,2.8650608177120893,3.067756992,2.91082636656131
2024-10-25 02:30:00+00:00,2.8660682206832644,3.075,2.925666269659996
2024-10-25 03:30:00+00:00,2.982127093467064,3.075,2.9157461494207384
2024-10-25 04:30:00+00:00,2.958116204484771,3.075,2.916837748885155
2024-10-25 05:30:00+00:00,2.980512585675173,3.075,2.9211958318948748
2024-10-25 06:30:00+00:00,2.9073820874532745,3.075,2.922288012504578
2024-10-25 07:30:00+00:00,2.903573737531899,3.075,2.907942545413971
2024-10-25 08:30:00+00:00,2.872771488453073,3.075,2.8859516948461534
2024-10-25 09:30:00+00:00,2.8761123746703356,3.075,2.872591254115105
2024-10-25 10:30:00+00:00,2.728641692179718,3.075,2.8456834673881533
2024-10-25 11:30:00+00:00,2.7731152371155527,3.075,2.838814702630043
2024-10-25 12:30:00+00:00,2.837838490968802,3.075,2.841018316149712
2024-10-25 13:30:00+00:00,2.926244974737707,3.075,2.831618082523346
2024-10-25 14:30:00+00:00,2.9455950848746246,3.075,2.839278665184975
2024-10-25 15:30:00+00:00,2.9555292362478323,3.075,2.8540999412536623
2024-10-25 16:30:00+00:00,2.7996671979305696,3.02262542,2.817058507110519
2024-10-25 17:30:00+00:00,1.9547198391987317,2.0673574600000006,1.9499741438407523
2024-10-25 18:30:00+00:00,1.6352704620884246,1.7671678,1.6768875726368904
2024-10-25 19:30:00+00:00,2.2949918804004805,2.4527955999999995,2.321197008195495
2024-10-25 20:30:00+00:00,2.1580052546329034,2.1697362879999997,2.0541767026075246
2024-10-25 21:30:00+00:00,2.9717613204182958,3.075,2.923818808794022
2024-10-25 22:30:00+00:00,2.797859121455869,2.8446044400000003,2.714006997611466
2024-10-25 23:30:00+00:00,2.034130757186964,2.12321893,2.0147386553227236
2024-10-26 00:30:00+00:00,2.902158915050885,3.075,2.9184560596942903
2024-10-26 01:30:00+00:00,2.9166187463108715,3.075,2.9168218642473223
2024-10-26 02:30:00+00:00,2.9223342238936443,3.075,2.916431960463524
2024-10-26 03:30:00+00:00,2.5911963411549075,2.6618166440000004,2.524751799630112
2024-10-26 04:30:00+00:00,2.2284514106193574,2.4656739999999995,2.335107939456939
2024-10-26 05:30:00+00:00,2.708251562156228,2.8599764400000005,2.714186488913956
2024-10-26 06:30:00+00:00,2.785596042291972,3.032567084,2.879809931084999
2024-10-26 07:30:00+00:00,2.6215563719982407,2.8313787599999998,2.654835598726997
2024-10-26 08:30:00+00:00,2.584674033056444,2.800873744,2.61847049247126
2024-10-26 09:30:00+00:00,2.667284510268021,2.9100553199999997,2.7089379236453244
2024-10-26 10:30:00+00:00,2.852378833281958,3.0502727579999998,2.817452172629936
2024-10-26 11:30:00+00:00,2.864829813138384,3.071134784,2.83143312551268
2024-10-26 12:30:00+00:00,2.8341963316693097,3.073952396,2.830585245574089
2024-10-26 13:30:00+00:00,2.440794874847075,2.640760252,2.4261936486970446
2024-10-26 14:30:00+00:00,2.3992549628272495,2.4656739999999995,2.26740773222351
2024-10-26 15:30:00+00:00,2.8569845202738247,3.075,2.8574751883745195
2024-10-26 16:30:00+00:00,2.8400105009203758,3.075,2.8746463626623155
2024-10-26 17:30:00+00:00,2.9774765057538017,3.075,2.8994500905275347
2024-10-26 18:30:00+00:00,2.987023361952634,3.075,2.921670538187027
2024-10-26 19:30:00+00:00,2.9172489126463965,3.075,2.9241367101669313
2024-10-26 20:30:00+00:00,2.895966467068912,3.075,2.9215183824300768
2024-10-26 21:30:00+00:00,2.931528480513895,3.075,2.924040895700455
2024-10-26 22:30:00+00:00,2.899998732097129,3.075,2.924130153656006
2024-10-26 23:30:00+00:00,2.9130718527490616,3.075,2.925304037332535
2024-10-27 00:30:00+00:00,2.944905650515996,3.075,2.921252828836441
2024-10-27 01:30:00+00:00,2.923430803131176,3.075,2.921643760800362
2024-10-27 02:30:00+00:00,2.9231703135012994,3.075,2.91925063431263
2024-10-27 03:30:00+00:00,2.9181559107129558,3.073199028,2.918343150838974
2024-10-27 04:30:00+00:00,2.9293812528805834,3.073911686,2.9219469172326433
2024-10-27 05:30:00+00:00,2.8992569977516345,3.073911686,2.9152073157397616
2024-10-27 06:30:00+00:00,2.862438040920457,3.074443484,2.9165431654966203
2024-10-27 07:30:00+00:00,2.870634974495918,3.075,2.8934933811426164
2024-10-27 08:30:00+00:00,3.0083294748582095,3.0660459440000003,2.8652445416696017
2024-10-27 09:30:00+00:00,2.855765278782496,2.98557756,2.7705315565391158
2024-10-27 10:30:00+00:00,2.2074498443427992,2.4199786000000008,2.2372125051961906
2024-10-27 11:30:00+00:00,2.8163616797353552,3.004706436,2.770932563743721
2024-10-27 12:30:00+00:00,2.756798257962345,3.075,2.8457408368587496
2024-10-27 13:30:00+00:00,2.9230431052635533,3.075,2.8382319033145906
2024-10-27 14:30:00+00:00,0.0,0.0,0.0
2024-10-27 15:30:00+00:00,2.9098025415291415,3.075,2.8579710990190508
2024-10-27 16:30:00+00:00,2.8060802090984107,3.075,2.874087762832642
2024-10-27 17:30:00+00:00,2.9428028740603094,3.075,2.899551656842232
2024-10-27 18:30:00+00:00,2.980720214019419,3.075,2.9199406772851946
2024-10-27 19:30:00+00:00,2.916294025360144,3.075,2.920860779285431
2024-10-27 20:30:00+00:00,3.0114902955916816,3.075,2.9201220989227297
2024-10-27 21:30:00+00:00,2.9795524427312254,3.075,2.923521173000336
2024-10-27 22:30:00+00:00,2.867850517384481,3.075,2.9228245586156847
2024-10-27 23:30:00+00:00,2.8319629522310192,3.075,2.9221234291791918
2024-10-28 00:30:00+00:00,2.935213470043857,3.075,2.925367292761803
2024-10-28 01:30:00+00:00,2.9517201102277806,3.075,2.9238496989011766
2024-10-28 02:30:00+00:00,3.0149420032067047,3.075,2.9190218567848207
2024-10-28 03:30:00+00:00,2.882227883261666,3.075,2.9237284630537035
2024-10-28 04:30:00+00:00,2.948429934717301,3.075,2.921935659646988
2024-10-28 05:30:00+00:00,2.9956907644419033,3.075,2.9206272929906847
2024-10-28 06:30:00+00:00,2.9041674336296093,3.075,2.921898749470711
2024-10-28 07:30:00+00:00,2.978183185562079,3.074684768,2.8978307685044937
2024-10-28 08:30:00+00:00,2.8396398174233086,3.046973674,2.8527338638908617
2024-10-28 09:30:00+00:00,2.84655404823914,3.039153448,2.8339861097479324
2024-10-28 10:30:00+00:00,2.8127566255695755,3.056745773,2.8211854154293516
2024-10-28 11:30:00+00:00,2.9214961585523564,3.075,2.833780300617218
2024-10-28 12:30:00+00:00,2.8168094313104786,3.075,2.8391896158456804
2024-10-28 13:30:00+00:00,2.9414226908616263,3.075,2.839362931251526
2024-10-28 14:30:00+00:00,2.8246783989186337,3.075,2.8369803547859194
2024-10-28 15:30:00+00:00,0.0,0.0,0.0
2024-10-28 16:30:00+00:00,0.0,0.0,0.00010534044122323394
2024-10-28 17:30:00+00:00,2.898198121972777,3.075,2.8999099105596544
2024-10-28 18:30:00+00:00,2.8782993564152433,3.075,2.919614535570145
2024-10-28 19:30:00+00:00,2.9485500611556392,3.075,2.920715865492821
2024-10-28 20:30:00+00:00,3.0012650144325193,3.075,2.919405934214592
2024-10-28 21:30:00+00:00,2.947644835905594,3.075,2.9199223786592485
2024-10-28 22:30:00+00:00,3.060662358071127,3.075,2.9254102379083635
2024-10-28 23:30:00+00:00,2.901804958458489,3.075,2.9154914140701296
2024-10-29 00:30:00+00:00,2.875005883741596,3.075,2.924079966545105
2024-10-29 01:30:00+00:00,2.950110482764534,3.075,2.9181923389434816
2024-10-29 02:30:00+00:00,2.9371324767362266,3.075,2.9202744632959368
2024-10-29 03:30:00+00:00,2.8528053459404243,3.075,2.919982296228409
2024-10-29 04:30:00+00:00,2.8266531049478236,3.075,2.9203956097364427
2024-10-29 05:30:00+00:00,2.8763109772334023,3.075,2.922293242812157
2024-10-29 06:30:00+00:00,2.983627987187499,3.075,2.9203333079814913
2024-10-29 07:30:00+00:00,2.821318227056774,3.075,2.895545852184296
2024-10-29 08:30:00+00:00,2.837185112666692,3.075,2.8741785109043123
2024-10-29 09:30:00+00:00,2.8413989527554806,3.075,2.8555442065000536
2024-10-29 10:30:00+00:00,2.8222807175936873,3.075,2.8389622241258623
2024-10-29 11:30:00+00:00,2.766487885712828,3.075,2.8354904770851137
2024-10-29 12:30:00+00:00,0.0,0.0,0.0
2024-10-29 13:30:00+00:00,0.0,0.0,0.0
2024-10-29 14:30:00+00:00,0.0,0.0,0.0
2024-10-29 15:30:00+00:00,0.0,0.0,0.0
2024-10-29 16:30:00+00:00,2.9253520427961295,3.075,2.876330015063286
2024-10-29 17:30:00+00:00,2.707567653431458,3.075,2.900866684317589
2024-10-29 18:30:00+00:00,2.8749932956748743,3.075,2.914259505271912
2024-10-29 19:30:00+00:00,2.99287689185941,3.075,2.919105824828148
2024-10-29 20:30:00+00:00,2.862305259824287,3.075,2.9201332300901415
2024-10-29 21:30:00+00:00,2.946416179695042,3.075,2.919807893037796
2024-10-29 22:30:00+00:00,2.9155896385969657,3.075,2.9160824686288835
2024-10-29 23:30:00+00:00,2.9299767693330385,3.075,2.924582135677338
2024-10-30 00:30:00+00:00,3.0336014594144105,3.075,2.91729651093483
2024-10-30 01:30:00+00:00,2.9584117255818474,3.075,2.9246921211481096
2024-10-30 02:30:00+00:00,2.990582620950372,3.075,2.9190766632556917
2024-10-30 03:30:00+00:00,3.0696776840211664,3.075,2.923851412534714
2024-10-30 04:30:00+00:00,2.9538404214286293,3.074964848,2.921777051526497
2024-10-30 05:30:00+00:00,2.924202068191151,3.061268324,2.9073983523670424
2024-10-30 06:30:00+00:00,3.0094214802852717,3.072739984,2.9215660198572007
2024-10-30 07:30:00+00:00,2.831040712431313,3.075,2.8968461871147158
2024-10-30 08:30:00+00:00,2.8522446198637588,3.075,2.8730304062366487
2024-10-30 09:30:00+00:00,2.8497140554036933,3.075,2.8547681093215944
2024-10-30 10:30:00+00:00,2.8097174770049778,3.075,2.8408271044492723
2024-10-30 11:30:00+00:00,2.798542695565541,3.075,2.8300947070121767
2024-10-30 12:30:00+00:00,2.812561436422485,3.075,2.8403702795505525
2024-10-30 13:30:00+00:00,2.737134045982684,3.075,2.834693905711174
2024-10-30 14:30:00+00:00,2.970207485942628,3.075,2.836890307068825
2024-10-30 15:30:00+00:00,2.8232868943484934,3.075,2.8562897711992266
2024-10-30 16:30:00+00:00,2.898124621615081,3.075,2.876544100046158
2024-10-30 17:30:00+00:00,2.8112692388269207,3.075,2.897445094585419
2024-10-30 18:30:00+00:00,2.8985990828303336,3.075,2.9177797853946688
2024-10-30 19:30:00+00:00,2.919468904340209,3.065787984,2.90992903517321
2024-10-30 20:30:00+00:00,2.817492383339353,3.0586226880000003,2.901503637378014
2024-10-30 21:30:00+00:00,2.5918235194172787,2.71776776,2.581780195078621
2024-10-30 22:30:00+00:00,2.895488038010433,3.075,2.9173202931880953
2024-10-30 23:30:00+00:00,2.9599732622193815,3.075,2.9142445594072344
2024-10-31 00:30:00+00:00,2.9131512727831677,3.075,2.915104252099991
2024-10-31 01:30:00+00:00,2.7942320132580574,3.075,2.9166346460580828
2024-10-31 02:30:00+00:00,2.8683382817937746,3.075,2.9194066494703295
2024-10-31 03:30:00+00:00,2.8950360190605493,3.075,2.918369007110596
2024-10-31 04:30:00+00:00,2.3713117032926316,2.4259585,2.2948637015542985
2024-10-31 05:30:00+00:00,2.3138453269745987,2.5628374,2.4328782488512037
2024-10-31 06:30:00+00:00,1.6339911329010204,1.6768894000000003,1.596060301179314
2024-10-31 07:30:00+00:00,0.043648486264789975,0.04639446500000001,0.043804363322075615
2024-10-31 08:30:00+00:00,0.0,0.0,0.0
2024-10-31 09:30:00+00:00,0.34336601765631786,0.37478862400000007,0.34676759573464305
2024-10-31 10:30:00+00:00,1.6777537475449313,1.7883802,1.6516702416851043
2024-10-31 11:30:00+00:00,2.7899978113609993,3.0739981600000004,2.8367742665959934
2024-10-31 12:30:00+00:00,2.9044876938795454,3.075,2.8489122211933138
2024-10-31 13:30:00+00:00,2.4248427811102022,2.7311012879999996,2.5171615169438244
2024-10-31 14:30:00+00:00,0.26718987143359246,0.28134064300000006,0.2563486855292254
2024-10-31 15:30:00+00:00,2.882156688583173,3.068861168,2.853557955595749
2024-10-31 16:30:00+00:00,2.8144118401617035,3.0472940520000003,2.843750850911095
2024-10-31 17:30:00+00:00,1.5717321940742155,1.6620688000000003,1.578118533757973
2024-10-31 18:30:00+00:00,1.222613751909307,1.3293879342000001,1.2658406209866517
2024-10-31 19:30:00+00:00,2.838461355499768,3.069178512,2.9255645178784486
2024-10-31 20:30:00+00:00,2.8908891003134634,3.075,2.923138377070427
2024-10-31 21:30:00+00:00,2.9654633933223353,3.075,2.922292944788933
2024-10-31 22:30:00+00:00,2.92896693489986,3.075,2.923149821162224
2024-10-31 23:30:00+00:00,3.011077184522859,3.075,2.92165085375309
2024-11-01 00:30:00+00:00,2.973015157194666,3.075,2.922154870629311
2024-11-01 01:30:00+00:00,2.9362142124688653,3.075,2.916758117079735
2024-11-01 02:30:00+00:00,2.8671773283475637,3.075,2.916645643115044
2024-11-01 03:30:00+00:00,2.895126983308127,3.075,2.920347121357918
2024-11-01 04:30:00+00:00,2.937839695203898,3.075,2.9178701758384706
2024-11-01 05:30:00+00:00,2.96569158852417,3.072698456,2.9195765226589736
2024-11-01 06:30:00+00:00,1.775697107794315,1.8997269999999997,1.7992248517293927
2024-11-01 07:30:00+00:00,1.2261934700457366,1.2856027382,1.216640328107646
2024-11-01 08:30:00+00:00,0.6309310220237583,0.6847597259999999,0.638835814964939
2024-11-01 09:30:00+00:00,0.5025030583075364,0.5471295266000001,0.5071585884836881
2024-11-01 10:30:00+00:00,0.6739780212758474,0.7466429568,0.6925740040011567
2024-11-01 11:30:00+00:00,1.5308869796385243,1.631839446,1.5112197764433823
2024-11-01 12:30:00+00:00,2.8562783180945663,3.075,2.8473493278026583
2024-11-01 13:30:00+00:00,2.8322779744987803,3.075,2.835199144482613
2024-11-01 14:30:00+00:00,2.860302704960685,3.075,2.842811104655266
2024-11-01 15:30:00+00:00,2.8928570940183147,3.07012752,2.854127007757683
2024-11-01 16:30:00+00:00,2.05936526007416,2.1708384760000006,2.0335641213037268
2024-11-01 17:30:00+00:00,2.976072189842293,3.075,2.90457661151886
2024-11-01 18:30:00+00:00,2.968755137940847,3.075,2.9176373898983003
2024-11-01 19:30:00+00:00,2.8782744965372484,3.075,2.918879982829094
2024-11-01 20:30:00+00:00,2.866425028185406,3.075,2.9208314388990404
2024-11-01 21:30:00+00:00,2.9031424542691946,3.075,2.9233066558837892
2024-11-01 22:30:00+00:00,2.936355171801449,3.075,2.9234560400247576
2024-11-01 23:30:00+00:00,2.9278005664656344,3.075,2.923385974764824
2024-11-02 00:30:00+00:00,2.834521563705348,3.075,2.9203620076179506
2024-11-02 01:30:00+00:00,2.8686880980309906,3.075,2.9203620076179506
2024-11-02 02:30:00+00:00,3.0819253579363264,3.075,2.9203620076179506
2024-11-02 03:30:00+00:00,2.9736541489231696,3.075,2.9210336029529573
2024-11-02 04:30:00+00:00,2.953184180006773,3.075,2.920698192715645
2024-11-02 05:30:00+00:00,2.827080332554037,3.075,2.923507195711136
2024-11-02 06:30:00+00:00,2.8296742646395985,3.018794404,2.8665161297022856
2024-11-02 07:30:00+00:00,1.0769670203909414,1.1091096703999999,1.0457499926084044
2024-11-02 08:30:00+00:00,1.1271216583034267,1.223663882,1.1424566364116975
2024-11-02 09:30:00+00:00,0.9928651562289729,1.13947245,1.0619559463679313
2024-11-02 10:30:00+00:00,0.5417891379278431,0.5969829219999999,0.5552954818728656
2024-11-02 11:30:00+00:00,0.661105212528186,0.7044957660000001,0.649739079908577
2024-11-02 12:30:00+00:00,2.661256843893101,2.990292624,2.7597014758619536
2024-11-02 13:30:00+00:00,2.8115431195618124,3.075,2.833027195930481
2024-11-02 14:30:00+00:00,2.882784475451805,3.075,2.8408360153436663
2024-11-02 15:30:00+00:00,2.8530172304128065,3.075,2.8704356223344805
2024-11-02 16:30:00+00:00,2.8900095717144025,3.075,2.876848888397217
2024-11-02 17:30:00+00:00,2.9404625145136625,3.075,2.900894445180893
2024-11-02 18:30:00+00:00,2.9961274932374775,3.075,2.919096750020981
2024-11-02 19:30:00+00:00,2.9582580567417978,3.075,2.919367250800133
2024-11-02 20:30:00+00:00,2.9243375746583027,3.075,2.914869573712349
2024-11-02 21:30:00+00:00,2.872341809234891,3.075,2.915958341956139
2024-11-02 22:30:00+00:00,2.99888044025865,3.074140276,2.9155117079467545
2024-11-02 23:30:00+00:00,3.0060881050761306,3.075,2.921518337726593
2024-11-03 00:30:00+00:00,2.9147899725137814,3.075,2.9227780222892763
2024-11-03 01:30:00+00:00,2.9414922830023515,3.075,2.922430229187012
2024-11-03 02:30:00+00:00,2.9454631022459767,3.075,2.917186987400055
2024-11-03 03:30:00+00:00,2.9531159372799123,3.049529972,2.8969761752318117
2024-11-03 04:30:00+00:00,1.3289186932357884,1.3736885203999998,1.300406293479872
2024-11-03 05:30:00+00:00,0.24691030929201047,0.25390584000000005,0.24243157614567523
2024-11-03 06:30:00+00:00,0.0,0.0,0.0
2024-11-03 07:30:00+00:00,0.08806557999512642,0.09413858000000001,0.08812831118513824
2024-11-03 08:30:00+00:00,0.3884800860829375,0.4199295980000001,0.3913081032299501
2024-11-03 09:30:00+00:00,0.7819638985554227,0.873199104,0.8115716675707378
2024-11-03 10:30:00+00:00,2.251050415286804,2.4676528,2.2839337014320376
2024-11-03 11:30:00+00:00,2.831198665475653,3.071615616,2.837816605484787
2024-11-03 12:30:00+00:00,2.7998489339361448,3.075,2.846141290664673
2024-11-03 13:30:00+00:00,2.1270847519768807,2.2909029999999997,2.113693816426277
2024-11-03 14:30:00+00:00,0.0,0.0,0.0
2024-11-03 15:30:00+00:00,0.09843160039139194,0.10747866120000003,0.10047467306066869
2024-11-03 16:30:00+00:00,0.05447957846634425,0.05866097000000001,0.05481774073597909
2024-11-03 17:30:00+00:00,0.9181862806602142,0.9487637379999998,0.897018684619272
2024-11-03 18:30:00+00:00,2.923586241475717,3.075,2.932402935624123
2024-11-03 19:30:00+00:00,2.972419659481011,3.075,2.928980228304863
2024-11-03 20:30:00+00:00,2.864661855406086,3.075,2.9243911772966387
2024-11-03 21:30:00+00:00,2.94752558970564,3.075,2.9240945249795915
2024-11-03 22:30:00+00:00,2.816229916400203,3.075,2.922562521696091
2024-11-03 23:30:00+00:00,2.8487268609957193,3.075,2.9254611402750017
2024-11-04 00:30:00+00:00,2.9883551184630464,3.075,2.919132259488106
2024-11-04 01:30:00+00:00,2.962258210650757,3.075,2.9191050052642824
2024-11-04 02:30:00+00:00,2.8799260328717273,3.075,2.9191372066736223
2024-11-04 03:30:00+00:00,2.9178226228291253,3.075,2.9177337408065798
2024-11-04 04:30:00+00:00,2.9362682851509163,3.072698456,2.9158925085770186
2024-11-04 05:30:00+00:00,2.8447258090475773,2.99794352,2.8455761069560244
2024-11-04 06:30:00+00:00,0.6364266313808045,0.6681689339999999,0.6327742318932856
2024-11-04 07:30:00+00:00,0.08680408895180013,0.09413858000000001,0.08846809584458352
2024-11-04 08:30:00+00:00,0.11810191929882027,0.125547036,0.11763865820358849
2024-11-04 09:30:00+00:00,0.5740789201078053,0.6243965879999999,0.5789190859519843
2024-11-04 10:30:00+00:00,1.2123387404278885,1.3253356522,1.2241329705393478
2024-11-04 11:30:00+00:00,1.7970441380720574,2.005286404,1.844634407268242
2024-11-04 12:30:00+00:00,2.5986768148506223,2.82032244,2.595321343274536
2024-11-04 13:30:00+00:00,2.4190725291260047,2.635482112,2.4269820396399613
2024-11-04 14:30:00+00:00,0.2761524054655711,0.3012995200000001,0.279176920815487
2024-11-04 15:30:00+00:00,0.0,0.0,0.0
2024-11-04 16:30:00+00:00,1.0191100141176406,1.0862821491999999,1.0202065410657302
2024-11-04 17:30:00+00:00,2.9532491595655843,3.075,2.9021377980709078
2024-11-04 18:30:00+00:00,2.878988860369636,3.075,2.9169357389211656
2024-11-04 19:30:00+00:00,2.8248926300822053,3.075,2.9204169481992723
2024-11-04 20:30:00+00:00,3.0386597577727543,3.075,2.9202702313661577
2024-11-04 21:30:00+00:00,2.8598718774506797,3.075,2.923193868994713
2024-11-04 22:30:00+00:00,2.9239617856289315,3.075,2.9226554304361345
2024-11-04 23:30:00+00:00,2.8436111339233734,3.075,2.9243476659059526
2024-11-05 00:30:00+00:00,2.9052419434825034,3.075,2.9207959145307543
2024-11-05 01:30:00+00:00,2.8615293200752725,3.075,2.9197159975767137
2024-11-05 02:30:00+00:00,2.9276939303809293,3.075,2.920108911395073
2024-11-05 03:30:00+00:00,2.479651422931813,2.612793544,2.477209234302849
2024-11-05 04:30:00+00:00,2.237491607483945,2.4040000000000004,2.287448898792267
2024-11-05 05:30:00+00:00,2.5148686531027673,2.791384656,2.654150564241272
2024-11-05 06:30:00+00:00,1.7826905159447664,1.8559083999999997,1.7676452757724759
2024-11-05 07:30:00+00:00,0.7344947433652907,0.78144,0.7388426055634022
2024-11-05 08:30:00+00:00,0.26114135786166476,0.2750331369999999,0.2566640471879596
2024-11-05 09:30:00+00:00,0.12490003064936374,0.13378820480000006,0.1245405115668081
2024-11-05 10:30:00+00:00,0.26636865824858297,0.2851046,0.26404829065761565
2024-11-05 11:30:00+00:00,1.1758351068707682,1.2495937444000003,1.1486408509044406
2024-11-05 12:30:00+00:00,2.797771648849359,3.075,2.8353505402803423
2024-11-05 13:30:00+00:00,2.819623042592604,3.075,2.8450203955173494
2024-11-05 14:30:00+00:00,2.8710452286367882,3.048093914,2.808611943332161
2024-11-05 15:30:00+00:00,1.290665297721795,1.3556259538,1.2557709704106224
2024-11-05 16:30:00+00:00,2.2970133569954743,2.503157200000001,2.354961560747338
2024-11-05 17:30:00+00:00,2.9204819629718757,3.06733064,2.8868546450554278
2024-11-05 18:30:00+00:00,2.78329850846978,3.075,2.9242081463336946
2024-11-05 19:30:00+00:00,2.9249245211061297,3.07340514,2.9131438517147448
2024-11-05 20:30:00+00:00,2.9185553819918524,3.075,2.91604660153389
2024-11-05 21:30:00+00:00,2.9351956628346967,3.075,2.9202010899782183
2024-11-05 22:30:00+00:00,3.0079806339729265,3.075,2.9220363020896913
2024-11-05 23:30:00+00:00,3.0081387728501765,3.075,2.9220344692468645
2024-11-06 00:30:00+00:00,2.8359335610141025,3.075,2.917672720551491
2024-11-06 01:30:00+00:00,2.8389784302317636,3.075,2.9220635414123537
2024-11-06 02:30:00+00:00,2.9817802525712267,3.075,2.9194487005472185
2024-11-06 03:30:00+00:00,2.8906216641634823,3.075,2.92237329185009
2024-11-06 04:30:00+00:00,2.839297579126938,3.075,2.922914278507233
2024-11-06 05:30:00+00:00,3.0027712278658254,3.075,2.918645215034485
2024-11-06 06:30:00+00:00,2.91771841992813,3.070547856,2.9160306822329103
2024-11-06 07:30:00+00:00,2.5216914869769376,2.6467855679999994,2.5007604318868326
2024-11-06 08:30:00+00:00,1.5085057672632867,1.61909246,1.502832058095417
2024-11-06 09:30:00+00:00,1.323034488720529,1.4633170779999998,1.359330710416725
2024-11-06 10:30:00+00:00,2.34770872682632,2.5628374,2.3692647446798323
2024-11-06 11:30:00+00:00,2.79587354112396,3.075,2.8356242746114733
2024-11-06 12:30:00+00:00,2.9654592490501397,3.075,2.8319505870342256
2024-11-06 13:30:00+00:00,2.7890952660213544,3.075,2.8323121935129167
2024-11-06 14:30:00+00:00,2.8435666016995897,3.075,2.8351526081562044
2024-11-06 15:30:00+00:00,2.7232296977175645,3.075,2.8598382741212847
2024-11-06 16:30:00+00:00,2.838264763670163,3.075,2.87343807220459
2024-11-06 17:30:00+00:00,2.917461598921383,3.075,2.8965412050485613
2024-11-06 18:30:00+00:00,2.8052153727696694,3.075,2.920204904675484
2024-11-06 19:30:00+00:00,0.0,0.0,0.0002939394908025861
2024-11-06 20:30:00+00:00,2.9043124846629054,3.075,2.9210606187582018
2024-11-06 21:30:00+00:00,3.006303821152676,3.075,2.922601488232613
2024-11-06 22:30:00+00:00,2.96006146833236,3.075,2.9205115705728533
2024-11-06 23:30:00+00:00,2.965452445967147,3.075,2.9204581052064897
2024-11-07 00:30:00+00:00,2.93247519097619,3.075,2.9242378890514376
2024-11-07 01:30:00+00:00,2.9962236759195418,3.075,2.923043575882912
2024-11-07 02:30:00+00:00,3.0270699526792573,3.075,2.919416439533234
2024-11-07 03:30:00+00:00,2.9146965823697357,3.075,2.918606859445572
2024-11-07 04:30:00+00:00,3.0115319397989517,3.075,2.9200784087181093
2024-11-07 05:30:00+00:00,2.876487490197319,3.075,2.917771589756012
2024-11-07 06:30:00+00:00,2.7817757440657385,3.054913432,2.9004260307529757
2024-11-07 07:30:00+00:00,0.8111692608791982,0.8650711679999998,0.8167947808449438
2024-11-07 08:30:00+00:00,0.12047968463363158,0.1295844512,0.12119912634932156
2024-11-07 09:30:00+00:00,0.6816317009861095,0.700399576,0.6489617249584446
2024-11-07 10:30:00+00:00,1.4884397953379647,1.6329003560000002,1.5128713163190424
2024-11-07 11:30:00+00:00,0.6826758034410122,0.740006016,0.6841950280506287
2024-11-07 12:30:00+00:00,1.7046589998386577,1.8723832000000002,1.7228592861396792
2024-11-07 13:30:00+00:00,0.5416889160661772,0.5735559100000002,0.5312510998634435
2024-11-07 14:30:00+00:00,0.6023107450305112,0.64808277,0.6011493462722493
2024-11-07 15:30:00+00:00,2.7803112822714544,3.075,2.8571888476610185
2024-11-07 16:30:00+00:00,0.0,0.0,0.0
2024-11-07 17:30:00+00:00,0.0,0.0,0.000839341024402529
2024-11-07 18:30:00+00:00,2.8657629707425287,3.075,2.9194989621639253
2024-11-07 19:30:00+00:00,2.8784301359215685,3.075,2.919242721796036
2024-11-07 20:30:00+00:00,2.8562573491346543,3.075,2.922531259059906
2024-11-07 21:30:00+00:00,2.965169514944099,3.075,2.9227171659469606
2024-11-07 22:30:00+00:00,2.930843087553433,3.075,2.9200125455856325
2024-11-07 23:30:00+00:00,2.976479982489238,3.075,2.9200125455856325
2024-11-08 00:30:00+00:00,2.980218151199182,3.075,2.915957343578339
2024-11-08 01:30:00+00:00,2.979874611641359,3.075,2.916480627655983
2024-11-08 02:30:00+00:00,2.9237477797543776,3.075,2.9197308093309404
2024-11-08 03:30:00+00:00,2.8236457867773037,3.075,2.9163118571043016
2024-11-08 04:30:00+00:00,2.8272348277077755,3.057737364,2.9017519043146742
2024-11-08 05:30:00+00:00,2.013942329796394,2.1443071000000002,2.031579107763386
2024-11-08 06:30:00+00:00,1.6936847950921639,1.7492380000000003,1.6634378589038852
2024-11-08 07:30:00+00:00,0.6238690086741678,0.64808277,0.6157115284006787
2024-11-08 08:30:00+00:00,0.13782772432827367,0.14650359760000004,0.1355227372698356
2024-11-08 09:30:00+00:00,0.3244954052357209,0.35247999999999996,0.3245740608531236
2024-11-08 10:30:00+00:00,0.1672213473110028,0.18318425280000009,0.16986246195579804
2024-11-08 11:30:00+00:00,0.38194563200332515,0.41686767400000013,0.38496080101225294
2024-11-08 12:30:00+00:00,2.2308857754387312,2.4199786000000008,2.232638802383996
2024-11-08 13:30:00+00:00,2.623874322142599,2.8621674000000006,2.635666352388764
2024-11-08 14:30:00+00:00,0.730672085471592,0.78144,0.7257840660834313
2024-11-08 15:30:00+00:00,1.3504376731826093,1.4101846000000002,1.3100761404081347
2024-11-08 16:30:00+00:00,2.8929221860824224,3.075,2.8784136891365053
2024-11-08 17:30:00+00:00,2.886114894986517,3.075,2.900745239853859
2024-11-08 18:30:00+00:00,2.929112269394171,3.075,2.9247350215911867
2024-11-08 19:30:00+00:00,3.015011787531788,3.075,2.9212642878293993
2024-11-08 20:30:00+00:00,2.934314250535166,3.075,2.9201891839504244
2024-11-08 21:30:00+00:00,2.958957664044065,3.075,2.916677397489548
2024-11-08 22:30:00+00:00,2.839071104223412,3.075,2.9195314317941667
2024-11-08 23:30:00+00:00,2.8867076113442947,3.075,2.9231274098157884
2024-11-09 00:30:00+00:00,3.106496921984417,3.075,2.918310356140137
2024-11-09 01:30:00+00:00,2.918137111010999,3.075,2.917176988720894
2024-11-09 02:30:00+00:00,2.9911585505269564,3.075,2.9198551744222643
2024-11-09 03:30:00+00:00,3.0105939520071208,3.075,2.9189489603042604
2024-11-09 04:30:00+00:00,3.0620665422337305,3.075,2.9201246023178102
2024-11-09 05:30:00+00:00,2.8673352551357536,3.075,2.916564238071442
2024-11-09 06:30:00+00:00,2.8589416846799547,3.075,2.922001671791077
2024-11-09 07:30:00+00:00,1.2098674627409873,1.2444217619999998,1.1754262862309568
2024-11-09 08:30:00+00:00,0.40250782629624504,0.4410468672,0.4128817596070597
2024-11-09 09:30:00+00:00,0.3653604897465472,0.4120298176,0.3818285222092749
2024-11-09 10:30:00+00:00,0.42054508305691246,0.4531000854,0.4215940834506897
2024-11-09 11:30:00+00:00,0.6180618381726921,0.658150302,0.6046776228916187
2024-11-09 12:30:00+00:00,2.832711273274278,3.0741656120000003,2.8347617681203006
2024-11-09 13:30:00+00:00,2.7602681549316808,3.075,2.8372881531715395
2024-11-09 14:30:00+00:00,2.760425486640883,3.075,2.836479213833809
2024-11-09 15:30:00+00:00,2.85818320226143,3.075,2.8605831384658815
2024-11-09 16:30:00+00:00,2.9316391696010373,3.075,2.875269111990929
2024-11-09 17:30:00+00:00,2.630254559939976,2.805976536,2.651855062568413
2024-11-09 18:30:00+00:00,2.9272471768056936,3.075,2.9181002497673036
2024-11-09 19:30:00+00:00,2.9139222416468327,3.075,2.918575656414032
2024-11-09 20:30:00+00:00,2.9450337958580053,3.075,2.91975776553154
2024-11-09 21:30:00+00:00,2.9094587615866128,3.075,2.9236284464597704
2024-11-09 22:30:00+00:00,3.035885636589286,3.075,2.9217688262462618
2024-11-09 23:30:00+00:00,2.89917900061182,3.075,2.9222350835800173
2024-11-10 00:30:00+00:00,2.8513612675763405,3.075,2.921535608172417
2024-11-10 01:30:00+00:00,2.9329463742660007,3.075,2.920970094203949
2024-11-10 02:30:00+00:00,2.913517146145719,3.075,2.922687691450119
2024-11-10 03:30:00+00:00,3.019999668620576,3.075,2.922873643040657
2024-11-10 04:30:00+00:00,2.88925029387735,3.075,2.919333350658417
2024-11-10 05:30:00+00:00,2.800176346260781,3.006223136,2.862800353578888
2024-11-10 06:30:00+00:00,2.8203356871818883,3.075,2.9219312340021135
2024-11-10 07:30:00+00:00,2.9698321999425765,3.000652874,2.8248183821510544
2024-11-10 08:30:00+00:00,0.8474177365557257,0.9166925371999999,0.8498904378528853
2024-11-10 09:30:00+00:00,0.76734153395724,0.796341504,0.7409058502240696
2024-11-10 10:30:00+00:00,1.279745677593011,1.3968032839999998,1.2941589000926816
2024-11-10 11:30:00+00:00,2.6052796714909263,2.7950365200000005,2.588911752338906
2024-11-10 12:30:00+00:00,2.626892610650316,2.88672948,2.664757387013893
2024-11-10 13:30:00+00:00,2.7477944317695795,3.011601824,2.7794916067863693
2024-11-10 14:30:00+00:00,2.836252964849369,3.075,2.842065465450287
2024-11-10 15:30:00+00:00,2.884093266659962,3.075,2.858927857875824
2024-11-10 16:30:00+00:00,2.8628089266142434,3.072469872,2.872979667546532
2024-11-10 17:30:00+00:00,2.839652541040657,3.075,2.896524873375893
2024-11-10 18:30:00+00:00,0.0,0.0,0.0014429448638111353
2024-11-10 19:30:00+00:00,2.872632896123116,3.075,2.9204434722661974
2024-11-10 20:30:00+00:00,3.0066585695759485,3.075,2.922450688481331
2024-11-10 21:30:00+00:00,2.917300968123173,3.075,2.920946624875069
2024-11-10 22:30:00+00:00,2.951031079654893,3.075,2.922088158130646
2024-11-10 23:30:00+00:00,2.8734348073280485,3.075,2.922088158130646
2024-11-11 00:30:00+00:00,2.888595778270378,3.075,2.919842150807381
2024-11-11 01:30:00+00:00,2.9528413195359926,3.075,2.919237804412842
2024-11-11 02:30:00+00:00,2.9118020286337982,3.075,2.9198013663291933
2024-11-11 03:30:00+00:00,2.9298884405144006,3.075,2.9204171121120455
2024-11-11 04:30:00+00:00,2.4880072858809315,2.640760252,2.5095108540069124
2024-11-11 05:30:00+00:00,1.3455673842406508,1.426856122,1.3504274701903076
2024-11-11 06:30:00+00:00,2.915453705306088,3.0733227999999997,2.923674059112358
2024-11-11 07:30:00+00:00,2.96874656213619,3.063744252,2.8843296965695875
2024-11-11 08:30:00+00:00,0.965210320654834,1.0661743959999999,0.9954533508635481
2024-11-11 09:30:00+00:00,0.5442142254492882,0.599568754,0.557168904257349
2024-11-11 10:30:00+00:00,0.3462989648871277,0.375501622,0.34726363282766054
2024-11-11 11:30:00+00:00,0.04102432402759327,0.04504964,0.041220449492468836
2024-11-11 12:30:00+00:00,0.12645372330386986,0.13926971999999993,0.12830595316437
2024-11-11 13:30:00+00:00,0.2245471231458714,0.24020005699999994,0.2221797437668628
2024-11-11 14:30:00+00:00,0.09284102611453188,0.10325111679999999,0.09604025583981446
2024-11-11 15:30:00+00:00,0.6077784513423197,0.6269476684,0.5788732627596364
2024-11-11 16:30:00+00:00,0.5422430911131813,0.5595409744,0.521298380992369
2024-11-11 17:30:00+00:00,2.941328968763336,3.075,2.907687929272652
2024-11-11 18:30:00+00:00,2.900601087237007,3.075,2.927584779262543
2024-11-11 19:30:00+00:00,2.913059905946579,3.075,2.918464344739914
2024-11-11 20:30:00+00:00,2.916776555148121,3.075,2.9215349823236467
2024-11-11 21:30:00+00:00,2.925645115404487,3.075,2.925564926862717
2024-11-11 22:30:00+00:00,2.94097727393437,3.075,2.9196698635816576
2024-11-11 23:30:00+00:00,2.999685492703955,3.075,2.9275727689266207
2024-11-12 00:30:00+00:00,3.005918558668034,3.075,2.9179298996925356
2024-11-12 01:30:00+00:00,3.000225840564269,3.075,2.9210318446159365
2024-11-12 02:30:00+00:00,2.9884727831921363,3.075,2.920088928937912
2024-11-12 03:30:00+00:00,3.0082548232341906,3.075,2.9188804000616075
2024-11-12 04:30:00+00:00,2.9696492776017727,3.03421672,2.876899305120201
2024-11-12 05:30:00+00:00,2.152685623067148,2.25299632,2.1381023620274733
2024-11-12 06:30:00+00:00,1.2433005771892103,1.33849023,1.2721096621513175
2024-11-12 07:30:00+00:00,0.2124623484282581,0.22761478000000004,0.21577746611699347
2024-11-12 08:30:00+00:00,0.10598125875900331,0.11114704,0.10450816244054675
2024-11-12 09:30:00+00:00,1.4665765948951888,1.5559043279999998,1.4423570699209478
2024-11-12 10:30:00+00:00,2.720921534696565,3.070736672,2.838477532581398
2024-11-12 11:30:00+00:00,2.862833996594783,3.075,2.833890971541405
2024-11-12 12:30:00+00:00,2.891660324154035,3.070547856,2.830675206687981
2024-11-12 13:30:00+00:00,0.03670744663259754,0.03960723200000002,0.03904518604396953
2024-11-12 14:30:00+00:00,0.8268967013693874,0.8839976831999998,0.8162205636230688
2024-11-12 15:30:00+00:00,1.5103433132192592,1.5966997800000002,1.4867864159472277
2024-11-12 16:30:00+00:00,0.16796870831205513,0.17977904239999998,0.1696938256766175
2024-11-12 17:30:00+00:00,0.3495140946603248,0.38119079380000004,0.3603137044485844
2024-11-12 18:30:00+00:00,0.0,0.0,0.0
2024-11-12 19:30:00+00:00,2.459723270799602,2.6105180320000003,2.47576975195163
2024-11-12 20:30:00+00:00,2.860490753302085,3.075,2.923764389753342
2024-11-12 21:30:00+00:00,2.893543856259844,3.075,2.918155860900879
2024-11-12 22:30:00+00:00,2.8576131616692058,3.075,2.9204652428627016
2024-11-12 23:30:00+00:00,2.888201011298145,3.075,2.9219200283288957
2024-11-13 00:30:00+00:00,0.0,0.0,0.00012310779129620641
2024-11-13 01:30:00+00:00,0.0,0.0,0.00013663884601555765
2024-11-13 02:30:00+00:00,2.8892678042505673,3.075,2.921878290176392
2024-11-13 03:30:00+00:00,2.780754984571914,3.075,2.9127136886119844
2024-11-13 04:30:00+00:00,0.636484342483619,0.644715842,0.6151538623038454
2024-11-13 05:30:00+00:00,2.181493884246891,2.4179824,2.2982457434534074
2024-11-13 06:30:00+00:00,2.866360466424662,3.073090476,2.9276182921764144
2024-11-13 07:30:00+00:00,2.6349994267644687,2.8247490000000006,2.652157760786057
2024-11-13 08:30:00+00:00,0.8247934849573894,0.8650711679999998,0.8055433908646277
2024-11-13 09:30:00+00:00,0.5946260462174514,0.6506043800000001,0.6034851574186135
2024-11-13 10:30:00+00:00,1.661509297176345,1.8460000000000003,1.6985979816913608
2024-11-13 11:30:00+00:00,2.9402187232762693,3.075,2.842288759350777
2024-11-13 12:30:00+00:00,2.7695391443290918,3.0481471520000003,2.804189468555977
2024-11-13 13:30:00+00:00,2.8162767417888364,3.0154538360000003,2.77946808007959
2024-11-13 14:30:00+00:00,0.49785781583991934,0.54561868,0.5045594132241535
2024-11-13 15:30:00+00:00,0.042769691394733016,0.04504964,0.04143127298368454
2024-11-13 16:30:00+00:00,0.0,0.0,0.0
2024-11-13 17:30:00+00:00,0.0,0.0,0.0
2024-11-13 18:30:00+00:00,0.060019666569736216,0.06419183899999997,0.06073670396001479
2024-11-13 19:30:00+00:00,0.20934736719347455,0.22494204999999992,0.21256871992843143
2024-11-13 20:30:00+00:00,0.23232257581210608,0.24609959499999998,0.23156130408957717
2024-11-13 21:30:00+00:00,1.1837446207264868,1.223663882,1.166614920479805
2024-11-13 22:30:00+00:00,2.0677987860341434,2.2060308999999996,2.093530478297138
2024-11-13 23:30:00+00:00,2.077993708917017,2.1829606360000002,2.07163525281366
2024-11-14 00:30:00+00:00,2.909564332818948,3.075,2.9060929089784624
2024-11-14 01:30:00+00:00,2.9436965008618627,3.075,2.913241294026375
2024-11-14 02:30:00+00:00,3.031324779172633,3.075,2.914422017335892
2024-11-14 03:30:00+00:00,2.917648246136255,3.075,2.917300429940224
2024-11-14 04:30:00+00:00,2.1168483424028173,2.200546036,2.086286450261818
2024-11-14 05:30:00+00:00,2.841522840898684,3.010091272,2.8633154451882095
2024-11-14 06:30:00+00:00,2.539899195515193,2.671561792,2.5382152492839736
2024-11-14 07:30:00+00:00,2.570271836607444,2.6977002079999997,2.5413016881263806
2024-11-14 08:30:00+00:00,2.723880582300304,3.0525464500000004,2.8533055121709827
2024-11-14 09:30:00+00:00,2.874783308281883,3.0745190079999998,2.8658762272192075
2024-11-14 10:30:00+00:00,2.836441141778029,3.075,2.848664712905884
2024-11-14 11:30:00+00:00,2.7166211797746267,3.075,2.8252440959215166
2024-11-14 12:30:00+00:00,1.4302482208309197,1.5212676939999996,1.4074842152631222
2024-11-14 13:30:00+00:00,1.2020634501265663,1.3293879342000001,1.2284809511820787
2024-11-14 14:30:00+00:00,2.886338568553832,3.073957484,2.844452302687439
2024-11-14 15:30:00+00:00,2.8702279607470444,3.075,2.855430391430855
2024-11-14 16:30:00+00:00,2.832272687516508,3.0550707900000003,2.8582910769653704
2024-11-14 17:30:00+00:00,0.9374485974342671,1.019733856,0.9635022082701263
2024-11-14 18:30:00+00:00,1.5877385677456701,1.6360808700000002,1.5576004922066882
2024-11-14 19:30:00+00:00,2.905509669030693,3.075,2.8999193727970125
2024-11-14 20:30:00+00:00,2.9669341670383553,3.075,2.9048609405756
2024-11-14 21:30:00+00:00,2.880140717186406,3.073466812,2.9073990180346603
2024-11-14 22:30:00+00:00,0.5547543319277379,0.59612,0.5655253325802088
2024-11-14 23:30:00+00:00,0.23050726536429342,0.24609959499999998,0.23115870172247407
2024-11-15 00:30:00+00:00,2.9677291303701976,3.071866032,2.9266536648229904
2024-11-15 01:30:00+00:00,2.9803102286434853,3.0659814560000003,2.899942898112923
2024-11-15 02:30:00+00:00,2.2576367723660415,2.3678884000000004,2.2519956469949727
2024-11-15 03:30:00+00:00,1.2528821840519364,1.2856030840000001,1.2248909662982312
2024-11-15 04:30:00+00:00,0.11797875444904435,0.1255469616,0.11859732451480065
2024-11-15 05:30:00+00:00,0.056041515474172784,0.06079998199999998,0.057440966900295716
2024-11-15 06:30:00+00:00,0.2594785960541178,0.2686823300000001,0.25498485107977875
2024-11-15 07:30:00+00:00,0.3676777258742687,0.39459990640000003,0.37269938667133945
2024-11-15 08:30:00+00:00,0.30152388414506537,0.3171099639999999,0.29561862829507723
2024-11-15 09:30:00+00:00,0.4152238249716503,0.45949083279999997,0.42400693979295995
2024-11-15 10:30:00+00:00,1.3935118473856605,1.5418643060000001,1.4238146844179689
2024-11-15 11:30:00+00:00,2.83706116067699,3.075,2.8339025646448137
2024-11-15 12:30:00+00:00,0.3267436932848347,0.3611635059999999,0.3317563922094878
2024-11-15 13:30:00+00:00,2.7471963113829068,3.0380033080000004,2.8138508622068485
2024-11-15 14:30:00+00:00,2.914680729504563,3.075,2.8418730318546297
2024-11-15 15:30:00+00:00,2.5095752895742063,2.731100816,2.5542973761444245
2024-11-15 16:30:00+00:00,2.055702114329852,2.1697362879999997,2.0338914464005353
2024-11-15 17:30:00+00:00,2.5575175805476142,2.7214757920000006,2.5665252924653936
2024-11-15 18:30:00+00:00,1.4379668743383553,1.5027602160000004,1.4319021695875325
2024-11-15 19:30:00+00:00,2.857850014762177,3.010091272,2.864637804034874
2024-11-15 20:30:00+00:00,2.627389898655411,2.82032244,2.6852465877251053
2024-11-15 21:30:00+00:00,2.947882641693061,3.030088744,2.8828047279868545
2024-11-15 22:30:00+00:00,3.028818213945974,3.075,2.920373868942261
2024-11-15 23:30:00+00:00,2.948778262313779,3.075,2.925268691778183
2024-11-16 00:30:00+00:00,2.8532650986761183,3.075,2.9098024636507036
2024-11-16 01:30:00+00:00,2.976505180207077,3.075,2.9200784236192705
2024-11-16 02:30:00+00:00,2.9529665094148045,3.075,2.91688786149025
2024-11-16 03:30:00+00:00,2.849478249197635,3.075,2.9192818969488146
2024-11-16 04:30:00+00:00,1.8253689304592131,1.9791309040000002,1.8814837288071673
2024-11-16 05:30:00+00:00,1.6322882135168648,1.7436214,1.6580835416926385
2024-11-16 06:30:00+00:00,1.4327887829292199,1.5212676939999996,1.444159415129417
2024-11-16 07:30:00+00:00,0.8144067418396541,0.8830993919999999,0.8350960499973696
2024-11-16 08:30:00+00:00,0.43419248590068077,0.46028780320000007,0.43153200053881957
2024-11-16 09:30:00+00:00,0.38794433692856123,0.4240132234,0.39298968007195323
2024-11-16 10:30:00+00:00,0.4084910767250641,0.43458003120000005,0.40294318215424657
2024-11-16 11:30:00+00:00,0.2577987089226578,0.2900998900000001,0.26792054533101567
2024-11-16 12:30:00+00:00,0.279732275554439,0.31111193559999994,0.28792537115450434
2024-11-16 13:30:00+00:00,1.6367168637293232,1.802845,1.6649532305908203
2024-11-16 14:30:00+00:00,2.3981431696417923,2.576264992,2.3806503411544724
2024-11-16 15:30:00+00:00,2.4606695856391974,2.6895001520000004,2.5138199169717335
2024-11-16 16:30:00+00:00,0.7318090772916448,0.7823737728000001,0.7332301119864301
2024-11-16 17:30:00+00:00,0.21253450436552443,0.22293232500000007,0.2087593779657603
2024-11-16 18:30:00+00:00,0.46661822573584255,0.4973015293999999,0.4746919584050267
2024-11-16 19:30:00+00:00,0.2816966009293906,0.2851046,0.26992970074973105
2024-11-16 20:30:00+00:00,1.5717861227087513,1.6859884,1.6090359649237633
2024-11-16 21:30:00+00:00,2.9845995943142225,3.075,2.929107290506363
2024-11-16 22:30:00+00:00,2.87617822319074,3.075,2.923686516284943
2024-11-16 23:30:00+00:00,2.4852665509182184,2.5364946999999995,2.4056156405660625
2024-11-17 00:30:00+00:00,2.9408054674788593,3.068861168,2.909747105213898
2024-11-17 01:30:00+00:00,2.8886487539069434,3.070022304,2.906938750685791
2024-11-17 02:30:00+00:00,2.8661574401348946,3.073343392,2.911395307168762
2024-11-17 03:30:00+00:00,2.9637438688722235,3.075,2.91123106777668
2024-11-17 04:30:00+00:00,1.4933008357340674,1.5418643060000001,1.457338437703377
2024-11-17 05:30:00+00:00,1.2168738179643839,1.3090840401999997,1.2445437210552739
2024-11-17 06:30:00+00:00,1.322447889508802,1.4500925439999999,1.372887653450817
2024-11-17 07:30:00+00:00,1.9769267201822527,2.058369826,1.9479959043076285
2024-11-17 08:30:00+00:00,2.984869496212104,3.023290564,2.8342389656895293
2024-11-17 09:30:00+00:00,2.7624933496761614,3.075,2.8569297164678575
2024-11-17 10:30:00+00:00,2.8504158298101725,3.075,2.8345438063144686
2024-11-17 11:30:00+00:00,2.8878268482466587,3.075,2.828101721405983
2024-11-17 12:30:00+00:00,2.825421508275503,3.075,2.830382925271988
2024-11-17 13:30:00+00:00,2.7125437812568105,3.075,2.834182080626488
2024-11-17 14:30:00+00:00,2.8009184451456774,3.075,2.8404244899749758
2024-11-17 15:30:00+00:00,2.3260763995624116,2.5472407,2.3735638664896013
2024-11-17 16:30:00+00:00,1.1978786298639945,1.2856027382,1.1975394534452468
2024-11-17 17:30:00+00:00,0.7703022118080205,0.8258880000000001,0.78314242096591
2024-11-17 18:30:00+00:00,2.446606003785935,2.670812256,2.5339410373186646
2024-11-17 19:30:00+00:00,1.7912884705727756,1.8504064000000002,1.7584764650811198
2024-11-17 20:30:00+00:00,2.250992600495483,2.4079990000000007,2.2774656773080832
2024-11-17 21:30:00+00:00,1.3279311910751561,1.3968032839999998,1.330941760848602
2024-11-17 22:30:00+00:00,0.39946214531748686,0.4199295980000001,0.3998935804777843
2024-11-17 23:30:00+00:00,0.2888749510776391,0.29692529799999995,0.28314246522846026
2024-11-18 00:30:00+00:00,0.6548458636848701,0.6954730639999999,0.6598249080425395
2024-11-18 01:30:00+00:00,2.4410460400828438,2.60140796,2.470520839037857
2024-11-18 02:30:00+00:00,2.9147768947380035,3.056170738,2.886777273077095
2024-11-18 03:30:00+00:00,2.386934898825725,2.591519088,2.458655611127556
2024-11-18 04:30:00+00:00,0.180129015162622,0.18994271999999998,0.17921610887006043
2024-11-18 05:30:00+00:00,0.9445838278151086,0.9517533899999999,0.9046933771826171
2024-11-18 06:30:00+00:00,2.298526569712226,2.4478348000000003,2.322778264994431
2024-11-18 07:30:00+00:00,2.947454972403555,3.0528100940000003,2.874795338750977
2024-11-18 08:30:00+00:00,2.787275905497187,3.075,2.8803120225667955
2024-11-18 09:30:00+00:00,2.7406399141676707,3.075,2.8470780074596407
2024-11-18 10:30:00+00:00,2.7794178906507887,3.075,2.8293085366487505
2024-11-18 11:30:00+00:00,2.832177096465166,3.075,2.8310747712850572
2024-11-18 12:30:00+00:00,2.792041350185346,3.075,2.8325708627700807
2024-11-18 13:30:00+00:00,1.5524513478938626,1.6586422000000005,1.5395547423431402
2024-11-18 14:30:00+00:00,0.2829756293898902,0.31036,0.2877401658302546
2024-11-18 15:30:00+00:00,0.10941582732696649,0.11582250960000003,0.10773940451271975
2024-11-18 16:30:00+00:00,0.137890918671866,0.15365461999999996,0.1433456865556788
2024-11-18 17:30:00+00:00,0.18109658747562848,0.18825954799999994,0.17610134040465159
2024-11-18 18:30:00+00:00,1.3683385058574082,1.3923330580000004,1.3284126867655834
2024-11-18 19:30:00+00:00,2.853225390275518,2.993018276,2.85345808317659
2024-11-18 20:30:00+00:00,2.259072618791864,2.4079984,2.282412113812828
2024-11-18 21:30:00+00:00,2.1804981103931316,2.4129922,2.2801761982271196
2024-11-18 22:30:00+00:00,2.508983049341199,2.60140796,2.4627590178870773
2024-11-18 23:30:00+00:00,1.5482044132515538,1.631839446,1.5524533607281648
2024-11-19 00:30:00+00:00,0.33555179225183446,0.353206102,0.3353032881481667
2024-11-19 01:30:00+00:00,0.0893065656809662,0.09196808399999999,0.08720827220375203
2024-11-19 02:30:00+00:00,0.10983628919302679,0.113230674,0.1078311758427968
2024-11-19 03:30:00+00:00,0.15875163345461837,0.16072569039999993,0.15206068192958386
2024-11-19 04:30:00+00:00,0.0,0.0,0.0
2024-11-19 05:30:00+00:00,0.08034384598701778,0.08318132,0.07840299025133968
2024-11-19 06:30:00+00:00,0.4106743575158998,0.41410542100000003,0.39382267005073646
2024-11-19 07:30:00+00:00,0.6692492161242258,0.7044957660000001,0.6617923013727341
2024-11-19 08:30:00+00:00,1.4578922861565253,1.60097389,1.4934205271536254
2024-11-19 09:30:00+00:00,2.8040313105134014,3.052915506,2.830773286456543
2024-11-19 10:30:00+00:00,2.809939795202405,3.075,2.8323990225791933
2024-11-19 11:30:00+00:00,2.7325875472478733,3.075,2.826791849732399
2024-11-19 12:30:00+00:00,2.7649181190087195,3.075,2.828398507833481
2024-11-19 13:30:00+00:00,2.838844414247126,2.9165396400000003,2.677532316019669
2024-11-19 14:30:00+00:00,2.3679853600468457,2.5364946999999995,2.3458189347240443
2024-11-19 15:30:00+00:00,2.690940527231759,2.92463028,2.716027553540497
2024-11-19 16:30:00+00:00,2.1390163821981756,2.2970185,2.162065552502632
2024-11-19 17:30:00+00:00,2.0489719193496594,2.2005457179999994,2.082323920950954
2024-11-19 18:30:00+00:00,1.2997635458933443,1.4500925439999999,1.3785426366733016
2024-11-19 19:30:00+00:00,1.1405299356524967,1.1765384062,1.1188382602103435
2024-11-19 20:30:00+00:00,1.7471764771892093,1.7559694000000003,1.661261367093945
2024-11-19 21:30:00+00:00,2.3183167850787174,2.3214154000000002,2.2059058303550723
2024-11-19 22:30:00+00:00,1.4434021766584721,1.5494297299999997,1.4707320411224172
2024-11-19 23:30:00+00:00,0.07663750918377613,0.08040000000000001,0.07533156652897598
2024-11-20 00:30:00+00:00,2.7234715296414302,2.77968,2.643584356956482
2024-11-20 01:30:00+00:00,1.8115837166552744,1.8975448000000001,1.8017958986328126
2024-11-20 02:30:00+00:00,2.3916481429059964,2.4923308,2.3674606785209655
2024-11-20 03:30:00+00:00,2.874586290169245,3.0035254399999998,2.8488784920200727
2024-11-20 04:30:00+00:00,1.06786892178078,1.0805497519999998,1.0303083040148275
2024-11-20 05:30:00+00:00,1.0928707760892211,1.164929258,1.1025833881608085
2024-11-20 06:30:00+00:00,2.4989326184391913,2.670812256,2.5386490442966996
2024-11-20 07:30:00+00:00,2.8602283868049017,3.0439082880000004,2.867926378963364
2024-11-20 08:30:00+00:00,2.8234223909085734,3.014784864,2.8246567014967576
2024-11-20 09:30:00+00:00,2.786823837699205,3.012104916,2.804721506857506
2024-11-20 10:30:00+00:00,2.8373376929765146,3.073921872,2.84075534127166
2024-11-20 11:30:00+00:00,2.939081553582675,3.07263616,2.8279536244708634
2024-11-20 12:30:00+00:00,2.8805321579372087,3.075,2.835779842734337
2024-11-20 13:30:00+00:00,2.8189848822022205,3.075,2.827824679017067
2024-11-20 14:30:00+00:00,2.8809749185663844,3.06903048,2.828420834156494
2024-11-20 15:30:00+00:00,2.727910980199219,2.994038728,2.784323942781761
2024-11-20 16:30:00+00:00,2.2127450409532066,2.300074,2.1648400464048385
2024-11-20 17:30:00+00:00,2.280454142858789,2.5472407,2.4154944972927095
2024-11-20 18:30:00+00:00,1.775255140221281,1.954,1.8587137275338173
2024-11-20 19:30:00+00:00,2.3921836292833816,2.503157200000001,2.3722489789936074
2024-11-20 20:30:00+00:00,3.004609333055184,3.0661104,2.9031625515607833
2024-11-20 21:30:00+00:00,2.9422717470365884,3.0625595640000003,2.913954694157471
2024-11-20 22:30:00+00:00,2.7702406429788002,2.992507528,2.85353147559655
2024-11-20 23:30:00+00:00,1.4294544997812786,1.4940241900000002,1.42335833131403
2024-11-21 00:30:00+00:00,2.0160152176826136,2.139873544,2.029286528251976
2024-11-21 01:30:00+00:00,0.5442892429526421,0.5735559100000002,0.5447369022009708
2024-11-21 02:30:00+00:00,0.35843525616812183,0.38190000099999993,0.36364938473267644
2024-11-21 03:30:00+00:00,0.49141339967502023,0.5227888474,0.49735926703934896
2024-11-21 04:30:00+00:00,0.29236037488100003,0.305838418,0.29044640417452383
2024-11-21 05:30:00+00:00,0.2071571395143813,0.22494204999999992,0.2138124975015401
2024-11-21 06:30:00+00:00,0.5963904002328175,0.6345816103999999,0.6024575194602397
2024-11-21 07:30:00+00:00,1.9900871570816066,2.1664255900000002,2.043313008329716
2024-11-21 08:30:00+00:00,2.888018165077178,3.072698456,2.8755944787966308
2024-11-21 09:30:00+00:00,2.8662168778165005,3.075,2.848122534155846
2024-11-21 10:30:00+00:00,2.676502292957945,3.075,2.8375170797109606
2024-11-21 11:30:00+00:00,2.8344287533190142,3.075,2.8331944316625597
2024-11-21 12:30:00+00:00,2.7519113828342308,3.075,2.8320686340332033
2024-11-21 13:30:00+00:00,2.9216877071636778,3.075,2.83296115398407
2024-11-21 14:30:00+00:00,2.819362624289715,3.075,2.8398463398218157
2024-11-21 15:30:00+00:00,2.881097560427629,3.075,2.8579729169607164
2024-11-21 16:30:00+00:00,2.758032179209319,3.0501667379999997,2.839151915874565
2024-11-21 17:30:00+00:00,2.3062187904310925,2.4129927999999996,2.2843726373937603
2024-11-21 18:30:00+00:00,2.4454650048980398,2.551144,2.4216479918422698
2024-11-21 19:30:00+00:00,1.8604386344497077,1.9825487680000002,1.8857603392761881
2024-11-21 20:30:00+00:00,1.6569626312861494,1.7064028000000004,1.6127095063689236
2024-11-21 21:30:00+00:00,1.3999566100612935,1.4776003060000003,1.4063125920550883
2024-11-21 22:30:00+00:00,0.39904958018802605,0.41479653999999994,0.3933731107492828
2024-11-21 23:30:00+00:00,0.04267077413914324,0.04504964,0.04132704192227066
2024-11-22 00:30:00+00:00,0.4128733858920455,0.43376968899999996,0.41084234142934223
2024-11-22 01:30:00+00:00,0.5452165315376782,0.5969829219999999,0.5683701295080871
2024-11-22 02:30:00+00:00,0.8408939159016121,0.8938577280000001,0.8482525490775853
2024-11-22 03:30:00+00:00,1.7249706571423238,1.7671678,1.6802098088768005
2024-11-22 04:30:00+00:00,0.44573468657494536,0.46028780320000007,0.43683244788359954
2024-11-22 05:30:00+00:00,0.8432199558850286,0.8795037311999999,0.8338655275790893
2024-11-22 06:30:00+00:00,2.307801456329298,2.3939914000000004,2.2753461492027287
2024-11-22 07:30:00+00:00,2.801407989396608,3.065508096,2.885819776436134
2024-11-22 08:30:00+00:00,2.909449995471328,3.075,2.8690969914197924
2024-11-22 09:30:00+00:00,2.8583125411719843,3.075,2.85201610326767
2024-11-22 10:30:00+00:00,2.8040333061590146,3.074624552,2.839300348031952
2024-11-22 11:30:00+00:00,2.6605174316093776,3.075,2.828402888774872
2024-11-22 12:30:00+00:00,2.8379875200264477,3.075,2.8276092380285265
2024-11-22 13:30:00+00:00,2.729206004288137,3.074140276,2.825981090948082
2024-11-22 14:30:00+00:00,2.7800262947750194,2.9808,2.7495920331954955
2024-11-22 15:30:00+00:00,1.6945058930720853,1.8636034000000004,1.7276860642513279
2024-11-22 16:30:00+00:00,1.4623057743305203,1.536453388,1.4307477914934044
2024-11-22 17:30:00+00:00,1.7746901656971357,1.9160668000000003,1.8137167587297442
2024-11-22 18:30:00+00:00,2.568602278031726,2.68278076,2.5449827934005356
2024-11-22 19:30:00+00:00,2.526757364303232,2.711830472,2.5734041532353134
2024-11-22 20:30:00+00:00,1.6335704398643383,1.7492380000000003,1.6544747359399798
2024-11-22 21:30:00+00:00,1.6598140153111414,1.7705223999999995,1.677899508931541
2024-11-22 22:30:00+00:00,0.8969553225126515,0.952749214,0.9009021249179974
2024-11-22 23:30:00+00:00,0.7282211685352828,0.758923392,0.7209060817978783
2024-11-23 00:30:00+00:00,0.9237244875016112,0.987405764,0.9369610604508534
2024-11-23 01:30:00+00:00,0.8361698153140372,0.8514691584,0.8074243992754826
2024-11-23 02:30:00+00:00,0.06620889611034741,0.07365299880000002,0.07100556257607586
2024-11-23 03:30:00+00:00,0.0,0.0,0.0
2024-11-23 04:30:00+00:00,0.0,0.0,0.0
2024-11-23 05:30:00+00:00,0.0,0.0,0.0
2024-11-23 06:30:00+00:00,0.0,0.0,0.0
2024-11-23 07:30:00+00:00,0.0,0.0,0.0
2024-11-23 08:30:00+00:00,0.15113721833520996,0.1624811384,0.15151961325780716
2024-11-23 09:30:00+00:00,0.8118876717591026,0.86507136,0.80097134036623
2024-11-23 10:30:00+00:00,2.293456617428606,2.4199786000000008,2.2442161552654274
2024-11-23 11:30:00+00:00,2.7457635237492655,2.9760166800000003,2.742866972682648
2024-11-23 12:30:00+00:00,1.8308017262433702,2.005286404,1.8469433570963898
2024-11-23 13:30:00+00:00,2.62721439684362,2.851749,2.623203647183418
2024-11-23 14:30:00+00:00,2.7590149077351813,3.055490158,2.8149399677896576
2024-11-23 15:30:00+00:00,2.8459719703994697,3.075,2.8614324897527696
2024-11-23 16:30:00+00:00,2.777616649658178,3.075,2.870538663864136
2024-11-23 17:30:00+00:00,2.75552586114107,3.075,2.898980376124382
2024-11-23 18:30:00+00:00,2.9294161849486384,3.075,2.9205203324556352
2024-11-23 19:30:00+00:00,2.989822820490472,3.075,2.9174898833036425
2024-11-23 20:30:00+00:00,1.0790219494627693,1.1091096703999999,1.0499607366615298
2024-11-23 21:30:00+00:00,0.16607745184659733,0.17463768800000004,0.166227891717351
2024-11-23 22:30:00+00:00,0.03996818444872888,0.04279442,0.029757704201920032
2024-11-23 23:30:00+00:00,0.04311079095776351,0.04504964,0.04200444731315911
2024-11-24 00:30:00+00:00,0.0,0.0,0.0
2024-11-24 01:30:00+00:00,0.1354989660202053,0.14108612000000004,0.13308250422578577
2024-11-24 02:30:00+00:00,0.21767824223014473,0.22761478000000004,0.21605915859952454
2024-11-24 03:30:00+00:00,0.33683681300154117,0.355381366,0.33601642599743936
2024-11-24 04:30:00+00:00,0.0,0.0,0.0
2024-11-24 05:30:00+00:00,0.0,0.0,0.0
2024-11-24 06:30:00+00:00,0.2110124740848658,0.21213401699999992,0.20090341134558146
2024-11-24 07:30:00+00:00,0.8634236622786066,0.9297620296,0.878000685524797
2024-11-24 08:30:00+00:00,2.456366820516794,2.6640669040000002,2.4887268326794665
2024-11-24 09:30:00+00:00,2.8614220072789474,3.075,2.8532201170921327
2024-11-24 10:30:00+00:00,2.8620950934101734,3.075,2.836661395430565
2024-11-24 11:30:00+00:00,2.794928269320395,3.075,2.829064589738846
2024-11-24 12:30:00+00:00,2.8209035269213643,3.075,2.835999754071236
2024-11-24 13:30:00+00:00,2.8462198119740343,3.075,2.8371860653162004
2024-11-24 14:30:00+00:00,2.7078087528060406,3.075,2.839575868844986
2024-11-24 15:30:00+00:00,2.8245990383133397,3.075,2.8563283354043962
2024-11-24 16:30:00+00:00,2.906439844161616,3.073554048,2.8711482823473435
2024-11-24 17:30:00+00:00,2.7090263746801644,2.92139604,2.75488377419857
2024-11-24 18:30:00+00:00,1.8034840290336656,1.9160668000000003,1.819526304246712
2024-11-24 19:30:00+00:00,0.9499523809550562,1.008016574,0.9547337580369701
2024-11-24 20:30:00+00:00,0.40151454671599784,0.43052434479999996,0.40760787880230404
2024-11-24 21:30:00+00:00,0.3677743656187972,0.38331761979999995,0.3631852811718271
2024-11-24 22:30:00+00:00,0.746175849264804,0.7898325888,0.7515475345335472
2024-11-24 23:30:00+00:00,0.9057979180495035,0.9367763976,0.8867580982289959
2024-11-25 00:30:00+00:00,2.1708068962556415,2.324456799999999,2.2106593141715996
2024-11-25 01:30:00+00:00,2.7180633332192987,2.8621674000000006,2.7227176843856817
2024-11-25 02:30:00+00:00,2.9711415533360066,3.075,2.912137967348099
2024-11-25 03:30:00+00:00,2.9242863979326184,3.075,2.9104564011096956
2024-11-25 04:30:00+00:00,2.11742244805176,2.239927792,2.125404783534233
2024-11-25 05:30:00+00:00,2.865736134475097,3.075,2.9159521877765657
2024-11-25 06:30:00+00:00,2.84617775356131,3.075,2.915396896004677
2024-11-25 07:30:00+00:00,2.8399498802460257,3.075,2.8861884593963625
2024-11-25 08:30:00+00:00,2.8419859735492317,3.075,2.8706633269786836
2024-11-25 09:30:00+00:00,2.810521608115997,3.075,2.8526152938604357
2024-11-25 10:30:00+00:00,2.857567727752749,3.075,2.8389757543802263
2024-11-25 11:30:00+00:00,2.8992742157601206,3.075,2.8274250447750093
2024-11-25 12:30:00+00:00,2.4954792335359306,2.673807096,2.4628151471569977
2024-11-25 13:30:00+00:00,2.3120814403120624,2.5129816000000003,2.3160565857425692
2024-11-25 14:30:00+00:00,1.2054792968593098,1.298892672,1.199749435124466
2024-11-25 15:30:00+00:00,0.27723583083128533,0.29692529799999995,0.275043495992444
2024-11-25 16:30:00+00:00,0.0,0.0,0.0
2024-11-25 17:30:00+00:00,0.21240934998895059,0.23027928299999992,0.21651413697547475
2024-11-25 18:30:00+00:00,0.06220804647416799,0.065873948,0.06193949615545678
2024-11-25 19:30:00+00:00,0.0,0.0,0.0
2024-11-25 20:30:00+00:00,0.39535165315059817,0.4057824387999999,0.38483989423539516
2024-11-25 21:30:00+00:00,0.766958231435425,0.8046855552,0.7625413982075645
2024-11-25 22:30:00+00:00,0.49815738957674033,0.5027414334,0.4758186877698549
2024-11-25 23:30:00+00:00,0.0,0.0,0.0
2024-11-26 00:30:00+00:00,0.512972954183915,0.5410779948000001,0.513155196851878
2024-11-26 01:30:00+00:00,2.7596154558409998,3.017292204,2.8651116962208785
2024-11-26 02:30:00+00:00,2.8389271302747408,3.075,2.93464073240757
2024-11-26 03:30:00+00:00,2.8873801136303827,3.075,2.909477558732033
2024-11-26 04:30:00+00:00,1.4802045567629027,1.5418643060000001,1.4614525663526117
2024-11-26 05:30:00+00:00,0.2795314787762555,0.2919660700000001,0.27426555244988926
2024-11-26 06:30:00+00:00,1.2075018272358384,1.3141699678,1.250982040792325
2024-11-26 07:30:00+00:00,1.8701181048782411,2.005286404,1.8964589322669068
2024-11-26 08:30:00+00:00,2.4852961092226815,2.585423208,2.4134438551681594
2024-11-26 09:30:00+00:00,2.7824256610062488,2.9744211600000003,2.760685475247536
2024-11-26 10:30:00+00:00,2.7419502641531306,3.0609060699999997,2.825589897757835
2024-11-26 11:30:00+00:00,2.7636308549344006,3.074201064,2.828239472398628
2024-11-26 12:30:00+00:00,1.7827962416878522,1.9551447999999996,1.8043448252008434
2024-11-26 13:30:00+00:00,1.6734307307196965,1.8723832000000002,1.723664559791756
2024-11-26 14:30:00+00:00,2.02941817409416,2.1387649960000004,1.9759808815199817
2024-11-26 15:30:00+00:00,2.8652309292684746,3.046011248,2.8256066379621965
2024-11-26 16:30:00+00:00,2.8813852470134504,3.074544156,2.879829326674324
2024-11-26 17:30:00+00:00,2.9282234635182003,3.075,2.8966957449913027
2024-11-26 18:30:00+00:00,2.8751430404231106,3.075,2.9170781791210176
2024-11-26 19:30:00+00:00,2.8704062674554445,3.073307344,2.9136947926684797
2024-11-26 20:30:00+00:00,2.8703051993509034,3.05407329,2.8960430035686873
2024-11-26 21:30:00+00:00,2.635164798326576,2.7155422799999998,2.5802868836338804
2024-11-26 22:30:00+00:00,1.4934638993405278,1.6329009099999996,1.5516028194824787
2024-11-26 23:30:00+00:00,2.816054439998477,2.98557756,2.8447047089858626
2024-11-27 00:30:00+00:00,3.00128379003563,3.056745773,2.8978727662985304
2024-11-27 01:30:00+00:00,2.965476355601464,3.0443992,2.88613167218132
2024-11-27 02:30:00+00:00,1.913526586826264,1.9825487680000002,1.8818624413770373
2024-11-27 03:30:00+00:00,0.5537226612255463,0.6038714324000001,0.5748955973299861
2024-11-27 04:30:00+00:00,0.12536774401558246,0.12958438919999998,0.12250358184942406
2024-11-27 05:30:00+00:00,0.09142731957231119,0.09413858000000001,0.08875814322193147
2024-11-27 06:30:00+00:00,0.27557736316185916,0.29692526,0.2819160709754324
2024-11-27 07:30:00+00:00,0.13152717016980633,0.14229406399999997,0.13348659484063527
2024-11-27 08:30:00+00:00,0.06968834692947792,0.07365299880000002,0.06878071024509318
2024-11-27 09:30:00+00:00,0.11486453032526206,0.12504,0.1178412788295746
2024-11-27 10:30:00+00:00,0.4670823337811383,0.5027414334,0.4662193951190361
2024-11-27 11:30:00+00:00,0.9114653077743113,1.003121384,0.9291954492680397
2024-11-27 12:30:00+00:00,0.09117427226920029,0.09844906799999997,0.09148299586532638
2024-11-27 13:30:00+00:00,1.3840408165605829,1.5201815770000002,1.4121351719826243
2024-11-27 14:30:00+00:00,2.8399213716636655,3.075,2.8360778212547304
2024-11-27 15:30:00+00:00,2.89231500739573,3.075,2.870983657240868
2024-11-27 16:30:00+00:00,2.81786238174915,3.075,2.880528894066811
2024-11-27 17:30:00+00:00,2.8930486269507854,3.075,2.8967706084251406
2024-11-27 18:30:00+00:00,2.860849028191288,3.075,2.923207786679268
2024-11-27 19:30:00+00:00,2.279830774320739,2.4259585,2.291638166399956
2024-11-27 20:30:00+00:00,1.7247211736952632,1.8139437999999997,1.7175249647772786
2024-11-27 21:30:00+00:00,2.754133958784444,2.97282492,2.8435257561816405
2024-11-27 22:30:00+00:00,2.723454888317711,2.8823745599999997,2.7382287881389233
2024-11-27 23:30:00+00:00,2.781778215443022,2.9573596799999997,2.808562376561813
2024-11-28 00:30:00+00:00,0.21309761698350727,0.22293232500000007,0.21106438923074014
2024-11-28 01:30:00+00:00,0.06157092096612271,0.06419183899999997,0.061090091051323625
2024-11-28 02:30:00+00:00,0.0,0.0,0.0
2024-11-28 03:30:00+00:00,0.27229990018427014,0.28134064300000006,0.2666463807040387
2024-11-28 04:30:00+00:00,0.0,0.0,0.0
2024-11-28 05:30:00+00:00,0.0623085443541405,0.065873948,0.062347541171685936
2024-11-28 06:30:00+00:00,0.10020836184387201,0.10325111679999999,0.09721330411999396
2024-11-28 07:30:00+00:00,0.22253427583723925,0.242826788,0.22924594978166865
2024-11-28 08:30:00+00:00,0.4441303476748343,0.49027994440000006,0.46055556253592916
2024-11-28 09:30:00+00:00,0.48977529716603496,0.5433499219999999,0.5047531168149203
2024-11-28 10:30:00+00:00,1.0100855693217794,1.0891446200000001,1.015280882714863
2024-11-28 11:30:00+00:00,2.81303217735243,3.066196256,2.821571417767006
2024-11-28 12:30:00+00:00,2.8498283136871967,3.075,2.837716367840767
2024-11-28 13:30:00+00:00,2.7864230497520146,3.075,2.8373731046915056
2024-11-28 14:30:00+00:00,2.8516691958233573,3.075,2.8369348764419557
2024-11-28 15:30:00+00:00,2.842425501695041,3.075,2.860055473446846
2024-11-28 16:30:00+00:00,2.8523068237202365,3.075,2.8757174581289293
2024-11-28 17:30:00+00:00,0.6513425992165974,0.6756511882,0.6402694985322983
2024-11-28 18:30:00+00:00,0.32047935124612786,0.33713311000000007,0.32006645431946285
2024-11-28 19:30:00+00:00,1.0499200807270057,1.1270685975999999,1.0723672246189284
2024-11-28 20:30:00+00:00,2.0293055878112085,2.3234434000000004,2.2058904862746243
2024-11-28 21:30:00+00:00,0.5779578740114132,0.586604712,0.558558757817256
2024-11-28 22:30:00+00:00,0.0,0.0,0.0
2024-11-28 23:30:00+00:00,1.6728778715606352,1.7391243999999997,1.6462345695299145
2024-11-29 00:30:00+00:00,2.9758605730362353,3.0528100940000003,2.8912749650489276
2024-11-29 01:30:00+00:00,2.792501770790124,3.066196256,2.904118411857086
2024-11-29 02:30:00+00:00,2.9107301429610364,3.061733577,2.8984949920047303
2024-11-29 03:30:00+00:00,2.7986047249513146,2.9359288800000005,2.790889321589356
2024-11-29 04:30:00+00:00,1.5365442981000907,1.6392597219999998,1.5536549127753942
2024-11-29 05:30:00+00:00,1.3561007907521123,1.4101846000000002,1.334238775615311
2024-11-29 06:30:00+00:00,2.488697855384402,2.6610664,2.526328506060982
2024-11-29 07:30:00+00:00,2.8955188018903386,3.036028988,2.8559380986653213
2024-11-29 08:30:00+00:00,2.7820383661492274,3.066732176,2.86743416672361
2024-11-29 09:30:00+00:00,2.844422214797027,3.071803456,2.849379187277466
2024-11-29 10:30:00+00:00,2.7558074036869327,3.075,2.8380767077207567
2024-11-29 11:30:00+00:00,2.7940438635342852,3.075,2.832287368178368
2024-11-29 12:30:00+00:00,2.97243558457588,3.075,2.832082432508469
2024-11-29 13:30:00+00:00,2.906668853246408,3.075,2.83073904812336
2024-11-29 14:30:00+00:00,2.7399890273691114,3.075,2.842967164516449
2024-11-29 15:30:00+00:00,2.875050121164498,3.075,2.8582816392183306
2024-11-29 16:30:00+00:00,2.983722036204546,3.075,2.8742983758449556
2024-11-29 17:30:00+00:00,2.927441646381081,3.075,2.894039598107338
2024-11-29 18:30:00+00:00,2.9418820946440802,3.074018486,2.9076223896512374
2024-11-29 19:30:00+00:00,2.823240209121303,3.05407329,2.8918721834516905
2024-11-29 20:30:00+00:00,2.971830099951879,3.075,2.914756339788437
2024-11-29 21:30:00+00:00,2.926284040269358,3.073554048,2.9180154294353944
2024-11-29 22:30:00+00:00,2.8531299919912088,3.075,2.920469728112221
2024-11-29 23:30:00+00:00,2.949448902545025,3.075,2.9128951251506807
2024-11-30 00:30:00+00:00,2.972711573090535,3.075,2.9149876058101656
2024-11-30 01:30:00+00:00,2.8977970201238943,3.075,2.9218842804431917
2024-11-30 02:30:00+00:00,2.872368934148154,3.075,2.926272150874138
2024-11-30 03:30:00+00:00,2.924802982977321,3.075,2.917576161026955
2024-11-30 04:30:00+00:00,2.8821951101439174,3.075,2.9165557593107225
2024-11-30 05:30:00+00:00,2.953556659128378,3.075,2.91421255171299
2024-11-30 06:30:00+00:00,3.0420661484648646,3.075,2.9148313373327257
2024-11-30 07:30:00+00:00,2.843181020009106,3.075,2.8885509341955187
2024-11-30 08:30:00+00:00,2.9367052954541144,3.075,2.879481625556946
2024-11-30 09:30:00+00:00,2.892889622981474,3.075,2.8494749784469606
2024-11-30 10:30:00+00:00,2.826901836457344,3.075,2.835335370898247
2024-11-30 11:30:00+00:00,2.772320501154187,3.075,2.8293450444936754
2024-11-30 12:30:00+00:00,2.7887390547917628,3.026113656,2.7890735684193193
2024-11-30 13:30:00+00:00,2.5886277112363962,2.7804120720000003,2.568674320039246
2024-11-30 14:30:00+00:00,2.5791201403644415,2.8840086,2.6620347039733887
2024-11-30 15:30:00+00:00,2.823416940756295,3.020128288,2.808321603267563
2024-11-30 16:30:00+00:00,2.88534544690511,3.069284192,2.8668572219949646
2024-11-30 17:30:00+00:00,2.994130325743011,3.075,2.895654183626175
2024-11-30 18:30:00+00:00,2.9140695408304746,3.075,2.9177236378192903
2024-11-30 19:30:00+00:00,2.8319365416985107,3.074744908,2.913898883248337
2024-11-30 20:30:00+00:00,2.9996173846712413,3.063744252,2.91006334630027
2024-11-30 21:30:00+00:00,2.964836287507071,3.075,2.917960685491562
2024-11-30 22:30:00+00:00,2.9235276782954336,3.075,2.912955787777901
2024-11-30 23:30:00+00:00,2.8880562646224863,3.075,2.9241700291633608
2024-12-01 00:30:00+00:00,2.902659851536837,3.075,2.909940493106842
2024-12-01 01:30:00+00:00,2.918812600904662,3.075,2.921346735954285
2024-12-01 02:30:00+00:00,2.961902515565136,3.075,2.9214104980230333
2024-12-01 03:30:00+00:00,2.837161374431644,3.075,2.918381687998772
2024-12-01 04:30:00+00:00,3.0494574922553874,3.073482216,2.9147068417066726
2024-12-01 05:30:00+00:00,2.838577250794148,3.061268324,2.9098976496282805
2024-12-01 06:30:00+00:00,2.7344646532066217,3.006559884,2.864008208561119
2024-12-01 07:30:00+00:00,2.7916039809860846,3.010091272,2.8340069770848006
2024-12-01 08:30:00+00:00,2.885592490414736,3.047720792,2.8376066109582823
2024-12-01 09:30:00+00:00,2.8382782064678818,3.075,2.85021450817585
2024-12-01 10:30:00+00:00,2.9127236537693624,3.075,2.829908457398415
2024-12-01 11:30:00+00:00,2.8909446144145536,3.075,2.825202000141144
2024-12-01 12:30:00+00:00,2.7809033388813043,3.0586226880000003,2.8161786049054034
2024-12-01 13:30:00+00:00,2.624602261145384,2.8861855199999997,2.655344896621246
2024-12-01 14:30:00+00:00,2.248374476305824,2.4527955999999995,2.260816251340484
2024-12-01 15:30:00+00:00,1.0946498149339188,1.1490392540000003,1.0725100789568942
2024-12-01 16:30:00+00:00,0.6545901997092873,0.7371559679999999,0.6893584780886821
2024-12-01 17:30:00+00:00,0.7273710878421233,0.78144,0.7367957634353638
2024-12-01 18:30:00+00:00,1.2737470410307619,1.33748,1.2650259051132202
2024-12-01 19:30:00+00:00,2.4409971915986293,2.573972016,2.442555874013153
2024-12-01 20:30:00+00:00,2.4208167827728237,2.5159264000000006,2.383827129179383
2024-12-01 21:30:00+00:00,2.4896082627994947,2.573972016,2.4424740368358764
2024-12-01 22:30:00+00:00,2.7613794034533554,3.066303568,2.9170015324298553
2024-12-01 23:30:00+00:00,2.9734189732668623,3.075,2.9030567526817324
2024-12-02 00:30:00+00:00,2.9619145458755756,3.075,2.9059189528226854
2024-12-02 01:30:00+00:00,2.941548229639091,3.075,2.9229631990194322
2024-12-02 02:30:00+00:00,2.9649873018278488,3.075,2.9266655117273332
2024-12-02 03:30:00+00:00,2.92052763756153,3.075,2.9166242301464083
2024-12-02 04:30:00+00:00,2.947492437295568,3.075,2.9172043025493624
2024-12-02 05:30:00+00:00,2.929099440676316,3.075,2.9239458709955217
2024-12-02 06:30:00+00:00,2.935240287026256,3.068924704,2.9096577403988877
2024-12-02 07:30:00+00:00,2.905542510224316,3.068543296,2.8904587288107835
2024-12-02 08:30:00+00:00,2.968385715999642,3.0735899279999996,2.8692140202212597
2024-12-02 09:30:00+00:00,2.8752002360697064,3.075,2.8439678966999056
2024-12-02 10:30:00+00:00,2.8489690317267735,3.075,2.8326519548892977
2024-12-02 11:30:00+00:00,2.848930673593299,3.075,2.8261394917964937
2024-12-02 12:30:00+00:00,2.84501727094152,3.075,2.8249778270721437
2024-12-02 13:30:00+00:00,2.775576440322923,3.075,2.8341510117053987
2024-12-02 14:30:00+00:00,2.8723927716762048,3.074544156,2.835328692600113
2024-12-02 15:30:00+00:00,2.7225185624032395,2.996586668,2.7926691646430664
2024-12-02 16:30:00+00:00,2.4350583701139983,2.7214757920000006,2.549796012112801
2024-12-02 17:30:00+00:00,2.6699110720559207,2.795036992,2.640898710058586
2024-12-02 18:30:00+00:00,2.8972156897801318,3.074018486,2.9189655558833465
2024-12-02 19:30:00+00:00,2.895767518888341,3.063795704,2.907819974772934
2024-12-02 20:30:00+00:00,2.916791735153052,3.073692296,2.915836010427948
2024-12-02 21:30:00+00:00,3.013577631367931,3.067756992,2.9107063526090546
2024-12-02 22:30:00+00:00,2.8662208295622293,3.074544156,2.917129660055023
2024-12-02 23:30:00+00:00,2.9443300895429108,3.075,2.9176802009344103
2024-12-03 00:30:00+00:00,2.849741193358013,3.075,2.9112246453762056
2024-12-03 01:30:00+00:00,2.9221942704734634,3.075,2.918876883387566
2024-12-03 02:30:00+00:00,2.7743134011454735,2.991826492,2.835428121137993
2024-12-03 03:30:00+00:00,1.8362438306543365,1.954,1.8565736153125763
2024-12-03 04:30:00+00:00,0.2629756713861971,0.28134051,0.26654378266305684
2024-12-03 05:30:00+00:00,0.609925200549148,0.6506043800000001,0.6163725458864022
2024-12-03 06:30:00+00:00,0.991001562110858,1.040135168,0.9888891396064929
2024-12-03 07:30:00+00:00,1.3219883616231698,1.3923330580000004,1.3142991264466366
2024-12-03 08:30:00+00:00,2.0224555880032833,2.1840609160000004,2.0370961275631108
2024-12-03 09:30:00+00:00,2.811934578554198,3.073753616,2.851085772896591
2024-12-03 10:30:00+00:00,2.841784654189334,3.075,2.846342769265175
2024-12-03 11:30:00+00:00,2.7842753453888527,3.075,2.832583811879158
2024-12-03 12:30:00+00:00,2.874413540488275,3.075,2.8269817352294924
2024-12-03 13:30:00+00:00,2.816462092079234,3.075,2.831755739450455
2024-12-03 14:30:00+00:00,2.770956417011326,3.075,2.8389304101467134
2024-12-03 15:30:00+00:00,2.840400168981925,3.075,2.860048469901085
2024-12-03 16:30:00+00:00,2.8819898881484147,3.075,2.877185446023941
2024-12-03 17:30:00+00:00,2.841484229326503,3.075,2.898864594101906
2024-12-03 18:30:00+00:00,2.82426234418724,3.075,2.914397355914116
2024-12-03 19:30:00+00:00,2.884584772291218,3.075,2.9160112112760546
2024-12-03 20:30:00+00:00,3.0184456247204055,3.075,2.919288840889931
2024-12-03 21:30:00+00:00,2.9685033763976336,3.075,2.917650502920151
2024-12-03 22:30:00+00:00,0.0,0.0,0.00043495712452568114
2024-12-03 23:30:00+00:00,0.0,0.0,0.0
2024-12-04 00:30:00+00:00,0.0,0.0,0.0
2024-12-04 01:30:00+00:00,0.0,0.0,0.0
2024-12-04 02:30:00+00:00,0.0,0.0,0.0
2024-12-04 03:30:00+00:00,2.8886515206864263,3.075,2.9188093066215517
2024-12-04 04:30:00+00:00,2.9569522336232326,3.0716156320000003,2.920976857962639
2024-12-04 05:30:00+00:00,2.8684514994032195,3.075,2.91977598965168
2024-12-04 06:30:00+00:00,2.865001471775079,3.075,2.917467859387398
2024-12-04 07:30:00+00:00,2.860402340727924,3.075,2.8973042488098146
2024-12-04 08:30:00+00:00,2.8601788408541924,3.075,2.8747585088014604
2024-12-04 09:30:00+00:00,2.628146941817412,3.075,2.855201703310013
2024-12-04 10:30:00+00:00,2.9280863416863565,3.075,2.8406103223562242
2024-12-04 11:30:00+00:00,2.8496038416510108,3.075,2.835831192135811
2024-12-04 12:30:00+00:00,2.8284717175883523,3.075,2.8325388550758364
2024-12-04 13:30:00+00:00,2.753871085280535,3.075,2.8306274235248567
2024-12-04 14:30:00+00:00,2.833181754375785,3.049158104,2.8121418582772293
2024-12-04 15:30:00+00:00,2.78530111759845,3.075,2.859827217459679
2024-12-04 16:30:00+00:00,2.909663733397273,3.075,2.8744271367788317
2024-12-04 17:30:00+00:00,0.0,0.0,0.0011827731505036354
2024-12-04 18:30:00+00:00,2.8667960392881553,3.075,2.9199772000312807
2024-12-04 19:30:00+00:00,2.9579364333573652,3.075,2.919174474477768
2024-12-04 20:30:00+00:00,2.872498737947921,3.075,2.9209711819887163
2024-12-04 21:30:00+00:00,2.8316226485789078,3.075,2.917973291873932
2024-12-04 22:30:00+00:00,2.9258444411117996,3.075,2.9168270945549013
2024-12-04 23:30:00+00:00,2.980263097466783,3.075,2.9208319008350374
2024-12-05 00:30:00+00:00,2.9386635050534475,3.075,2.922296342253685
2024-12-05 01:30:00+00:00,2.925100371921565,3.075,2.919730153679848
2024-12-05 02:30:00+00:00,2.8605446312101397,3.075,2.9186265587806703
2024-12-05 03:30:00+00:00,2.974762755293495,3.075,2.91342109143734
2024-12-05 04:30:00+00:00,1.0672423640795627,1.13947245,1.0861479592144012
2024-12-05 05:30:00+00:00,1.013837999000204,1.0805497519999998,1.0337140947908419
2024-12-05 06:30:00+00:00,1.372323279078167,1.4600152379999998,1.3826572082172277
2024-12-05 07:30:00+00:00,2.33630024029856,2.5462648,2.4075447048423766
2024-12-05 08:30:00+00:00,2.855313232834066,3.073012796,2.8704971044812164
2024-12-05 09:30:00+00:00,2.8887529828239105,3.075,2.8508159935474398
2024-12-05 10:30:00+00:00,2.839252555900618,3.070400848,2.8343272199320295
2024-12-05 11:30:00+00:00,2.7852818596216427,3.028764952,2.797398123916008
2024-12-05 12:30:00+00:00,2.142716375149192,2.3051625999999996,2.128091714103317
2024-12-05 13:30:00+00:00,2.9008494797017628,3.054441054,2.809851576222519
2024-12-05 14:30:00+00:00,2.774029339264174,3.0107627960000003,2.7697454990897143
2024-12-05 15:30:00+00:00,2.4216714370502217,2.6218814320000003,2.440426251951058
2024-12-05 16:30:00+00:00,2.3652627974080973,2.5276882,2.37861476314373
2024-12-05 17:30:00+00:00,2.6870327385217396,2.8550419200000006,2.6940014797982412
2024-12-05 18:30:00+00:00,0.8425103859271452,0.8704929023999999,0.8222556941230128
2024-12-05 19:30:00+00:00,0.0,0.0,4.586672002915293e-05
2024-12-05 20:30:00+00:00,0.34287219017511245,0.3589984444000001,0.340028953275847
2024-12-05 21:30:00+00:00,3.0033709382875062,3.075,2.9442690432071688
2024-12-05 22:30:00+00:00,2.898717923091516,3.075,2.924554240703583
2024-12-05 23:30:00+00:00,2.9335321636287617,3.01996148,2.872100029089432
2024-12-06 00:30:00+00:00,2.1870778383733604,2.300074,2.183993693529606
2024-12-06 01:30:00+00:00,0.3878826160636105,0.4057824387999999,0.3864941093924272
2024-12-06 02:30:00+00:00,0.0,0.0,0.0
2024-12-06 03:30:00+00:00,0.0,0.0,0.0009993119165301323
2024-12-06 04:30:00+00:00,0.0,0.0,0.0
2024-12-06 05:30:00+00:00,0.062318365952746146,0.06250055,0.059012916458773615
2024-12-06 06:30:00+00:00,0.0,0.0,0.0
2024-12-06 07:30:00+00:00,0.0,0.0,0.0
2024-12-06 08:30:00+00:00,0.0,0.0,0.0
2024-12-06 09:30:00+00:00,0.3846155128767914,0.4240132234,0.39166430746543734
2024-12-06 10:30:00+00:00,2.1933353466742838,2.3729170000000006,2.1985712980670935
2024-12-06 11:30:00+00:00,2.7577949435295217,3.074619528,2.83724119896138
2024-12-06 12:30:00+00:00,1.5241546036155607,1.6275941440000004,1.5056126051678127
2024-12-06 13:30:00+00:00,0.6530679712574015,0.713479837,0.6598769478198165
2024-12-06 14:30:00+00:00,0.11262551592133929,0.12402439039999998,0.1167387377178148
2024-12-06 15:30:00+00:00,0.09851311286055503,0.10325111679999999,0.09653329568250946
2024-12-06 16:30:00+00:00,0.5307477102432392,0.555414566,0.5195331062870179
2024-12-06 17:30:00+00:00,1.1836743615230716,1.2495937444000003,1.1779310501842257
2024-12-06 18:30:00+00:00,2.891907198732064,3.075,2.9240223586559297
2024-12-06 19:30:00+00:00,2.970063329386731,3.075,2.916854274272919
2024-12-06 20:30:00+00:00,2.851193709442944,3.075,2.9213996797800066
2024-12-06 21:30:00+00:00,2.8607934356671176,3.073012796,2.9181608080420456
2024-12-06 22:30:00+00:00,2.92510529431537,3.075,2.9206251174211504
2024-12-06 23:30:00+00:00,2.893789527098335,3.075,2.9186530083417894
2024-12-07 00:30:00+00:00,2.876343858909949,3.075,2.9019171714782717
2024-12-07 01:30:00+00:00,2.868847106290694,3.075,2.9038530856370928
2024-12-07 02:30:00+00:00,2.890382411236922,3.075,2.919280004501343
2024-12-07 03:30:00+00:00,2.957075803163154,3.075,2.927134019136429
2024-12-07 04:30:00+00:00,2.232731059504506,2.271464488,2.1589981601539496
2024-12-07 05:30:00+00:00,1.481314551213946,1.5645229059999994,1.4847062069719843
2024-12-07 06:30:00+00:00,1.624359193835078,1.7559694000000003,1.6672413222903255
2024-12-07 07:30:00+00:00,1.8702629746341908,2.042608792,1.9313098956276815
2024-12-07 08:30:00+00:00,1.6441492848836317,1.7705223999999995,1.6427440933965678
2024-12-07 09:30:00+00:00,1.9442457392263859,2.072967616,1.9264053079269563
2024-12-07 10:30:00+00:00,2.6210154718932466,2.89433952,2.680346730612297
2024-12-07 11:30:00+00:00,2.8996761661925463,3.075,2.826359298825264
2024-12-07 12:30:00+00:00,2.8669353667831796,3.075,2.827434238791466
2024-12-07 13:30:00+00:00,2.9201793387950277,3.075,2.8289654076099398
2024-12-07 14:30:00+00:00,2.779991511331119,3.075,2.84037723839283
2024-12-07 15:30:00+00:00,2.956651687530728,3.075,2.8624582260847093
2024-12-07 16:30:00+00:00,2.850013438873204,3.075,2.8769154816865923
2024-12-07 17:30:00+00:00,2.754331963795895,3.075,2.894989010691643
2024-12-07 18:30:00+00:00,2.896557529405197,3.075,2.9184838354587557
2024-12-07 19:30:00+00:00,2.9724141894457254,3.066303568,2.9018665124122314
2024-12-07 20:30:00+00:00,0.26358131279738306,0.27503308,0.26209113651843546
2024-12-07 21:30:00+00:00,0.17733237332883994,0.18091609359999997,0.17226790760924918
2024-12-07 22:30:00+00:00,0.4268887115664786,0.4410468672,0.4234963503264019
2024-12-07 23:30:00+00:00,0.5955261525051664,0.6175781349999999,0.5945878710014915
2024-12-08 00:30:00+00:00,2.4434302768698557,2.5276882,2.4043390772969246
2024-12-08 01:30:00+00:00,2.8013894122802605,2.9573596799999997,2.814309530916862
2024-12-08 02:30:00+00:00,2.4425872268257387,2.4289468,2.30222146905117
2024-12-08 03:30:00+00:00,1.3963781904454067,1.4323994460000002,1.3552421274079287
2024-12-08 04:30:00+00:00,0.10480375889851455,0.11166880720000001,0.10593969815115663
2024-12-08 05:30:00+00:00,0.19692525836929736,0.21687478299999993,0.2061023507993893
2024-12-08 06:30:00+00:00,0.8676983707736412,0.9217260264,0.8756984777888359
2024-12-08 07:30:00+00:00,2.2262416298419305,2.3214154000000002,2.195812946052933
2024-12-08 08:30:00+00:00,2.5071741018856577,2.7311012879999996,2.5536906705292584
2024-12-08 09:30:00+00:00,2.6684738997781263,2.94237072,2.727650023789139
2024-12-08 10:30:00+00:00,2.8823364272399314,3.069368688,2.830386234057701
2024-12-08 11:30:00+00:00,2.88503030017074,3.075,2.842271935939789
2024-12-08 12:30:00+00:00,2.7298172005338333,3.075,2.8349630355834963
2024-12-08 13:30:00+00:00,2.8985634600097767,3.075,2.8391641795635225
2024-12-08 14:30:00+00:00,0.0,0.0,0.0
2024-12-08 15:30:00+00:00,0.0,0.0,0.0
2024-12-08 16:30:00+00:00,0.0,0.0,0.0001528450520709157
2024-12-08 17:30:00+00:00,0.0,0.0,0.0004801511822734028
2024-12-08 18:30:00+00:00,0.0,0.0,0.00015296071069315076
2024-12-08 19:30:00+00:00,0.0,0.0,0.0
2024-12-08 20:30:00+00:00,2.8767221459981203,3.075,2.920851629972458
2024-12-08 21:30:00+00:00,0.0,0.0,0.0
2024-12-08 22:30:00+00:00,0.0,0.0,0.0
2024-12-08 23:30:00+00:00,0.0,0.0,0.0
2024-12-09 00:30:00+00:00,0.0,0.0,0.0006235093460418284
2024-12-09 01:30:00+00:00,0.0,0.0,0.0005213454132899642
2024-12-09 02:30:00+00:00,0.0,0.0,0.0
2024-12-09 03:30:00+00:00,0.0,0.0,0.0
2024-12-09 04:30:00+00:00,2.9598679514980275,3.075,2.9210982441902162
2024-12-09 05:30:00+00:00,2.7967378585984144,3.075,2.921810340881348
2024-12-09 06:30:00+00:00,2.8694065765011785,3.075,2.924902614951134
2024-12-09 07:30:00+00:00,2.859393323494725,3.075,2.897983980178833
2024-12-09 08:30:00+00:00,2.805404391043001,3.075,2.874403101205826
2024-12-09 09:30:00+00:00,2.935074790457205,3.075,2.8509296447038652
2024-12-09 10:30:00+00:00,2.8937973905323457,3.0691151039999998,2.831667529265312
2024-12-09 11:30:00+00:00,2.8073333269264906,3.054913432,2.8149620449522326
2024-12-09 12:30:00+00:00,2.6657636228952724,2.8561392000000003,2.6303254237453464
2024-12-09 13:30:00+00:00,1.2286330566145318,1.323307634,1.2232837533990708
2024-12-09 14:30:00+00:00,1.1012350821060304,1.2080206804000002,1.1120049215875727
2024-12-09 15:30:00+00:00,1.0705497890020204,1.1765388507999999,1.0945946831860167
2024-12-09 16:30:00+00:00,1.6333373367145858,1.7671678,1.6503082075026512
2024-12-09 17:30:00+00:00,1.6059228012936269,1.7469922000000002,1.6448293322155
2024-12-09 18:30:00+00:00,2.124520298262141,2.1176561559999993,2.0042337771023324
2024-12-09 19:30:00+00:00,2.307390449858607,2.5364946999999995,2.411007700249862
2024-12-09 20:30:00+00:00,2.793356040184308,2.991826492,2.855358558345215
2024-12-09 21:30:00+00:00,2.9431699610850974,3.075,2.928015869855881
2024-12-09 22:30:00+00:00,3.0120627936330036,3.075,2.9204644829034807
2024-12-09 23:30:00+00:00,2.932049820881101,3.075,2.928287681937218
2024-12-10 00:30:00+00:00,0.0,0.0,0.0
2024-12-10 01:30:00+00:00,0.0,0.0,0.0011819214560091496
2024-12-10 02:30:00+00:00,0.0,0.0,0.001253086025826633
2024-12-10 03:30:00+00:00,0.0,0.0,0.0013023146893829107
2024-12-10 04:30:00+00:00,3.0073667617293225,3.075,2.92371318936348
2024-12-10 05:30:00+00:00,2.9364815550557695,3.075,2.919903737306595
2024-12-10 06:30:00+00:00,2.859528687777837,3.075,2.9189459651708605
2024-12-10 07:30:00+00:00,2.8638032307346957,3.075,2.8906247138977053
2024-12-10 08:30:00+00:00,2.961421185869169,3.075,2.8748852729797365
2024-12-10 09:30:00+00:00,2.8883334772957054,3.075,2.847099018096924
2024-12-10 10:30:00+00:00,2.781088443972989,3.075,2.8380927711725237
2024-12-10 11:30:00+00:00,2.84024663369799,3.075,2.831694719195366
2024-12-10 12:30:00+00:00,2.8174811678565588,3.059038712,2.8193519397727127
2024-12-10 13:30:00+00:00,1.869395985911164,2.116543156,1.9484315336664735
2024-12-10 14:30:00+00:00,1.6822575498888228,1.7794587999999993,1.6408709377468103
2024-12-10 15:30:00+00:00,1.49718285574204,1.6519526930000004,1.5384889410282787
2024-12-10 16:30:00+00:00,2.567632623411662,2.7214757920000006,2.549825128981774
2024-12-10 17:30:00+00:00,2.230303544163549,2.3487376,2.230115296990967
2024-12-10 18:30:00+00:00,2.8972908253435876,3.061733577,2.908712733136513
2024-12-10 19:30:00+00:00,2.880583172715339,3.0525464500000004,2.9003401632120136
2024-12-10 20:30:00+00:00,2.883622436295376,3.075,2.917126548290253
2024-12-10 21:30:00+00:00,2.931025351953367,3.075,2.9140738219022753
2024-12-10 22:30:00+00:00,2.8796826260790205,3.075,2.9130256295204164
2024-12-10 23:30:00+00:00,2.912840464361583,3.075,2.9225227653980257
2024-12-11 00:30:00+00:00,2.955035090554926,3.075,2.9213756889104845
2024-12-11 01:30:00+00:00,2.997684731640277,3.075,2.922331002354622
2024-12-11 02:30:00+00:00,2.8822867796258453,3.075,2.9204955369234087
2024-12-11 03:30:00+00:00,2.902463041486769,3.075,2.9180399894714357
2024-12-11 04:30:00+00:00,2.5466408407512686,2.6437742079999995,2.514191981723602
2024-12-11 05:30:00+00:00,2.058697571234697,2.104285528,1.995582637425068
2024-12-11 06:30:00+00:00,1.588721353214195,1.6519526930000004,1.5730154903079685
2024-12-11 07:30:00+00:00,2.198136017516345,2.239927792,2.1163716623656197
2024-12-11 08:30:00+00:00,2.7974785639780473,3.0556996520000004,2.848794450922539
2024-12-11 09:30:00+00:00,2.8627948765143465,3.075,2.8513572931289675
2024-12-11 10:30:00+00:00,2.825160329340738,3.075,2.83643117249012
2024-12-11 11:30:00+00:00,2.8558848778629313,3.07377404,2.830304488794365
2024-12-11 12:30:00+00:00,0.6986782999022161,0.7898325888,0.7339549852095115
2024-12-11 13:30:00+00:00,0.3566293309372606,0.39319522779999994,0.3634586158078792
2024-12-11 14:30:00+00:00,0.15188402966742381,0.16306524400000003,0.15088230233971503
2024-12-11 15:30:00+00:00,2.876930319272441,3.0748399959999997,2.869051696558662
2024-12-11 16:30:00+00:00,2.9135610400355656,3.075,2.877420899271965
2024-12-11 17:30:00+00:00,2.906494024030338,3.075,2.8976740062236788
2024-12-11 18:30:00+00:00,0.0,0.0,0.0
2024-12-11 19:30:00+00:00,0.0,0.0,0.0003086279903072864
2024-12-11 20:30:00+00:00,0.0,0.0,0.0
2024-12-11 21:30:00+00:00,0.0,0.0,0.0
2024-12-11 22:30:00+00:00,0.0,0.0,0.0
2024-12-11 23:30:00+00:00,0.0,0.0,0.0008692998671904206
2024-12-12 00:30:00+00:00,0.0,0.0,0.0012025012401863933
2024-12-12 01:30:00+00:00,0.0,0.0,0.00027579214656725526
2024-12-12 02:30:00+00:00,0.0,0.0,0.00022437781444750726
2024-12-12 03:30:00+00:00,0.0,0.0,9.83250720310025e-06
2024-12-12 04:30:00+00:00,2.815996421101966,3.075,2.9257564514875414
2024-12-12 05:30:00+00:00,2.943181863528355,3.075,2.9209684401750566
2024-12-12 06:30:00+00:00,2.9731038434725807,3.075,2.9262504100799562
2024-12-12 07:30:00+00:00,2.9504680887088077,3.075,2.8975831091403963
2024-12-12 08:30:00+00:00,2.962853154425171,3.075,2.875690218806267
2024-12-12 09:30:00+00:00,2.931581564089603,3.075,2.8535485684871675
2024-12-12 10:30:00+00:00,2.899625696158527,3.075,2.8398529261350633
2024-12-12 11:30:00+00:00,2.9038716062483703,3.075,2.8318216770887377
2024-12-12 12:30:00+00:00,2.765936868432533,3.075,2.8309772431850435
2024-12-12 13:30:00+00:00,2.8595940448023365,3.075,2.8321596503257753
2024-12-12 14:30:00+00:00,2.9267458008877787,3.075,2.8402182430028917
2024-12-12 15:30:00+00:00,2.8799247801246888,3.075,2.8570450961589815
2024-12-12 16:30:00+00:00,0.0,0.0,0.0
2024-12-12 17:30:00+00:00,0.0,0.0,0.0
2024-12-12 18:30:00+00:00,0.0,0.0,0.0
2024-12-12 19:30:00+00:00,0.0,0.0,5.745713860960677e-05
2024-12-12 20:30:00+00:00,0.0,0.0,0.0
2024-12-12 21:30:00+00:00,0.0,0.0,0.0
2024-12-12 22:30:00+00:00,0.0,0.0,0.00017153813678305596
2024-12-12 23:30:00+00:00,0.0,0.0,0.0001543944817967713
2024-12-13 00:30:00+00:00,0.0,0.0,0.0
2024-12-13 01:30:00+00:00,0.0,0.0,0.0
2024-12-13 02:30:00+00:00,0.0,0.0,0.00014254763664212078
2024-12-13 03:30:00+00:00,0.0,0.0,0.0
2024-12-13 04:30:00+00:00,2.8754035789303836,3.075,2.9268530130386354
2024-12-13 05:30:00+00:00,2.9414253160795067,3.075,2.9322026491165163
2024-12-13 06:30:00+00:00,2.945211529381648,3.075,2.9249294817447664
2024-12-13 07:30:00+00:00,2.8201420407143174,3.075,2.889944237470627
2024-12-13 08:30:00+00:00,2.8639457840984877,3.075,2.8746471226215364
2024-12-13 09:30:00+00:00,2.7568587180422788,3.075,2.8522074639797212
2024-12-13 10:30:00+00:00,2.844524915861182,3.075,2.8364749372005464
2024-12-13 11:30:00+00:00,2.7481587064446225,3.075,2.8273103803396227
2024-12-13 12:30:00+00:00,2.849581521545998,3.075,2.829876434803009
2024-12-13 13:30:00+00:00,2.8742829246690222,3.075,2.826836821436882
2024-12-13 14:30:00+00:00,2.8144433309232855,3.075,2.8411142945289614
2024-12-13 15:30:00+00:00,2.848748187247219,3.075,2.864240688085556
2024-12-13 16:30:00+00:00,2.9573942051811444,3.075,2.8799094527959825
2024-12-13 17:30:00+00:00,2.8851307107726214,3.075,2.9027766406536104
2024-12-13 18:30:00+00:00,0.0,0.0,0.0
2024-12-13 19:30:00+00:00,0.0,0.0,0.0
2024-12-13 20:30:00+00:00,0.0,0.0,0.0
2024-12-13 21:30:00+00:00,0.0,0.0,0.0
2024-12-13 22:30:00+00:00,0.0,0.0,0.0
2024-12-13 23:30:00+00:00,0.0,0.0,0.0001543944817967713
2024-12-14 00:30:00+00:00,0.0,0.0,5.661996328854002e-05
2024-12-14 01:30:00+00:00,0.0,0.0,0.0
2024-12-14 02:30:00+00:00,2.843745173463368,3.075,2.9181475162506105
2024-12-14 03:30:00+00:00,2.948389853010834,3.075,2.926791396737099
2024-12-14 04:30:00+00:00,3.0166227237802,3.075,2.9231200933456423
2024-12-14 05:30:00+00:00,2.959845395530021,3.075,2.9218406796455385
2024-12-14 06:30:00+00:00,2.9309291465194494,3.075,2.9220344692468645
2024-12-14 07:30:00+00:00,3.0082111343991795,3.075,2.8898723244667055
2024-12-14 08:30:00+00:00,2.927362025789697,3.075,2.873153787851334
2024-12-14 09:30:00+00:00,2.793539395470201,3.075,2.8518837213516237
2024-12-14 10:30:00+00:00,2.8941815324293736,3.075,2.845126521587372
2024-12-14 11:30:00+00:00,2.885891031439913,3.075,2.8352347284555437
2024-12-14 12:30:00+00:00,2.79711819396329,3.075,2.829697322845459
2024-12-14 13:30:00+00:00,2.8654596043407325,3.075,2.8311698853969576
2024-12-14 14:30:00+00:00,2.8406200339339547,3.075,2.841582414507866
2024-12-14 15:30:00+00:00,2.831890150252981,3.075,2.8575412154197695
2024-12-14 16:30:00+00:00,2.9131630119324075,3.075,2.874062550067902
2024-12-14 17:30:00+00:00,2.84991177512155,3.075,2.906045761704445
2024-12-14 18:30:00+00:00,2.8787599392678107,3.075,2.927488845586777
2024-12-14 19:30:00+00:00,2.901253196563377,3.075,2.920786973834038
2024-12-14 20:30:00+00:00,2.8283054347567176,3.075,2.9217729389667513
2024-12-14 21:30:00+00:00,2.86717664400289,3.075,2.918569800257683
2024-12-14 22:30:00+00:00,2.9376250109886373,3.074619528,2.919492300693634
2024-12-14 23:30:00+00:00,2.8710466820666873,2.9744211600000003,2.831321658270989
2024-12-15 00:30:00+00:00,2.8991577510727584,3.061733577,2.913308459864952
2024-12-15 01:30:00+00:00,2.600436722977278,2.7333201600000003,2.5933023823186496
2024-12-15 02:30:00+00:00,2.8978500447081577,3.04659964,2.884549526918068
2024-12-15 03:30:00+00:00,2.9488529607590706,3.0679272799999997,2.908210301330833
2024-12-15 04:30:00+00:00,0.5311046755147889,0.5595409744,0.5310771879320901
2024-12-15 05:30:00+00:00,1.582304710435338,1.7222254000000001,1.634378509908104
2024-12-15 06:30:00+00:00,1.0445804002467782,1.1157377860000004,1.0591201385905613
2024-12-15 07:30:00+00:00,0.47232266588770566,0.5027414334,0.47523989127882804
2024-12-15 08:30:00+00:00,0.9068318187035813,0.9962556920000002,0.9320682249017641
2024-12-15 09:30:00+00:00,2.4574984024383824,2.6880081600000003,2.5007991200734714
2024-12-15 10:30:00+00:00,2.8614761378721463,3.075,2.8381481736898424
2024-12-15 11:30:00+00:00,2.8354086555559905,3.075,2.8408120393753054
2024-12-15 12:30:00+00:00,2.773600336633238,3.075,2.835735243558884
2024-12-15 13:30:00+00:00,2.8174227259173175,3.075,2.831673485040665
2024-12-15 14:30:00+00:00,2.815146106964059,3.075,2.8396787315607073
2024-12-15 15:30:00+00:00,2.9331081673689465,3.075,2.8615500301122667
2024-12-15 16:30:00+00:00,2.880644012786882,3.04659964,2.832460387098923
2024-12-15 17:30:00+00:00,2.90090646003538,3.075,2.8945991665124895
2024-12-15 18:30:00+00:00,2.8516510004143187,3.075,2.9179016172885897
2024-12-15 19:30:00+00:00,2.80496108655368,3.075,2.917495694756508
2024-12-15 20:30:00+00:00,2.9766302826197784,3.075,2.921228122711182
2024-12-15 21:30:00+00:00,2.9594433860293003,3.075,2.9174441367387773
2024-12-15 22:30:00+00:00,2.8937509962199424,3.075,2.916680943965912
2024-12-15 23:30:00+00:00,2.790447286121741,3.075,2.9186782956123354
2024-12-16 00:30:00+00:00,2.9825178103417596,3.075,2.9198165357112886
2024-12-16 01:30:00+00:00,3.041960598388481,3.075,2.9194272577762606
2024-12-16 02:30:00+00:00,2.9111572939065216,3.075,2.9212387919425966
2024-12-16 03:30:00+00:00,3.004214744226426,3.075,2.9182887196540834
2024-12-16 04:30:00+00:00,0.5135624844730505,0.5471295266000001,0.5212888008502691
2024-12-16 05:30:00+00:00,0.8360350179260767,0.8947523712000001,0.8510646401723969
2024-12-16 06:30:00+00:00,2.1002074959512598,2.2005457179999994,2.0910900505638765
2024-12-16 07:30:00+00:00,2.923522239208531,3.073420568,2.901103182326477
2024-12-16 08:30:00+00:00,2.918936978956936,3.075,2.877311569452286
2024-12-16 09:30:00+00:00,2.8520235173111717,3.075,2.8571540832519533
2024-12-16 10:30:00+00:00,2.922432971237103,3.075,2.8393473744392397
2024-12-16 11:30:00+00:00,2.8604713718371513,3.075,2.8351834982633592
2024-12-16 12:30:00+00:00,2.8739137904501018,3.075,2.8449935138225557
2024-12-16 13:30:00+00:00,2.815151904307733,3.075,2.832466033101082
2024-12-16 14:30:00+00:00,2.8199291958815667,3.075,2.841752511262894
2024-12-16 15:30:00+00:00,0.0,0.0,0.0
2024-12-16 16:30:00+00:00,0.0,0.0,5.083092401036993e-05
2024-12-16 17:30:00+00:00,0.0,0.0,0.0
2024-12-16 18:30:00+00:00,0.0,0.0,0.0
2024-12-16 19:30:00+00:00,0.0,0.0,0.0
2024-12-16 20:30:00+00:00,0.0,0.0,0.0
2024-12-16 21:30:00+00:00,0.0,0.0,0.0
2024-12-16 22:30:00+00:00,0.0,0.0,0.0003323933051433414
2024-12-16 23:30:00+00:00,0.0,0.0,0.0004035872989334166
2024-12-17 00:30:00+00:00,2.9980015449445685,3.075,2.9152339071035387
2024-12-17 01:30:00+00:00,0.0,0.0,0.0005625459016300738
2024-12-17 02:30:00+00:00,0.0,0.0,0.0003279702796135098
2024-12-17 03:30:00+00:00,2.9751847577759136,3.075,2.9158364802598955
2024-12-17 04:30:00+00:00,2.879291810460816,3.075,2.9151211351156237
2024-12-17 05:30:00+00:00,2.983325975256501,3.075,2.9197338044643404
2024-12-17 06:30:00+00:00,2.8719809608201796,3.075,2.919074621796608
2024-12-17 07:30:00+00:00,2.8473621805245672,3.075,2.895730045437813
2024-12-17 08:30:00+00:00,2.92910728161777,3.075,2.87400561273098
2024-12-17 09:30:00+00:00,2.8020274723609737,3.075,2.855675679445267
2024-12-17 10:30:00+00:00,2.9016859080433637,3.075,2.83866363465786
2024-12-17 11:30:00+00:00,2.9847043401125126,3.075,2.8306686997413637
2024-12-17 12:30:00+00:00,0.0,0.0,0.0
2024-12-17 13:30:00+00:00,0.0,0.0,0.0
2024-12-17 14:30:00+00:00,0.0,0.0,0.0
2024-12-17 15:30:00+00:00,0.0,0.0,0.0
2024-12-17 16:30:00+00:00,0.0,0.0,0.0
2024-12-17 17:30:00+00:00,0.0,0.0,0.0
2024-12-17 18:30:00+00:00,0.0,0.0,0.0005620166775770485
2024-12-17 19:30:00+00:00,0.0,0.0,0.00027238368056714535
2024-12-17 20:30:00+00:00,0.0,0.0,0.00027238368056714535
2024-12-17 21:30:00+00:00,2.9330288405468443,3.075,2.9233051508665087
2024-12-17 22:30:00+00:00,2.981534209336552,3.075,2.9254092544317247
2024-12-17 23:30:00+00:00,2.936972809886624,3.075,2.921931874752045
2024-12-18 00:30:00+00:00,2.8692520911551855,3.075,2.923105147480965
2024-12-18 01:30:00+00:00,2.89143852619284,3.075,2.920516383647919
2024-12-18 02:30:00+00:00,2.857269348073779,3.075,2.9195481061935427
2024-12-18 03:30:00+00:00,2.8075732529652924,3.075,2.918104109168053
2024-12-18 04:30:00+00:00,2.8101932284426057,3.075,2.916887176036835
2024-12-18 05:30:00+00:00,2.9706159371703866,3.075,2.9167055606842043
2024-12-18 06:30:00+00:00,2.8737147845529627,3.073446268,2.9150838793891602
2024-12-18 07:30:00+00:00,3.0049249340271835,3.075,2.9003516107797624
2024-12-18 08:30:00+00:00,2.8079795740158175,3.075,2.878739815950394
2024-12-18 09:30:00+00:00,2.9512413021773836,3.075,2.8528840810060503
2024-12-18 10:30:00+00:00,2.9362985683585987,3.075,2.840622138977051
2024-12-18 11:30:00+00:00,2.8438048334286274,3.075,2.8362076699733736
2024-12-18 12:30:00+00:00,2.7717325056072553,3.075,2.839793857932091
2024-12-18 13:30:00+00:00,2.8898948642860804,3.075,2.836875778436661
2024-12-18 14:30:00+00:00,2.873911275451909,3.075,2.8417507976293566
2024-12-18 15:30:00+00:00,2.907367489096548,3.075,2.8600090116262438
2024-12-18 16:30:00+00:00,0.0,0.0,0.0
2024-12-18 17:30:00+00:00,0.0,0.0,0.0
2024-12-18 18:30:00+00:00,0.0,0.0,0.0
2024-12-18 19:30:00+00:00,0.0,0.0,0.0
2024-12-18 20:30:00+00:00,0.0,0.0,0.0001473682641517371
2024-12-18 21:30:00+00:00,0.0,0.0,0.00023570592748001218
2024-12-18 22:30:00+00:00,2.9694160064817017,3.075,2.9252559363842012
2024-12-18 23:30:00+00:00,2.9761929440400263,3.075,2.9249853610992433
2024-12-19 00:30:00+00:00,2.946225750348041,3.075,2.919010561704636
2024-12-19 01:30:00+00:00,2.8609601523935035,3.075,2.921488639712334
2024-12-19 02:30:00+00:00,3.0805994632325615,3.075,2.9196049094200136
2024-12-19 03:30:00+00:00,2.8407139011917546,3.075,2.91674919128418
2024-12-19 04:30:00+00:00,0.8851263058953026,0.9247421000000001,0.8785066243108274
2024-12-19 05:30:00+00:00,1.217711571097981,1.2495937444000003,1.184504339817023
2024-12-19 06:30:00+00:00,2.622394199161005,2.76868122,2.6270508833577346
2024-12-19 07:30:00+00:00,2.8800750076692023,3.075,2.88847730755806
2024-12-19 08:30:00+00:00,2.8215678014645826,3.075,2.8749219298362734
2024-12-19 09:30:00+00:00,2.7854998271529063,3.075,2.8555106937885286
2024-12-19 10:30:00+00:00,2.820085856488014,3.075,2.842823085188866
2024-12-19 11:30:00+00:00,2.8010366365203336,3.075,2.8360048949718477
2024-12-19 12:30:00+00:00,2.8250457072613506,3.075,2.8353303343057634
2024-12-19 13:30:00+00:00,2.791242800098863,3.075,2.8335989087820055
2024-12-19 14:30:00+00:00,0.0,0.0,0.0
2024-12-19 15:30:00+00:00,0.0,0.0,0.0
2024-12-19 16:30:00+00:00,0.0,0.0,0.0
2024-12-19 17:30:00+00:00,0.0,0.0,0.0
2024-12-19 18:30:00+00:00,0.0,0.0,0.0
2024-12-19 19:30:00+00:00,0.0,0.0,0.0
2024-12-19 20:30:00+00:00,0.0,0.0,0.0
2024-12-19 21:30:00+00:00,0.0,0.0,0.000947407039348036
2024-12-19 22:30:00+00:00,0.0,0.0,0.000947407039348036
2024-12-19 23:30:00+00:00,0.0,0.0,0.0009302632533945143
2024-12-20 00:30:00+00:00,0.0,0.0,0.0006235093460418284
2024-12-20 01:30:00+00:00,0.0,0.0,0.0005625459016300738
2024-12-20 02:30:00+00:00,0.0,0.0,0.0005625459016300738
2024-12-20 03:30:00+00:00,0.0,0.0,0.0
2024-12-20 04:30:00+00:00,2.918708085286097,3.075,2.9184041142463686
2024-12-20 05:30:00+00:00,2.9855820528421297,3.075,2.921744164824486
2024-12-20 06:30:00+00:00,2.9836622014138405,3.075,2.9209415435791017
2024-12-20 07:30:00+00:00,2.8870791439862296,3.075,2.9013636976480486
2024-12-20 08:30:00+00:00,2.903735117568823,3.075,2.8762235909700395
2024-12-20 09:30:00+00:00,2.8425438380056316,3.075,2.8510845720767977
2024-12-20 10:30:00+00:00,2.8184226078656773,3.075,2.8400538831949236
2024-12-20 11:30:00+00:00,2.8598952005028626,3.075,2.837354210019112
2024-12-20 12:30:00+00:00,0.0,0.0,0.0
2024-12-20 13:30:00+00:00,0.0,0.0,0.0
2024-12-20 14:30:00+00:00,0.0,0.0,0.0
2024-12-20 15:30:00+00:00,0.0,0.0,0.0
2024-12-20 16:30:00+00:00,0.0,0.0,0.0
2024-12-20 17:30:00+00:00,0.0,0.0,0.0
2024-12-20 18:30:00+00:00,0.0,0.0,0.0
2024-12-20 19:30:00+00:00,0.0,0.0,0.0
2024-12-20 20:30:00+00:00,0.0,0.0,0.0
2024-12-20 21:30:00+00:00,0.0,0.0,0.0
2024-12-20 22:30:00+00:00,0.0,0.0,0.000947407039348036
2024-12-20 23:30:00+00:00,0.0,0.0,0.0
2024-12-21 00:30:00+00:00,0.0,0.0,0.000912868301384151
2024-12-21 01:30:00+00:00,0.0,0.0,0.00027579214656725526
2024-12-21 02:30:00+00:00,0.0,0.0,0.0009627891122363508
2024-12-21 03:30:00+00:00,3.0502467874256594,3.075,2.92047358751297
2024-12-21 04:30:00+00:00,2.394302697393542,2.4289468,2.3097145775621413
2024-12-21 05:30:00+00:00,2.7614593418514293,2.91221802,2.7639767086882783
2024-12-21 06:30:00+00:00,2.991659143538906,3.046011248,2.9008528975323182
2024-12-21 07:30:00+00:00,2.8212528489641486,3.072947504,2.896599190310768
2024-12-21 08:30:00+00:00,3.0103877054546566,3.075,2.876950111985207
2024-12-21 09:30:00+00:00,2.902260973043125,3.075,2.8557426154613497
2024-12-21 10:30:00+00:00,2.828575297862906,3.075,2.8399491876363756
2024-12-21 11:30:00+00:00,2.7415234830043533,3.075,2.8300929039716722
2024-12-21 12:30:00+00:00,2.8292599313725284,3.075,2.838011917471886
2024-12-21 13:30:00+00:00,2.812680686288558,3.075,2.8365264654159548
2024-12-21 14:30:00+00:00,2.8304440551192176,3.075,2.8395194530487062
2024-12-21 15:30:00+00:00,0.0,0.0,0.0
2024-12-21 16:30:00+00:00,0.0,0.0,0.0
2024-12-21 17:30:00+00:00,0.0,0.0,0.0
2024-12-21 18:30:00+00:00,2.8746627998031165,3.075,2.918696266412735
2024-12-21 19:30:00+00:00,2.854240737373537,3.075,2.9199922651052477
2024-12-21 20:30:00+00:00,3.054911281658084,3.075,2.9220791429281237
2024-12-21 21:30:00+00:00,3.0148057053104864,3.075,2.9214401811361315
2024-12-21 22:30:00+00:00,2.879636409044765,3.075,2.922529783844948
2024-12-21 23:30:00+00:00,2.8004849262947977,3.075,2.9211674302816393
2024-12-22 00:30:00+00:00,2.901249011723822,3.075,2.9254921644926073
2024-12-22 01:30:00+00:00,2.937103601033975,3.075,2.924193885922432
2024-12-22 02:30:00+00:00,2.860649939789244,3.075,2.921806034445763
2024-12-22 03:30:00+00:00,2.839981066516265,3.075,2.918344271183014
2024-12-22 04:30:00+00:00,2.878889320640226,3.0739981600000004,2.919787503118668
2024-12-22 05:30:00+00:00,2.901542921875935,3.051965924,2.900596814250206
2024-12-22 06:30:00+00:00,2.8887005391325054,3.0439082880000004,2.8782863218764194
2024-12-22 07:30:00+00:00,2.814068155080772,3.00335666,2.8275460845147706
2024-12-22 08:30:00+00:00,2.793080450155056,3.0744082,2.8644355203849794
2024-12-22 09:30:00+00:00,2.8301417061573986,3.075,2.8455661654472353
2024-12-22 10:30:00+00:00,2.8146757679969365,3.075,2.8341314762830736
2024-12-22 11:30:00+00:00,2.773360905129041,3.075,2.8306272447109224
2024-12-22 12:30:00+00:00,2.832042164308943,3.075,2.834533852338791
2024-12-22 13:30:00+00:00,2.8162944884150085,3.075,2.8352032572031023
2024-12-22 14:30:00+00:00,2.72053163741068,3.075,2.8374744772911074
2024-12-22 15:30:00+00:00,0.0,0.0,0.0
2024-12-22 16:30:00+00:00,0.0,0.0,0.0
2024-12-22 17:30:00+00:00,0.0,0.0,0.0
2024-12-22 18:30:00+00:00,0.0,0.0,0.0
2024-12-22 19:30:00+00:00,2.8981537099140806,3.075,2.9196487933397295
2024-12-22 20:30:00+00:00,3.039137477191596,3.075,2.9198241502046587
2024-12-22 21:30:00+00:00,2.8619520291967464,3.075,2.919085618853569
2024-12-22 22:30:00+00:00,2.9877943603711845,3.075,2.9174977213144304
2024-12-22 23:30:00+00:00,2.8935654204946486,3.075,2.9228977233171465
2024-12-23 00:30:00+00:00,2.9134237921464745,3.075,2.921660748124123
2024-12-23 01:30:00+00:00,3.0955085804266433,3.075,2.921057653427124
2024-12-23 02:30:00+00:00,3.066824227468859,3.075,2.9213669270277025
2024-12-23 03:30:00+00:00,2.990227983904083,3.075,2.9179021239280702
2024-12-23 04:30:00+00:00,2.848807875936522,3.075,2.9209376245737078
2024-12-23 05:30:00+00:00,3.0364912261800057,3.075,2.9212505340576174
2024-12-23 06:30:00+00:00,2.852867916635325,3.075,2.9166498452425005
2024-12-23 07:30:00+00:00,3.0059959676000156,3.075,2.894955885410309
2024-12-23 08:30:00+00:00,3.0095544594478496,3.075,2.8761375665664675
2024-12-23 09:30:00+00:00,2.837773772860499,3.075,2.8572205126285555
2024-12-23 10:30:00+00:00,2.843495018203615,3.075,2.8416572481393816
2024-12-23 11:30:00+00:00,2.940364214101166,3.075,2.8336923688650133
2024-12-23 12:30:00+00:00,2.9029238054485154,3.075,2.837752428650856
2024-12-23 13:30:00+00:00,2.8133832712609115,3.075,2.8341443061828615
2024-12-23 14:30:00+00:00,0.0,0.0,0.0
2024-12-23 15:30:00+00:00,0.0,0.0,0.0
2024-12-23 16:30:00+00:00,0.0,0.0,0.0
2024-12-23 17:30:00+00:00,0.0,0.0,0.0
2024-12-23 18:30:00+00:00,2.9917695045272272,3.075,2.9180703282356264
2024-12-23 19:30:00+00:00,2.8851132238654613,3.075,2.9195067554712297
2024-12-23 20:30:00+00:00,0.0,0.0,0.00047065169201232493
2024-12-23 21:30:00+00:00,0.0,0.0,0.0004207309684716165
2024-12-23 22:30:00+00:00,0.0,0.0,0.0008365228422917426
2024-12-23 23:30:00+00:00,0.0,0.0,0.0008193792309612036
2024-12-24 00:30:00+00:00,0.0,0.0,0.0005625459016300738
2024-12-24 01:30:00+00:00,0.0,0.0,0.0003279702796135098
2024-12-24 02:30:00+00:00,0.0,0.0,0.0007885170052759349
2024-12-24 03:30:00+00:00,2.967154370028334,3.075,2.918769729137421
2024-12-24 04:30:00+00:00,2.943613675523966,3.075,2.9217787951231005
2024-12-24 05:30:00+00:00,2.8161354301416046,3.075,2.9239692211151125
2024-12-24 06:30:00+00:00,2.975668535846164,3.075,2.9209711819887163
2024-12-24 07:30:00+00:00,2.8887496007346356,3.075,2.900270012021065
2024-12-24 08:30:00+00:00,2.887831605373382,3.075,2.87400561273098
2024-12-24 09:30:00+00:00,2.835258246007626,3.075,2.8526249498128893
2024-12-24 10:30:00+00:00,2.7549866407699177,3.075,2.837972488999367
2024-12-24 11:30:00+00:00,2.8685278750084238,3.075,2.833723244071007
2024-12-24 12:30:00+00:00,0.0,0.0,0.0
2024-12-24 13:30:00+00:00,0.0,0.0,0.0
2024-12-24 14:30:00+00:00,0.0,0.0,0.0
2024-12-24 15:30:00+00:00,0.0,0.0,0.0
2024-12-24 16:30:00+00:00,0.0,0.0,0.00022273034846875817
2024-12-24 17:30:00+00:00,0.0,0.0,0.000283693807432428
2024-12-24 18:30:00+00:00,0.0,0.0,0.0007062377990223467
2024-12-24 19:30:00+00:00,0.0,0.0,0.0
2024-12-24 20:30:00+00:00,0.0,0.0,0.0
2024-12-24 21:30:00+00:00,0.0,0.0,0.000800291367340833
2024-12-24 22:30:00+00:00,0.0,0.0,0.000800291367340833
2024-12-24 23:30:00+00:00,0.0,0.0,0.0010177233489230275
2024-12-25 00:30:00+00:00,0.0,0.0,0.0005017631920054555
2024-12-25 01:30:00+00:00,0.0,0.0,0.0009369404288008809
2024-12-25 02:30:00+00:00,0.0,0.0,0.0005516840028576553
2024-12-25 03:30:00+00:00,0.0,0.0,0.005345762707293034
2024-12-25 04:30:00+00:00,2.911483063491425,3.075,2.9210815250873567
2024-12-25 05:30:00+00:00,2.8046954155508335,3.075,2.92909651696682
2024-12-25 06:30:00+00:00,2.895453444269548,3.075,2.9212203592062
2024-12-25 07:30:00+00:00,2.8068271780150527,3.075,2.894934755563736
2024-12-25 08:30:00+00:00,2.8857641892202563,3.075,2.874128368496895
2024-12-25 09:30:00+00:00,3.0153385782830204,3.075,2.8542672067880632
2024-12-25 10:30:00+00:00,2.795148860608469,3.075,2.8388116329908373
2024-12-25 11:30:00+00:00,2.711279154314713,3.075,2.8300903111696245
2024-12-25 12:30:00+00:00,0.0,0.0,0.0
2024-12-25 13:30:00+00:00,0.0,0.0,0.0
2024-12-25 14:30:00+00:00,0.0,0.0,0.0
2024-12-25 15:30:00+00:00,0.0,0.0,0.0
2024-12-25 16:30:00+00:00,0.0,0.0,0.0010176257928833365
2024-12-25 17:30:00+00:00,0.0,0.0,0.000283693807432428
2024-12-25 18:30:00+00:00,0.0,0.0,0.00043110185652039945
2024-12-25 19:30:00+00:00,0.0,0.0,0.0
2024-12-25 20:30:00+00:00,0.0,0.0,0.0012608381221070886
2024-12-25 21:30:00+00:00,0.0,0.0,0.0004983547260053456
2024-12-25 22:30:00+00:00,0.0,0.0,0.00020899569790344685
2024-12-25 23:30:00+00:00,0.0,0.0,0.00020899569790344685
2024-12-26 00:30:00+00:00,0.0,0.0,0.0008994012023322284
2024-12-26 01:30:00+00:00,0.0,0.0,0.0015834122896194458
2024-12-26 02:30:00+00:00,2.7960384996330174,3.075,2.916105565428734
2024-12-26 03:30:00+00:00,2.8625075165964713,3.075,2.920373645424843
2024-12-26 04:30:00+00:00,2.9437901081245967,3.075,2.9183686643838884
2024-12-26 05:30:00+00:00,3.004981137618035,3.075,2.9214504182338716
2024-12-26 06:30:00+00:00,2.8937096673356475,3.075,2.9130702286958696
2024-12-26 07:30:00+00:00,2.9063141966883874,3.075,2.8983596682548525
2024-12-26 08:30:00+00:00,2.834686577235097,3.075,2.87588771879673
2024-12-26 09:30:00+00:00,2.874434365759647,3.075,2.8563339680433275
2024-12-26 10:30:00+00:00,2.8976087182796006,3.075,2.838908609747887
2024-12-26 11:30:00+00:00,2.827674893060641,3.075,2.8314294040203096
2024-12-26 12:30:00+00:00,0.0,0.0,0.0008793996530584991
2024-12-26 13:30:00+00:00,0.0,0.0,0.0
2024-12-26 14:30:00+00:00,0.0,0.0,0.0
2024-12-26 15:30:00+00:00,0.0,0.0,0.0
2024-12-26 16:30:00+00:00,0.0,0.0,0.00022273034846875817
2024-12-26 17:30:00+00:00,0.0,0.0,0.00022273034846875817
2024-12-26 18:30:00+00:00,0.0,0.0,0.0
2024-12-26 19:30:00+00:00,0.0,0.0,2.8609349101316184e-05
2024-12-26 20:30:00+00:00,0.0,0.0,0.0
2024-12-26 21:30:00+00:00,0.0,0.0,0.0
2024-12-26 22:30:00+00:00,0.0,0.0,0.0
2024-12-26 23:30:00+00:00,0.0,0.0,0.0
2024-12-27 00:30:00+00:00,0.0,0.0,0.0
2024-12-27 01:30:00+00:00,0.0,0.0,0.0
2024-12-27 02:30:00+00:00,0.0,0.0,0.0002531588834244758
2024-12-27 03:30:00+00:00,0.0,0.0,0.0007437646272592247
2024-12-27 04:30:00+00:00,2.978431383953434,3.075,2.909895119071007
2024-12-27 05:30:00+00:00,2.9179083197679363,3.075,2.921385657787323
2024-12-27 06:30:00+00:00,2.91163984921881,3.075,2.9145444303750994
2024-12-27 07:30:00+00:00,2.9178473191304786,3.075,2.8965434551239015
2024-12-27 08:30:00+00:00,2.841485288424848,3.075,2.8777403950691225
2024-12-27 09:30:00+00:00,2.82060870742963,3.075,2.8563267558813097
2024-12-27 10:30:00+00:00,2.8862605743495777,3.075,2.839772102236748
2024-12-27 11:30:00+00:00,2.7968075913941863,3.075,2.8325369477272035
2024-12-27 12:30:00+00:00,0.0,0.0,0.0
2024-12-27 13:30:00+00:00,0.0,0.0,0.0
2024-12-27 14:30:00+00:00,0.0,0.0,0.0
2024-12-27 15:30:00+00:00,0.0,0.0,0.000531620578840375
2024-12-27 16:30:00+00:00,0.0,0.0,0.0010176257928833365
2024-12-27 17:30:00+00:00,0.0,0.0,0.00023945858993101865
2024-12-27 18:30:00+00:00,0.0,0.0,0.0009429278434254229
2024-12-27 19:30:00+00:00,0.0,0.0,0.00014803239901084453
2024-12-27 20:30:00+00:00,0.0,0.0,0.00014803239901084453
2024-12-27 21:30:00+00:00,0.0,0.0,0.0011234572157263756
2024-12-27 22:30:00+00:00,0.0,0.0,0.0017024492844939232
2024-12-27 23:30:00+00:00,0.0,0.0,0.0014128161128610373
2024-12-28 00:30:00+00:00,0.0,0.0,0.0016443757340312004
2024-12-28 01:30:00+00:00,2.9301701706816385,3.075,2.916659262776375
2024-12-28 02:30:00+00:00,2.967699297543494,3.075,2.9241977751255037
2024-12-28 03:30:00+00:00,2.951137077995468,3.075,2.9284529358148577
2024-12-28 04:30:00+00:00,2.65730686204616,2.753978184,2.6204300732765047
2024-12-28 05:30:00+00:00,2.836541540953601,3.075,2.9275445312261583
2024-12-28 06:30:00+00:00,2.851684155403021,3.075,2.915416416525841
2024-12-28 07:30:00+00:00,2.873398014177035,3.075,2.8970499455928804
2024-12-28 08:30:00+00:00,3.020930842264374,3.075,2.8742903590202333
2024-12-28 09:30:00+00:00,2.765134034896589,3.075,2.860478308796883
2024-12-28 10:30:00+00:00,2.8648145614759266,3.075,2.835362446308136
2024-12-28 11:30:00+00:00,2.8703903171908536,3.075,2.8336464136838915
2024-12-28 12:30:00+00:00,2.84948071534932,3.075,2.8374734044075014
2024-12-28 13:30:00+00:00,2.8293454235523114,3.074624552,2.8381139622811813
2024-12-28 14:30:00+00:00,2.814888894551077,3.075,2.838916611671448
2024-12-28 15:30:00+00:00,2.789125268386237,3.075,2.85573026239872
2024-12-28 16:30:00+00:00,2.8426341916829925,3.075,2.877733272314072
2024-12-28 17:30:00+00:00,0.0,0.0,0.0
2024-12-28 18:30:00+00:00,0.0,0.0,0.005894254893064499
2024-12-28 19:30:00+00:00,0.0,0.0,0.006323093082755804
2024-12-28 20:30:00+00:00,0.0,0.0,5.745713860960677e-05
2024-12-28 21:30:00+00:00,0.0,0.0,5.745713860960677e-05
2024-12-28 22:30:00+00:00,0.0,0.0,5.745713860960677e-05
2024-12-28 23:30:00+00:00,0.0,0.0,5.745713860960677e-05
2024-12-29 00:30:00+00:00,0.0,0.0,9.262685489375144e-05
2024-12-29 01:30:00+00:00,0.0,0.0,9.262685489375144e-05
2024-12-29 02:30:00+00:00,0.0,0.0,0.00014254763664212078
2024-12-29 03:30:00+00:00,0.0,0.0,0.0
2024-12-29 04:30:00+00:00,2.889502951878787,3.075,2.9243996262550356
2024-12-29 05:30:00+00:00,2.8245958937216016,3.075,2.9266649007797243
2024-12-29 06:30:00+00:00,2.8587909163878265,3.075,2.914707911014557
2024-12-29 07:30:00+00:00,3.012879007962499,3.075,2.8901797503232958
2024-12-29 08:30:00+00:00,2.881042540202299,3.075,2.874075081944466
2024-12-29 09:30:00+00:00,2.80583509447945,3.075,2.8545233428478243
2024-12-29 10:30:00+00:00,2.9321184324606464,3.075,2.846133616566658
2024-12-29 11:30:00+00:00,2.732585567643336,3.075,2.8332612186670305
2024-12-29 12:30:00+00:00,2.939792940848998,3.075,2.837301713228226
2024-12-29 13:30:00+00:00,2.794946130304706,3.075,2.834333834052086
2024-12-29 14:30:00+00:00,2.8629158806281403,3.075,2.8386914104223253
2024-12-29 15:30:00+00:00,2.842596210287402,3.075,2.8546026021242143
2024-12-29 16:30:00+00:00,2.8698458337002877,3.075,2.8731705963611605
2024-12-29 17:30:00+00:00,2.9512077933272165,3.075,2.8989079266786577
2024-12-29 18:30:00+00:00,2.8882991245578973,3.075,2.919440445303917
2024-12-29 19:30:00+00:00,2.935192432425353,3.075,2.9216363698244097
2024-12-29 20:30:00+00:00,0.0,0.0,0.00020571424101945013
2024-12-29 21:30:00+00:00,0.0,0.0,5.745713860960677e-05
2024-12-29 22:30:00+00:00,0.0,0.0,5.745713860960677e-05
2024-12-29 23:30:00+00:00,0.0,0.0,7.536335033364594e-06
2024-12-30 00:30:00+00:00,0.0,0.0,0.0
2024-12-30 01:30:00+00:00,0.0,0.0,9.262685489375144e-05
2024-12-30 02:30:00+00:00,2.9030883040458844,3.075,2.916021478176117
2024-12-30 03:30:00+00:00,2.7993029999331487,3.075,2.928135704994202
2024-12-30 04:30:00+00:00,2.1887337430294505,2.2959999999999994,2.197155479252338
2024-12-30 05:30:00+00:00,1.8972798227711025,2.008688368,1.9119389132632905
2024-12-30 06:30:00+00:00,1.6212111153083981,1.6984738000000001,1.6144349612558366
2024-12-30 07:30:00+00:00,1.7433081958360304,1.8504064000000002,1.754591523741627
2024-12-30 08:30:00+00:00,2.002555281729203,2.1675287319999996,2.0225301666837994
2024-12-30 09:30:00+00:00,2.434262297640798,2.7155418080000002,2.52614809392968
2024-12-30 10:30:00+00:00,2.7516894973000428,3.073142196,2.836159194767853
2024-12-30 11:30:00+00:00,2.7841093682361486,3.075,2.836162579059601
2024-12-30 12:30:00+00:00,2.88926490796399,3.069284208,2.8264637364748078
2024-12-30 13:30:00+00:00,1.8120717799036175,1.9518387999999995,1.805062198327827
2024-12-30 14:30:00+00:00,0.6586121937590852,0.7219013759999999,0.6686092617123851
2024-12-30 15:30:00+00:00,0.7836876469285916,0.8295580415999999,0.7721655487096419
2024-12-30 16:30:00+00:00,1.4784186353026985,1.58063932,1.4743962907632064
2024-12-30 17:30:00+00:00,2.479741129238807,2.640760252,2.4872585327636263
2024-12-30 18:30:00+00:00,2.7961848725075673,3.0606472140000003,2.904456833545937
2024-12-30 19:30:00+00:00,2.8995659656423673,3.042106808,2.889369071298035
2024-12-30 20:30:00+00:00,2.3633648505683333,2.4079984,2.2815145870718
2024-12-30 21:30:00+00:00,2.4898025073004577,2.6640669040000002,2.530811690500931
2024-12-30 22:30:00+00:00,2.8279502744293143,3.043744612,2.887021783254158
2024-12-30 23:30:00+00:00,2.7579346228012067,3.0493706,2.8885505926757813
2024-12-31 00:30:00+00:00,2.464719532588645,2.5706194000000004,2.440738792871857
2024-12-31 01:30:00+00:00,2.220256755567304,2.271463852,2.1583736125347635
2024-12-31 02:30:00+00:00,1.95998505322001,2.0785720480000003,1.9830738586698993
2024-12-31 03:30:00+00:00,1.4455519563031707,1.5386184199999997,1.4560637667130658
2024-12-31 04:30:00+00:00,0.12841450240389476,0.13683943760000003,0.12816045835964215
2024-12-31 05:30:00+00:00,0.04827949103452309,0.05039248099999998,0.047703796033584815
2024-12-31 06:30:00+00:00,0.18354868991404572,0.1949669888,0.1847526507209051
2024-12-31 07:30:00+00:00,0.3169397992047053,0.33713325040000003,0.31858352684932273
2024-12-31 08:30:00+00:00,1.4508151472513584,1.5332036239999995,1.436977624704288
2024-12-31 09:30:00+00:00,2.923478902935448,3.075,2.8609152108430864
2024-12-31 10:30:00+00:00,2.8612301384492342,3.074969832,2.8384503462879485
2024-12-31 11:30:00+00:00,2.8362951948874584,3.075,2.835379120707512
2024-12-31 12:30:00+00:00,2.770595060675065,3.057163526,2.8159672363414536
2024-12-31 13:30:00+00:00,2.8340804153468047,3.075,2.837333706021309
2024-12-31 14:30:00+00:00,2.872850136350594,3.075,2.8368873715400698
2024-12-31 15:30:00+00:00,2.8230046347620528,3.075,2.8559103280305864
2024-12-31 16:30:00+00:00,2.8795870495976432,3.075,2.8795486807823183
2024-12-31 17:30:00+00:00,2.9401096767471833,3.075,2.9008700221776964
